date,time,skeleton_status,audio_status,skeleton_files,skeleton_bytes,audio_files,audio_bytes,raw_video,raw_audio,devices_missing
2026-08-17,16-49-28,ok,partial,4,1565893,22,14611711,0,0,pi:rpi5-12:MIC1
2026-08-17,17-17-43,ok,partial,6,4888513,42,187571,1,1,
2026-08-17,17-18-36,ok,partial,6,877914550,44,40526770,1,1,
2026-08-17,18-58-16,ok,failed,4,111737,0,0,0,0,pi:rpi5-11:MIC1;pi:rpi5-11:MIC2;pi:rpi5-12:MIC1;pi:rpi5-12:MIC2;pi:rpi5-13:MIC1;pi:rpi5-13:MIC2;pi:rpi5-14:MIC1;pi:rpi5-14:MIC2;pi:rpi5-15:MIC1;pi:rpi5-15:MIC2;pi:rpi5-16:MIC1;pi:rpi5-16:MIC2
2026-08-17,19-00-33,ok,ok,4,142103,24,1548405,0,0,
2026-08-18,10-44-11,ok,partial,4,218045,8,9043117,0,0,pi:rpi5-11:MIC1;pi:rpi5-11:MIC2;pi:rpi5-12:MIC1;pi:rpi5-12:MIC2;pi:rpi5-13:MIC1;pi:rpi5-13:MIC2;pi:rpi5-16:MIC1;pi:rpi5-16:MIC2
2026-08-18,11-00-36,ok,partial,4,1541845,14,13801013,0,0,pi:rpi5-12:MIC1;pi:rpi5-13:MIC1;pi:rpi5-13:MIC2;pi:rpi5-16:MIC1;pi:rpi5-16:MIC2
2026-08-18,11-10-21,ok,ok,4,987785,24,18242661,0,0,
2026-08-18,11-34-42,ok,ok,4,1986703,24,17924517,0,0,
2026-08-18,11-41-38,ok,partial,4,1995658,22,16060672,0,0,pi:rpi5-15:MIC2
2026-08-18,11-55-02,ok,partial,4,1151548,22,16657108,0,0,pi:rpi5-15:MIC2
2026-08-18,12-08-05,ok,partial,4,792630,20,17279355,0,0,pi:rpi5-11:MIC2;pi:rpi5-15:MIC2
2026-08-18,12-17-41,ok,partial,4,2524784,20,16260970,0,0,pi:rpi5-14:MIC2;pi:rpi5-15:MIC2
2026-08-18,12-24-21,ok,partial,4,2602246,22,19005255,0,0,pi:rpi5-15:MIC2
2026-08-18,12-31-10,ok,partial,4,2016593,20,15995429,0,0,pi:rpi5-12:MIC1;pi:rpi5-15:MIC2
2026-08-18,12-46-14,ok,partial,4,2608147,22,22855750,0,0,pi:rpi5-15:MIC2
2026-08-18,12-54-06,ok,partial,4,2293338,20,18038889,0,0,pi:rpi5-15:MIC2;pi:rpi5-16:MIC1
2026-08-18,13-00-40,ok,partial,4,3661382,22,17255812,0,0,pi:rpi5-15:MIC2
2026-08-18,13-13-55,ok,partial,4,1954864,22,17348635,0,0,pi:rpi5-15:MIC2
2026-08-18,13-25-31,ok,partial,4,1560516,22,21802985,0,0,pi:rpi5-15:MIC2
2026-08-18,13-33-46,ok,partial,4,1858001,22,16297431,0,0,pi:rpi5-15:MIC2
2026-08-18,13-46-07,ok,partial,4,2349516,22,17982772,0,0,pi:rpi5-15:MIC2
2026-08-18,14-19-53,ok,partial,4,2740333,22,18106908,0,0,pi:rpi5-15:MIC2
2026-08-18,14-27-00,ok,partial,4,3231232,20,15120407,0,0,pi:rpi5-11:MIC1;pi:rpi5-15:MIC2
2026-08-18,14-33-17,ok,partial,4,2596169,22,18910287,0,0,pi:rpi5-15:MIC2
2026-08-18,14-39-49,ok,partial,4,3901468,22,17770397,0,0,pi:rpi5-15:MIC2
2026-08-18,14-45-59,ok,partial,4,2961373,22,19578736,0,0,pi:rpi5-15:MIC2
2026-08-18,14-52-58,ok,partial,4,2520686,22,18444121,0,0,pi:rpi5-15:MIC2
2026-08-18,14-59-22,ok,partial,4,2628363,20,16256475,0,0,pi:rpi5-14:MIC2;pi:rpi5-15:MIC2
2026-08-18,15-05-38,ok,partial,4,2939979,22,17389215,0,0,pi:rpi5-15:MIC2
2026-08-18,15-11-54,ok,partial,4,2031133,22,17408202,0,0,pi:rpi5-15:MIC2
2026-08-18,15-18-21,ok,partial,4,3160591,20,16054579,0,0,pi:rpi5-11:MIC2;pi:rpi5-15:MIC2
2026-08-18,15-29-20,ok,partial,4,2342609,22,16067625,0,0,pi:rpi5-15:MIC2
2026-08-18,15-35-27,ok,partial,4,2349744,22,17678520,0,0,pi:rpi5-15:MIC2
2026-08-18,15-41-37,ok,partial,4,4358765,20,18059576,0,0,pi:rpi5-13:MIC2;pi:rpi5-15:MIC2
2026-08-18,15-50-05,ok,partial,4,2545295,22,17129644,0,0,pi:rpi5-15:MIC2
2026-08-18,15-56-32,ok,partial,4,2747125,22,18595818,0,0,pi:rpi5-15:MIC2
2026-08-18,16-03-03,ok,partial,4,2123581,22,18096915,0,0,pi:rpi5-15:MIC2
2026-08-18,16-09-48,ok,partial,4,2692259,22,17501548,0,0,pi:rpi5-15:MIC2
2026-08-18,16-16-06,ok,partial,4,2328365,22,20603304,0,0,pi:rpi5-15:MIC2
2026-08-18,16-23-32,ok,partial,4,2780178,20,19578801,0,0,pi:rpi5-14:MIC2;pi:rpi5-15:MIC2
2026-08-18,16-31-04,ok,partial,4,1850794,18,17001013,0,0,pi:rpi5-11:MIC1;pi:rpi5-12:MIC1;pi:rpi5-15:MIC2
2026-08-18,16-38-37,ok,partial,4,6906675,22,23729963,0,0,pi:rpi5-15:MIC2
2026-08-18,16-47-14,ok,partial,4,3566025,22,22662962,0,0,pi:rpi5-15:MIC2
2026-08-18,16-55-11,ok,partial,4,3210150,22,19413839,0,0,pi:rpi5-15:MIC2
2026-08-18,17-02-31,ok,partial,4,1553653,18,15265626,0,0,pi:rpi5-11:MIC2;pi:rpi5-15:MIC1;pi:rpi5-15:MIC2
2026-08-18,17-12-53,ok,partial,4,1664115,22,16934224,0,0,pi:rpi5-15:MIC2
2026-08-18,17-27-56,ok,partial,4,1809379,20,15391329,0,0,pi:rpi5-15:MIC2;pi:rpi5-16:MIC1
2026-08-18,17-46-12,ok,partial,4,2561479,18,15505826,0,0,pi:rpi5-13:MIC1;pi:rpi5-15:MIC2;pi:rpi5-16:MIC1
2026-08-18,17-55-37,ok,partial,4,3152495,16,14294287,0,0,pi:rpi5-13:MIC1;pi:rpi5-15:MIC1;pi:rpi5-15:MIC2;pi:rpi5-16:MIC1
2026-08-18,18-01-56,ok,partial,4,2301814,16,13677982,0,0,pi:rpi5-12:MIC2;pi:rpi5-13:MIC1;pi:rpi5-15:MIC2;pi:rpi5-16:MIC1
2026-08-18,18-08-07,ok,partial,4,1858275,18,14819580,0,0,pi:rpi5-13:MIC1;pi:rpi5-15:MIC2;pi:rpi5-16:MIC1
2026-08-18,18-14-16,ok,partial,4,1956248,16,12569300,0,0,pi:rpi5-11:MIC1;pi:rpi5-13:MIC1;pi:rpi5-15:MIC2;pi:rpi5-16:MIC1
2026-08-18,18-26-17,ok,partial,4,2928917,18,14702032,0,0,pi:rpi5-13:MIC1;pi:rpi5-15:MIC2;pi:rpi5-16:MIC1
2026-08-18,18-33-07,ok,partial,4,1199432,16,13898332,0,0,pi:rpi5-13:MIC1;pi:rpi5-15:MIC1;pi:rpi5-15:MIC2;pi:rpi5-16:MIC1
2026-08-18,18-39-51,ok,partial,4,2882595,18,15600541,0,0,pi:rpi5-13:MIC1;pi:rpi5-15:MIC2;pi:rpi5-16:MIC1
2026-08-19,09-03-50,ok,partial,4,6739,2,1725,0,0,pi:rpi5-11:MIC1;pi:rpi5-11:MIC2;pi:rpi5-12:MIC1;pi:rpi5-12:MIC2;pi:rpi5-13:MIC1;pi:rpi5-13:MIC2;pi:rpi5-14:MIC2;pi:rpi5-15:MIC1;pi:rpi5-15:MIC2;pi:rpi5-16:MIC1
2026-08-19,10-51-51,ok,ok,4,1912112,24,8795756,0,0,
2026-08-19,10-55-37,ok,partial,4,3335843,22,14810261,0,0,pi:rpi5-16:MIC2
2026-08-19,11-02-15,ok,partial,4,3997682,22,16856179,0,0,pi:rpi5-16:MIC1
2026-08-19,11-08-39,ok,ok,4,1056713,24,21871273,0,0,
2026-08-19,11-21-34,ok,ok,4,1786970,24,17781105,0,0,
2026-08-19,11-29-30,ok,ok,4,4138244,24,20343256,0,0,
2026-08-19,11-36-04,ok,ok,4,5398126,24,21895999,0,0,
2026-08-19,11-42-27,ok,ok,4,4208245,24,19430003,0,0,
2026-08-19,11-49-07,ok,ok,4,2055192,24,19087195,0,0,
2026-08-19,11-56-41,ok,ok,4,2341987,24,18982912,0,0,
2026-08-19,12-02-53,ok,ok,4,2128989,24,19394927,0,0,
2026-08-19,12-15-47,ok,ok,4,3201520,24,20382422,0,0,
2026-08-19,12-22-20,ok,ok,4,2547079,24,16811352,0,0,
2026-08-19,12-28-25,ok,partial,4,3804220,22,19784287,0,0,pi:rpi5-12:MIC2
2026-08-19,12-35-00,ok,ok,4,4036685,24,21885052,0,0,
2026-08-19,12-41-42,ok,partial,4,2416850,20,16166687,0,0,pi:rpi5-14:MIC2;pi:rpi5-16:MIC2
2026-08-19,12-48-09,ok,ok,4,3060562,24,19946698,0,0,
2026-08-19,12-54-26,ok,ok,4,2180224,24,16127841,0,0,
2026-08-19,13-00-27,ok,ok,4,2313224,24,18981860,0,0,
2026-08-19,13-08-05,ok,ok,4,3493547,24,26132146,0,0,
2026-08-19,13-18-16,ok,ok,4,3938525,24,33707317,0,0,
2026-08-19,13-30-26,ok,partial,4,1738548,22,19592036,0,0,pi:rpi5-15:MIC2
2026-08-19,13-40-50,ok,partial,4,3601653,22,20465647,0,0,pi:rpi5-14:MIC1
2026-08-19,13-48-28,ok,partial,4,5837637,20,22636146,0,0,pi:rpi5-11:MIC1;pi:rpi5-15:MIC1
2026-08-19,13-59-49,ok,ok,4,3091029,24,23091839,0,0,
2026-08-19,14-07-40,ok,partial,4,892863,22,15013783,0,0,pi:rpi5-12:MIC1
2026-08-19,14-29-31,ok,partial,4,2270202,20,16021242,0,0,pi:rpi5-12:MIC1;pi:rpi5-12:MIC2
2026-08-19,14-38-38,ok,partial,4,2762605,18,14106033,0,0,pi:rpi5-12:MIC1;pi:rpi5-12:MIC2;pi:rpi5-15:MIC1
2026-08-19,14-45-03,ok,partial,4,1901883,20,14195528,0,0,pi:rpi5-12:MIC1;pi:rpi5-12:MIC2
2026-08-19,14-52-57,ok,partial,4,1234757,20,15971306,0,0,pi:rpi5-12:MIC1;pi:rpi5-12:MIC2
2026-08-19,15-03-18,ok,partial,4,3057929,20,15805493,0,0,pi:rpi5-12:MIC1;pi:rpi5-12:MIC2
2026-08-19,15-09-43,ok,partial,4,1548426,20,14561238,0,0,pi:rpi5-12:MIC1;pi:rpi5-12:MIC2
2026-08-19,15-31-27,ok,partial,4,4202316,20,15587975,0,0,pi:rpi5-12:MIC1;pi:rpi5-12:MIC2
2026-08-19,15-37-31,ok,partial,4,2950307,16,12267779,0,0,pi:rpi5-11:MIC2;pi:rpi5-12:MIC1;pi:rpi5-12:MIC2;pi:rpi5-13:MIC1
2026-08-19,15-44-59,ok,partial,4,1376382,18,13880731,0,0,pi:rpi5-12:MIC1;pi:rpi5-12:MIC2;pi:rpi5-13:MIC1
2026-08-19,16-05-33,ok,partial,4,1050089,18,17282131,0,0,pi:rpi5-12:MIC1;pi:rpi5-12:MIC2;pi:rpi5-13:MIC1
2026-08-19,16-17-15,ok,partial,4,1666658,16,15495415,0,0,pi:rpi5-12:MIC1;pi:rpi5-12:MIC2;pi:rpi5-13:MIC1;pi:rpi5-15:MIC1
2026-08-19,16-25-53,ok,partial,4,3921706,18,18260488,0,0,pi:rpi5-12:MIC1;pi:rpi5-12:MIC2;pi:rpi5-13:MIC1
2026-08-19,16-33-29,ok,partial,4,5084381,16,14604538,0,0,pi:rpi5-12:MIC1;pi:rpi5-12:MIC2;pi:rpi5-13:MIC1;pi:rpi5-14:MIC1
2026-08-19,16-40-12,ok,partial,4,2676752,18,12839365,0,0,pi:rpi5-12:MIC1;pi:rpi5-12:MIC2;pi:rpi5-13:MIC1
2026-08-19,16-46-37,ok,partial,4,4113211,18,17327124,0,0,pi:rpi5-12:MIC1;pi:rpi5-12:MIC2;pi:rpi5-13:MIC1
2026-08-19,16-54-49,ok,partial,4,5181247,14,16384680,0,0,pi:rpi5-11:MIC2;pi:rpi5-12:MIC1;pi:rpi5-12:MIC2;pi:rpi5-13:MIC1;pi:rpi5-14:MIC1
2026-08-19,17-09-35,ok,partial,4,2003553,14,14248934,0,0,pi:rpi5-12:MIC1;pi:rpi5-12:MIC2;pi:rpi5-13:MIC1;pi:rpi5-14:MIC2;pi:rpi5-15:MIC2
2026-08-19,17-21-03,ok,partial,4,3892397,18,18584533,0,0,pi:rpi5-12:MIC1;pi:rpi5-12:MIC2;pi:rpi5-13:MIC1
2026-08-19,17-28-41,ok,partial,4,2949334,18,16823763,0,0,pi:rpi5-12:MIC1;pi:rpi5-12:MIC2;pi:rpi5-13:MIC1
2026-08-19,17-36-18,ok,partial,4,3853272,18,19083215,0,0,pi:rpi5-12:MIC1;pi:rpi5-12:MIC2;pi:rpi5-13:MIC1
2026-08-19,17-43-59,ok,partial,4,1883367,18,17259358,0,0,pi:rpi5-12:MIC1;pi:rpi5-12:MIC2;pi:rpi5-13:MIC1
2026-08-19,17-55-21,ok,partial,4,3259202,18,15747476,0,0,pi:rpi5-12:MIC1;pi:rpi5-12:MIC2;pi:rpi5-13:MIC1
2026-08-19,18-03-24,ok,partial,4,2431637,18,17174867,0,0,pi:rpi5-12:MIC1;pi:rpi5-12:MIC2;pi:rpi5-13:MIC1
2026-08-19,18-20-37,ok,partial,4,1751284,16,13592927,0,0,pi:rpi5-11:MIC2;pi:rpi5-12:MIC1;pi:rpi5-12:MIC2;pi:rpi5-13:MIC1
2026-08-19,18-28-10,ok,partial,4,4162916,18,18612964,0,0,pi:rpi5-12:MIC1;pi:rpi5-12:MIC2;pi:rpi5-13:MIC1
2026-08-19,18-36-14,ok,partial,4,4451518,16,15923816,0,0,pi:rpi5-11:MIC1;pi:rpi5-12:MIC1;pi:rpi5-12:MIC2;pi:rpi5-13:MIC1
2026-08-19,18-43-47,ok,partial,4,1044444,18,15742696,0,0,pi:rpi5-12:MIC1;pi:rpi5-12:MIC2;pi:rpi5-13:MIC1
2026-08-20,11-04-27,ok,partial,4,11515,20,508160,0,0,pi:rpi5-12:MIC1;pi:rpi5-12:MIC2
2026-08-20,11-26-13,ok,partial,4,2233036,20,18463871,0,0,pi:rpi5-12:MIC1;pi:rpi5-12:MIC2
2026-08-20,11-33-27,ok,ok,4,1230007,24,23360865,0,0,
2026-08-20,12-00-59,ok,ok,4,1852761,24,21215650,0,0,
2026-08-20,12-08-26,ok,ok,4,4729566,24,26451416,0,0,
2026-08-20,12-15-54,ok,partial,4,3020902,22,21165496,0,0,pi:rpi5-12:MIC1
2026-08-20,12-23-38,ok,partial,4,3720830,22,23547076,0,0,pi:rpi5-11:MIC2
2026-08-20,12-35-47,ok,partial,4,574475,22,20731656,0,0,pi:rpi5-16:MIC1
2026-08-20,12-43-08,ok,ok,4,3832870,24,25509308,0,0,
2026-08-20,12-51-53,ok,partial,4,3538285,20,19161171,0,0,pi:rpi5-11:MIC1;pi:rpi5-13:MIC1
2026-08-20,12-59-39,ok,ok,4,2100419,24,20287971,0,0,
2026-08-20,13-06-05,ok,ok,4,2651442,24,21826290,0,0,
2026-08-20,13-18-21,ok,ok,4,3966783,24,24979775,0,0,
2026-08-20,13-25-56,ok,ok,4,1696529,24,21348048,0,0,
2026-08-20,13-36-01,ok,ok,4,1317783,24,21172935,0,0,
2026-08-20,13-43-24,ok,ok,4,3267978,24,21740798,0,0,
2026-08-20,13-50-54,ok,ok,4,3653064,24,21163230,0,0,
2026-08-20,13-58-40,ok,ok,4,3939712,24,21727101,0,0,
2026-08-20,14-06-12,ok,ok,4,2965561,24,21856766,0,0,
2026-08-20,14-13-41,ok,ok,4,5419563,24,22727393,0,0,
2026-08-20,14-21-35,ok,ok,4,4172554,24,19355779,0,0,
2026-08-20,14-31-16,ok,partial,4,2568940,22,20253797,0,0,pi:rpi5-13:MIC2
2026-08-20,14-41-23,ok,partial,4,4087906,22,22137532,0,0,pi:rpi5-16:MIC2
2026-08-20,14-49-28,ok,ok,4,7937593,24,27762510,0,0,
2026-08-20,14-59-03,ok,partial,4,3783123,20,21631170,0,0,pi:rpi5-11:MIC2;pi:rpi5-12:MIC2
2026-08-20,15-06-47,ok,partial,4,5275856,22,23038570,0,0,pi:rpi5-16:MIC1
2026-08-20,15-15-09,ok,partial,4,2802038,22,19203442,0,0,pi:rpi5-16:MIC1
2026-08-20,15-22-41,ok,partial,4,2467137,22,20077864,0,0,pi:rpi5-16:MIC1
2026-08-20,15-30-01,ok,partial,4,6520770,22,24742684,0,0,pi:rpi5-16:MIC1
2026-08-20,15-37-40,ok,partial,4,4161993,18,21504359,0,0,pi:rpi5-11:MIC1;pi:rpi5-14:MIC1;pi:rpi5-16:MIC1
2026-08-20,15-46-18,ok,partial,4,4894768,22,22673245,0,0,pi:rpi5-16:MIC1
2026-08-20,15-53-49,ok,partial,4,2662689,22,18782299,0,0,pi:rpi5-16:MIC1
2026-08-20,16-00-44,ok,partial,4,4667557,22,25952759,0,0,pi:rpi5-16:MIC1
2026-08-20,16-09-35,ok,partial,4,2927062,22,17594751,0,0,pi:rpi5-16:MIC1
2026-08-20,16-16-29,ok,partial,4,2348453,22,17346617,0,0,pi:rpi5-16:MIC1
2026-08-20,16-26-50,ok,partial,4,3689791,20,19294862,0,0,pi:rpi5-11:MIC2;pi:rpi5-16:MIC1
2026-08-20,16-33-58,ok,partial,4,5085675,18,18520667,0,0,pi:rpi5-11:MIC1;pi:rpi5-11:MIC2;pi:rpi5-16:MIC1
2026-08-20,16-41-44,ok,partial,4,1956200,20,16824903,0,0,pi:rpi5-11:MIC2;pi:rpi5-16:MIC1
2026-08-20,16-48-08,ok,partial,4,3747234,16,13428590,0,0,pi:rpi5-11:MIC2;pi:rpi5-12:MIC1;pi:rpi5-13:MIC2;pi:rpi5-16:MIC1
2026-08-20,16-54-27,ok,partial,4,2210895,20,15587958,0,0,pi:rpi5-11:MIC2;pi:rpi5-16:MIC1
2026-08-20,17-11-38,ok,partial,4,2110648,20,16409359,0,0,pi:rpi5-11:MIC2;pi:rpi5-16:MIC1
2026-08-20,17-17-38,ok,partial,4,3302633,20,19678068,0,0,pi:rpi5-11:MIC2;pi:rpi5-16:MIC1
2026-08-20,17-25-35,ok,partial,4,3215363,20,18929063,0,0,pi:rpi5-11:MIC2;pi:rpi5-16:MIC1
2026-08-20,17-32-41,ok,partial,4,2291233,18,13729204,0,0,pi:rpi5-11:MIC2;pi:rpi5-16:MIC1;pi:rpi5-16:MIC2
2026-08-20,17-38-51,ok,partial,4,5014287,20,20905609,0,0,pi:rpi5-11:MIC2;pi:rpi5-16:MIC1
2026-08-20,17-46-26,ok,partial,4,3574388,20,17659755,0,0,pi:rpi5-11:MIC2;pi:rpi5-16:MIC1
2026-08-20,17-52-54,ok,partial,4,2640879,18,14612613,0,0,pi:rpi5-11:MIC2;pi:rpi5-15:MIC2;pi:rpi5-16:MIC1
2026-08-20,17-59-01,ok,partial,4,1741743,18,13964743,0,0,pi:rpi5-11:MIC2;pi:rpi5-13:MIC2;pi:rpi5-16:MIC1
2026-08-20,18-05-27,ok,partial,4,2573593,18,15052897,0,0,pi:rpi5-11:MIC2;pi:rpi5-13:MIC2;pi:rpi5-16:MIC1
2026-08-20,18-12-27,ok,partial,4,2805702,18,16072963,0,0,pi:rpi5-11:MIC2;pi:rpi5-13:MIC2;pi:rpi5-16:MIC1
2026-08-20,18-19-00,ok,partial,4,1830611,18,13132394,0,0,pi:rpi5-11:MIC2;pi:rpi5-13:MIC2;pi:rpi5-16:MIC1
2026-08-20,18-25-57,ok,partial,4,1707549,18,15084735,0,0,pi:rpi5-11:MIC2;pi:rpi5-13:MIC2;pi:rpi5-16:MIC1
2026-08-20,18-32-22,ok,partial,4,2393298,16,13170471,0,0,pi:rpi5-11:MIC1;pi:rpi5-11:MIC2;pi:rpi5-13:MIC2;pi:rpi5-16:MIC1
2026-08-20,18-39-29,ok,partial,4,3201668,18,16901220,0,0,pi:rpi5-11:MIC2;pi:rpi5-13:MIC2;pi:rpi5-16:MIC1
2026-08-21,11-04-05,ok,ok,4,627708,24,24045885,0,0,
2026-08-21,11-11-41,ok,ok,4,1756704,24,17656431,0,0,
2026-08-21,11-17-42,ok,ok,4,2937203,24,41282074,0,0,
2026-08-21,11-31-41,ok,ok,4,1895460,24,19013869,0,0,
2026-08-21,11-39-20,ok,ok,4,2970555,24,16546538,0,0,
2026-08-21,11-45-49,ok,ok,4,1043213,24,21904192,0,0,
2026-08-21,11-53-19,ok,partial,4,4179839,22,23038028,0,0,pi:rpi5-13:MIC1
2026-08-21,12-01-26,ok,ok,4,2644758,24,23084334,0,0,
2026-08-21,12-08-56,ok,partial,4,2795267,22,19706626,0,0,pi:rpi5-11:MIC2
2026-08-21,12-16-23,ok,ok,4,1609507,24,17059714,0,0,
2026-08-21,12-22-48,ok,ok,4,1710450,24,15850388,0,0,
2026-08-21,12-30-09,ok,partial,4,1303748,18,16610567,0,0,pi:rpi5-13:MIC2;pi:rpi5-14:MIC1;pi:rpi5-16:MIC2
2026-08-21,12-37-37,ok,ok,4,4924470,24,41637606,0,0,
2026-08-21,12-55-40,ok,partial,4,1766293,22,19691589,0,0,pi:rpi5-11:MIC2
2026-08-21,13-03-02,ok,ok,4,2788464,24,20943941,0,0,
2026-08-21,13-11-50,ok,partial,4,4250503,20,18951230,0,0,pi:rpi5-11:MIC2;pi:rpi5-16:MIC2
2026-08-21,13-19-37,ok,partial,4,2101620,22,21000826,0,0,pi:rpi5-16:MIC2
2026-08-21,13-28-09,ok,partial,4,1678254,18,17835488,0,0,pi:rpi5-12:MIC1;pi:rpi5-13:MIC2;pi:rpi5-16:MIC2
2026-08-21,13-35-36,ok,partial,4,5031250,22,22943800,0,0,pi:rpi5-16:MIC2
2026-08-21,13-51-01,ok,partial,4,400633,22,5922465,0,0,pi:rpi5-16:MIC2
2026-08-21,13-54-36,ok,partial,4,2879236,22,20075952,0,0,pi:rpi5-16:MIC2
2026-08-21,14-02-00,ok,partial,4,7179783,22,30317796,0,0,pi:rpi5-16:MIC2
2026-08-21,14-14-34,ok,partial,4,3631080,22,21044964,0,0,pi:rpi5-16:MIC2
2026-08-21,14-22-00,ok,partial,4,4686838,22,15961924,0,0,pi:rpi5-16:MIC2
2026-08-21,14-27-53,ok,partial,4,6569732,20,23033996,0,0,pi:rpi5-12:MIC2;pi:rpi5-16:MIC2
2026-08-21,14-35-47,ok,partial,4,6660362,18,20480057,0,0,pi:rpi5-12:MIC2;pi:rpi5-15:MIC2;pi:rpi5-16:MIC2
2026-08-21,14-43-24,ok,partial,4,2343124,20,18537373,0,0,pi:rpi5-12:MIC2;pi:rpi5-16:MIC2
2026-08-21,14-50-45,ok,partial,4,8253412,20,24615445,0,0,pi:rpi5-12:MIC2;pi:rpi5-16:MIC2
2026-08-21,14-58-46,ok,partial,4,8036311,20,22675406,0,0,pi:rpi5-12:MIC2;pi:rpi5-16:MIC2
2026-08-21,15-06-17,ok,partial,4,6169597,18,21790972,0,0,pi:rpi5-12:MIC2;pi:rpi5-13:MIC2;pi:rpi5-16:MIC2
2026-08-21,15-14-20,ok,partial,4,2347131,20,21009589,0,0,pi:rpi5-12:MIC2;pi:rpi5-16:MIC2
2026-08-21,15-22-18,ok,partial,4,5806076,20,22523990,0,0,pi:rpi5-12:MIC2;pi:rpi5-16:MIC2
2026-08-21,15-30-22,ok,partial,4,1809005,20,19701033,0,0,pi:rpi5-12:MIC2;pi:rpi5-16:MIC2
2026-08-21,15-37-43,ok,partial,4,4616506,20,22406729,0,0,pi:rpi5-12:MIC2;pi:rpi5-16:MIC2
2026-08-21,15-45-19,ok,partial,4,3310070,20,19114245,0,0,pi:rpi5-12:MIC2;pi:rpi5-16:MIC2
2026-08-21,15-52-50,ok,partial,4,5945442,20,21452641,0,0,pi:rpi5-12:MIC2;pi:rpi5-16:MIC2
2026-08-21,16-00-20,ok,partial,4,3449259,20,21502447,0,0,pi:rpi5-12:MIC2;pi:rpi5-16:MIC2
2026-08-21,16-07-56,ok,partial,4,6259033,20,22763922,0,0,pi:rpi5-12:MIC2;pi:rpi5-16:MIC2
2026-08-21,16-15-41,ok,partial,4,6007428,20,20799024,0,0,pi:rpi5-12:MIC2;pi:rpi5-16:MIC2
2026-08-21,16-23-20,ok,partial,4,4048847,20,19225587,0,0,pi:rpi5-12:MIC2;pi:rpi5-16:MIC2
2026-08-21,16-30-52,ok,partial,4,3726607,20,20919637,0,0,pi:rpi5-12:MIC2;pi:rpi5-16:MIC2
2026-08-21,16-39-09,ok,partial,4,2748665,20,19430135,0,0,pi:rpi5-12:MIC2;pi:rpi5-16:MIC2
2026-08-21,16-46-31,ok,partial,4,2718700,20,20796007,0,0,pi:rpi5-12:MIC2;pi:rpi5-16:MIC2
2026-08-21,16-54-36,ok,partial,4,4926801,20,40044902,0,0,pi:rpi5-12:MIC2;pi:rpi5-16:MIC2
2026-08-21,17-18-56,ok,partial,4,7158297,18,19987654,0,0,pi:rpi5-12:MIC2;pi:rpi5-14:MIC1;pi:rpi5-16:MIC2
2026-08-21,17-26-24,ok,partial,4,6045867,18,17623629,0,0,pi:rpi5-12:MIC2;pi:rpi5-15:MIC2;pi:rpi5-16:MIC2
2026-08-21,17-33-01,ok,partial,4,7268568,20,23497445,0,0,pi:rpi5-12:MIC2;pi:rpi5-16:MIC2
2026-08-21,17-40-35,ok,partial,4,6052064,20,20775310,0,0,pi:rpi5-12:MIC2;pi:rpi5-16:MIC2
2026-08-21,17-47-27,ok,partial,4,5926263,18,20710310,0,0,pi:rpi5-12:MIC2;pi:rpi5-15:MIC1;pi:rpi5-16:MIC2
2026-08-21,17-55-24,ok,partial,4,4757256,20,16766911,0,0,pi:rpi5-12:MIC2;pi:rpi5-16:MIC2
2026-08-21,18-01-48,ok,partial,4,3549364,20,17730900,0,0,pi:rpi5-12:MIC2;pi:rpi5-16:MIC2
2026-08-21,18-08-09,ok,partial,4,4679098,20,16625883,0,0,pi:rpi5-12:MIC2;pi:rpi5-16:MIC2
2026-08-21,18-14-26,ok,partial,4,5901496,20,20529412,0,0,pi:rpi5-12:MIC2;pi:rpi5-16:MIC2
2026-08-21,18-21-13,ok,partial,4,4541398,20,36552142,0,0,pi:rpi5-12:MIC2;pi:rpi5-16:MIC2
2026-08-21,18-35-38,ok,partial,4,4220348,20,23571428,0,0,pi:rpi5-12:MIC2;pi:rpi5-16:MIC2
2026-08-21,18-43-16,ok,partial,4,2802438,18,17656647,0,0,pi:rpi5-11:MIC2;pi:rpi5-12:MIC2;pi:rpi5-16:MIC2
2026-08-21,18-50-39,ok,partial,4,1021016,18,7285166,0,0,pi:rpi5-11:MIC2;pi:rpi5-12:MIC2;pi:rpi5-16:MIC2
2026-08-22,10-49-31,ok,ok,4,51604,24,1285222,0,0,
2026-08-22,11-00-17,ok,ok,4,170885,24,20210275,0,0,
2026-08-22,11-30-34,ok,ok,4,364464,24,20175306,0,0,
2026-08-22,11-40-48,ok,ok,4,1792120,24,23035721,0,0,
2026-08-22,11-49-23,ok,ok,4,2003023,24,21150147,0,0,
2026-08-22,11-57-28,ok,partial,4,955460,22,21725998,0,0,pi:rpi5-15:MIC1
2026-08-22,12-09-05,ok,ok,4,4408507,24,20193854,0,0,
2026-08-22,12-19-13,ok,ok,4,1799102,24,23743597,0,0,
2026-08-22,12-31-48,ok,ok,4,2898583,24,18707104,0,0,
2026-08-22,12-38-25,ok,partial,4,3284126,20,16446218,0,0,pi:rpi5-13:MIC1;pi:rpi5-14:MIC2
2026-08-22,12-44-31,ok,partial,4,5474260,20,21043681,0,0,pi:rpi5-14:MIC2;pi:rpi5-16:MIC1
2026-08-22,12-51-27,ok,partial,4,6313734,22,23649026,0,0,pi:rpi5-14:MIC2
2026-08-22,12-58-14,ok,partial,4,3553652,22,17785764,0,0,pi:rpi5-14:MIC2
2026-08-22,13-05-07,ok,partial,4,4406433,22,22811729,0,0,pi:rpi5-14:MIC2
2026-08-22,13-12-51,ok,partial,4,5124446,22,25149676,0,0,pi:rpi5-14:MIC2
2026-08-22,13-20-21,ok,partial,4,6195426,22,25078221,0,0,pi:rpi5-14:MIC2
2026-08-22,13-29-06,ok,partial,4,4948206,22,23201058,0,0,pi:rpi5-14:MIC2
2026-08-22,13-36-39,ok,partial,4,5495509,22,24427625,0,0,pi:rpi5-14:MIC2
2026-08-22,13-44-10,ok,partial,4,6976635,22,43529512,0,0,pi:rpi5-14:MIC2
2026-08-22,14-00-27,ok,partial,4,7372839,22,26023577,0,0,pi:rpi5-14:MIC2
2026-08-22,14-08-40,ok,partial,4,6323951,20,22063926,0,0,pi:rpi5-14:MIC2;pi:rpi5-15:MIC1
2026-08-22,14-16-28,ok,partial,4,8195304,18,21390007,0,0,pi:rpi5-11:MIC1;pi:rpi5-14:MIC1;pi:rpi5-14:MIC2
2026-08-22,14-24-28,ok,partial,4,5652946,22,23750291,0,0,pi:rpi5-14:MIC2
2026-08-22,14-32-15,ok,partial,4,6223128,22,28067120,0,0,pi:rpi5-14:MIC2
2026-08-22,14-40-25,ok,partial,4,8099273,22,26037746,0,0,pi:rpi5-14:MIC2
2026-08-22,14-49-12,ok,partial,4,6339495,22,23571120,0,0,pi:rpi5-14:MIC2
2026-08-22,14-56-38,ok,partial,4,7262398,20,23471550,0,0,pi:rpi5-12:MIC1;pi:rpi5-14:MIC2
2026-08-22,15-04-25,ok,partial,4,5045722,22,22967368,0,0,pi:rpi5-14:MIC2
2026-08-22,15-12-43,ok,partial,4,3837028,18,19266995,0,0,pi:rpi5-11:MIC1;pi:rpi5-12:MIC1;pi:rpi5-14:MIC2
2026-08-22,15-20-16,ok,partial,4,5249886,22,23910334,0,0,pi:rpi5-14:MIC2
2026-08-22,15-27-44,ok,partial,4,6693094,20,23922837,0,0,pi:rpi5-12:MIC2;pi:rpi5-14:MIC2
2026-08-22,15-35-14,ok,partial,4,7104691,22,27744276,0,0,pi:rpi5-14:MIC2
2026-08-22,15-43-02,ok,partial,4,6740820,22,24813563,0,0,pi:rpi5-14:MIC2
2026-08-22,15-50-29,ok,partial,4,4229984,22,23672116,0,0,pi:rpi5-14:MIC2
2026-08-22,15-58-06,ok,partial,4,6016603,22,23790726,0,0,pi:rpi5-14:MIC2
2026-08-22,16-06-27,ok,partial,4,3794447,20,21198384,0,0,pi:rpi5-13:MIC1;pi:rpi5-14:MIC2
2026-08-22,16-15-03,ok,partial,4,6296455,18,21756644,0,0,pi:rpi5-11:MIC2;pi:rpi5-14:MIC2;pi:rpi5-15:MIC2
2026-08-22,16-22-44,ok,partial,4,7323955,18,19929330,0,0,pi:rpi5-11:MIC1;pi:rpi5-11:MIC2;pi:rpi5-14:MIC2
2026-08-22,16-30-12,ok,partial,4,6555755,20,23621573,0,0,pi:rpi5-11:MIC2;pi:rpi5-14:MIC2
2026-08-22,16-38-14,ok,partial,4,2264075,18,18355620,0,0,pi:rpi5-11:MIC2;pi:rpi5-14:MIC1;pi:rpi5-14:MIC2
2026-08-22,16-46-04,ok,partial,4,3244324,18,19465967,0,0,pi:rpi5-11:MIC2;pi:rpi5-14:MIC2;pi:rpi5-16:MIC1
2026-08-22,16-54-09,ok,partial,4,4137924,20,22081863,0,0,pi:rpi5-11:MIC2;pi:rpi5-14:MIC2
2026-08-22,17-01-39,ok,partial,4,3358903,20,21830235,0,0,pi:rpi5-11:MIC2;pi:rpi5-14:MIC2
2026-08-22,17-09-45,ok,partial,4,1985850,18,17458979,0,0,pi:rpi5-11:MIC2;pi:rpi5-13:MIC2;pi:rpi5-14:MIC2
2026-08-22,17-18-41,ok,partial,4,3797838,20,20863848,0,0,pi:rpi5-11:MIC2;pi:rpi5-14:MIC2
2026-08-22,17-26-51,ok,partial,4,3545862,20,21913304,0,0,pi:rpi5-11:MIC2;pi:rpi5-14:MIC2
2026-08-22,17-34-20,ok,partial,4,1631002,20,15314639,0,0,pi:rpi5-11:MIC2;pi:rpi5-14:MIC2
2026-08-22,17-40-31,ok,partial,4,1682765,20,14906278,0,0,pi:rpi5-11:MIC2;pi:rpi5-14:MIC2
2026-08-22,17-47-08,ok,partial,4,3264779,20,19449219,0,0,pi:rpi5-11:MIC2;pi:rpi5-14:MIC2
2026-08-22,17-54-40,ok,partial,4,3104021,18,17647054,0,0,pi:rpi5-11:MIC2;pi:rpi5-14:MIC2;pi:rpi5-16:MIC2
2026-08-22,18-02-12,ok,partial,4,4420171,20,18809124,0,0,pi:rpi5-11:MIC2;pi:rpi5-14:MIC2
2026-08-22,18-10-30,ok,partial,4,2360652,18,20617011,0,0,pi:rpi5-11:MIC2;pi:rpi5-14:MIC2;pi:rpi5-15:MIC2
2026-08-22,18-19-09,ok,partial,4,3713005,16,18795993,0,0,pi:rpi5-11:MIC2;pi:rpi5-13:MIC1;pi:rpi5-14:MIC2;pi:rpi5-15:MIC2
2026-08-22,18-26-42,ok,partial,4,3540614,18,20241505,0,0,pi:rpi5-11:MIC2;pi:rpi5-14:MIC2;pi:rpi5-15:MIC2
2026-08-22,18-34-12,ok,partial,4,5159977,16,16827263,0,0,pi:rpi5-11:MIC2;pi:rpi5-14:MIC2;pi:rpi5-15:MIC1;pi:rpi5-15:MIC2
2026-08-22,18-41-39,ok,partial,4,6189055,18,20956835,0,0,pi:rpi5-11:MIC2;pi:rpi5-14:MIC2;pi:rpi5-15:MIC2
2026-08-23,10-49-47,ok,ok,4,28311,24,666555,0,0,
2026-08-23,11-05-01,ok,ok,4,30847,24,287372,0,0,
2026-08-23,11-21-22,ok,ok,4,1114126,24,15711902,0,0,
2026-08-23,11-28-30,ok,ok,4,1740598,24,17470418,0,0,
2026-08-23,11-34-56,ok,ok,4,2133761,24,16595054,0,0,
2026-08-23,11-44-51,ok,ok,4,2615940,24,19608519,0,0,
2026-08-23,11-51-41,ok,partial,4,110517,22,4404692,0,0,pi:rpi5-12:MIC1
2026-08-23,11-56-47,ok,ok,4,660039,24,22108332,0,0,
2026-08-23,12-17-08,ok,partial,4,4052817,22,22414176,0,0,pi:rpi5-13:MIC1
2026-08-23,12-24-46,ok,ok,4,3234149,24,21861848,0,0,
2026-08-23,12-32-21,ok,ok,4,2714218,24,18256303,0,0,
2026-08-23,12-38-37,ok,ok,4,3944348,24,23603217,0,0,
2026-08-23,12-46-10,ok,ok,4,5533174,24,29560909,0,0,
2026-08-23,12-56-39,ok,ok,4,11836,24,198508,0,0,
2026-08-23,13-03-04,ok,ok,4,1441346,24,22351659,0,0,
2026-08-23,13-15-09,ok,ok,4,3041833,24,23659688,0,0,
2026-08-23,13-27-02,ok,ok,4,2413320,24,19507019,0,0,
2026-08-23,13-40-52,ok,ok,4,2003830,24,18217026,0,0,
2026-08-23,13-47-55,ok,ok,4,4100192,24,22403483,0,0,
2026-08-23,13-54-53,ok,ok,4,4298060,24,23652859,0,0,
2026-08-23,14-02-52,ok,ok,4,2927804,24,19286182,0,0,
2026-08-23,14-08-59,ok,ok,4,2683409,24,17471907,0,0,
2026-08-23,14-14-58,ok,partial,4,4100429,22,17412509,0,0,pi:rpi5-13:MIC2
2026-08-23,14-21-30,ok,ok,4,1076342,24,6310671,0,0,
2026-08-23,14-23-55,ok,ok,4,6217280,24,24438993,0,0,
2026-08-23,14-32-04,ok,ok,4,351320,24,4565320,0,0,
2026-08-23,14-35-30,ok,ok,4,4637807,24,23293791,0,0,
2026-08-23,14-43-34,ok,ok,4,2489595,24,17104251,0,0,
2026-08-23,14-49-37,ok,ok,4,3566283,24,17218578,0,0,
2026-08-23,14-55-47,ok,ok,4,2966065,24,17542005,0,0,
2026-08-23,15-01-59,ok,partial,4,3731195,18,16702963,0,0,pi:rpi5-11:MIC2;pi:rpi5-12:MIC1;pi:rpi5-15:MIC1
2026-08-23,15-09-08,ok,partial,4,6693082,18,20262310,0,0,pi:rpi5-11:MIC2;pi:rpi5-12:MIC1;pi:rpi5-15:MIC1
2026-08-23,15-16-34,ok,partial,4,7190346,18,20673714,0,0,pi:rpi5-11:MIC1;pi:rpi5-11:MIC2;pi:rpi5-12:MIC1
2026-08-23,15-24-42,ok,partial,4,3416008,20,16551036,0,0,pi:rpi5-11:MIC2;pi:rpi5-12:MIC1
2026-08-23,15-30-45,ok,partial,4,3800800,20,17280709,0,0,pi:rpi5-11:MIC2;pi:rpi5-12:MIC1
2026-08-23,15-37-23,ok,partial,4,5738499,20,21764602,0,0,pi:rpi5-11:MIC2;pi:rpi5-12:MIC1
2026-08-23,15-45-37,ok,partial,4,3685927,18,17784866,0,0,pi:rpi5-11:MIC2;pi:rpi5-12:MIC1;pi:rpi5-13:MIC2
2026-08-23,15-53-18,ok,partial,4,5501487,18,18039741,0,0,pi:rpi5-11:MIC2;pi:rpi5-12:MIC1;pi:rpi5-15:MIC2
2026-08-23,16-01-04,ok,partial,4,3739879,20,21090386,0,0,pi:rpi5-11:MIC2;pi:rpi5-12:MIC1
2026-08-23,16-09-28,ok,partial,4,3493175,18,18474540,0,0,pi:rpi5-11:MIC2;pi:rpi5-12:MIC1;pi:rpi5-14:MIC2
2026-08-23,16-17-09,ok,partial,4,4047340,18,19369859,0,0,pi:rpi5-11:MIC2;pi:rpi5-12:MIC1;pi:rpi5-16:MIC1
2026-08-23,16-24-41,ok,partial,4,6571514,20,28472741,0,0,pi:rpi5-11:MIC2;pi:rpi5-12:MIC1
2026-08-23,16-34-19,ok,partial,4,4521409,20,22355018,0,0,pi:rpi5-11:MIC2;pi:rpi5-12:MIC1
2026-08-23,16-42-08,ok,partial,4,5634866,20,21735889,0,0,pi:rpi5-11:MIC2;pi:rpi5-12:MIC1
2026-08-23,16-49-50,ok,partial,4,5306800,18,21521859,0,0,pi:rpi5-11:MIC2;pi:rpi5-12:MIC1;pi:rpi5-13:MIC2
2026-08-23,16-58-21,ok,partial,4,6225441,20,21725142,0,0,pi:rpi5-11:MIC2;pi:rpi5-12:MIC1
2026-08-23,17-05-53,ok,partial,4,5990909,20,21377053,0,0,pi:rpi5-11:MIC2;pi:rpi5-12:MIC1
2026-08-23,17-13-13,ok,partial,4,9661743,20,26626393,0,0,pi:rpi5-11:MIC2;pi:rpi5-12:MIC1
2026-08-23,17-21-01,ok,partial,4,8398619,18,24742669,0,0,pi:rpi5-11:MIC2;pi:rpi5-12:MIC1;pi:rpi5-12:MIC2
2026-08-23,17-29-04,ok,partial,4,6717632,20,26493613,0,0,pi:rpi5-11:MIC2;pi:rpi5-12:MIC1
2026-08-23,17-37-25,ok,partial,4,2786927,20,15429205,0,0,pi:rpi5-11:MIC2;pi:rpi5-12:MIC1
2026-08-23,17-43-38,ok,partial,4,3099900,20,16492829,0,0,pi:rpi5-11:MIC2;pi:rpi5-12:MIC1
2026-08-23,17-49-46,ok,partial,4,3127651,18,13854276,0,0,pi:rpi5-11:MIC2;pi:rpi5-12:MIC1;pi:rpi5-15:MIC1
2026-08-23,17-55-46,ok,partial,4,3446156,18,16336505,0,0,pi:rpi5-11:MIC2;pi:rpi5-12:MIC1;pi:rpi5-15:MIC1
2026-08-23,18-02-29,ok,partial,4,2002887,20,15170377,0,0,pi:rpi5-11:MIC2;pi:rpi5-12:MIC1
2026-08-23,18-08-47,ok,partial,4,3764529,20,20486422,0,0,pi:rpi5-11:MIC2;pi:rpi5-12:MIC1
2026-08-23,18-16-20,ok,partial,4,3698087,18,18042742,0,0,pi:rpi5-11:MIC2;pi:rpi5-12:MIC1;pi:rpi5-15:MIC1
2026-08-23,18-24-04,ok,partial,4,4010429,20,20650209,0,0,pi:rpi5-11:MIC2;pi:rpi5-12:MIC1
2026-08-23,18-40-02,ok,partial,4,1935299,18,16743275,0,0,pi:rpi5-11:MIC2;pi:rpi5-12:MIC1;pi:rpi5-16:MIC1
2026-08-24,13-42-39,ok,failed,4,11322,0,0,0,0,pi:rpi5-11:MIC1;pi:rpi5-11:MIC2;pi:rpi5-12:MIC1;pi:rpi5-12:MIC2;pi:rpi5-13:MIC1;pi:rpi5-13:MIC2;pi:rpi5-14:MIC1;pi:rpi5-14:MIC2;pi:rpi5-15:MIC1;pi:rpi5-15:MIC2;pi:rpi5-16:MIC1;pi:rpi5-16:MIC2
2026-08-24,13-44-43,ok,partial,4,17127,12,407454,0,0,pi:rpi5-11:MIC1;pi:rpi5-11:MIC2;pi:rpi5-12:MIC1;pi:rpi5-12:MIC2;pi:rpi5-13:MIC1;pi:rpi5-13:MIC2
2026-08-24,15-07-00,ok,partial,4,1561219,22,20486910,0,0,pi:rpi5-13:MIC2
2026-08-25,10-54-57,ok,partial,4,10254,22,122387,0,0,
2026-08-25,11-03-15,ok,ok,4,1305135,24,22635382,0,0,
2026-08-25,11-10-35,ok,ok,4,6399332,24,20686068,0,0,
2026-08-25,11-17-53,ok,ok,4,9561073,24,30798482,0,0,
2026-08-25,11-25-30,ok,ok,4,9794972,24,28341468,0,0,
2026-08-25,11-33-12,ok,ok,4,9059157,24,26844149,0,0,
2026-08-25,11-41-46,ok,partial,4,3713805,20,19169667,0,0,pi:rpi5-12:MIC1;pi:rpi5-15:MIC1
2026-08-25,11-49-56,ok,ok,4,3342721,24,24718538,0,0,
2026-08-25,11-57-29,failed,partial,0,0,14,26425338,0,0,jetson;pi:rpi5-11:MIC1;pi:rpi5-12:MIC1;pi:rpi5-12:MIC2;pi:rpi5-13:MIC1;pi:rpi5-15:MIC1
2026-08-25,13-58-24,ok,ok,4,2730282,24,22295939,0,0,
2026-08-25,14-05-58,ok,ok,4,2963693,24,22245325,0,0,
2026-08-25,14-13-33,ok,ok,4,1892021,24,23404647,0,0,
2026-08-25,14-21-57,ok,partial,4,4958594,20,38481222,0,0,pi:rpi5-11:MIC2;pi:rpi5-14:MIC1
2026-08-25,14-58-52,ok,ok,4,2199784,24,22048778,0,0,
2026-08-25,15-06-42,ok,partial,4,1917071,22,19234299,0,0,pi:rpi5-12:MIC2
2026-08-25,15-14-16,ok,partial,4,4183353,20,22818243,0,0,pi:rpi5-13:MIC2;pi:rpi5-14:MIC2
2026-08-25,15-21-57,ok,partial,4,3697954,20,20828171,0,0,pi:rpi5-13:MIC2;pi:rpi5-14:MIC2
2026-08-25,15-29-30,ok,partial,4,2467290,20,19529625,0,0,pi:rpi5-13:MIC2;pi:rpi5-14:MIC2
2026-08-25,15-40-12,ok,partial,4,2100184,20,20216469,0,0,pi:rpi5-13:MIC2;pi:rpi5-14:MIC2
2026-08-25,15-47-47,ok,partial,4,2618534,20,19129737,0,0,pi:rpi5-13:MIC2;pi:rpi5-14:MIC2
2026-08-25,15-55-23,ok,partial,4,3430822,20,19755207,0,0,pi:rpi5-13:MIC2;pi:rpi5-14:MIC2
2026-08-25,16-02-59,ok,partial,4,5795266,20,22143346,0,0,pi:rpi5-13:MIC2;pi:rpi5-14:MIC2
2026-08-25,16-10-28,ok,partial,4,4467391,20,21080012,0,0,pi:rpi5-13:MIC2;pi:rpi5-14:MIC2
2026-08-25,16-18-58,ok,partial,4,4027896,20,20552916,0,0,pi:rpi5-13:MIC2;pi:rpi5-14:MIC2
2026-08-25,16-26-54,ok,partial,4,2258306,20,17535363,0,0,pi:rpi5-13:MIC2;pi:rpi5-14:MIC2
2026-08-25,16-34-29,ok,partial,4,2893269,18,17399567,0,0,pi:rpi5-13:MIC2;pi:rpi5-14:MIC2;pi:rpi5-15:MIC2
2026-08-25,16-42-02,ok,partial,4,3652903,20,19416807,0,0,pi:rpi5-13:MIC2;pi:rpi5-14:MIC2
2026-08-25,16-49-35,ok,partial,4,2525651,20,20737838,0,0,pi:rpi5-13:MIC2;pi:rpi5-14:MIC2
2026-08-25,16-57-10,ok,partial,4,2194681,20,22114785,0,0,pi:rpi5-13:MIC2;pi:rpi5-14:MIC2
2026-08-25,17-07-11,ok,partial,4,2078430,20,19320817,0,0,pi:rpi5-13:MIC2;pi:rpi5-14:MIC2
2026-08-25,17-16-13,ok,partial,4,719457,16,16015586,0,0,pi:rpi5-11:MIC1;pi:rpi5-11:MIC2;pi:rpi5-13:MIC2;pi:rpi5-14:MIC2
2026-08-25,17-24-26,ok,partial,4,3433016,14,33166726,0,0,pi:rpi5-13:MIC2;pi:rpi5-14:MIC1;pi:rpi5-14:MIC2;pi:rpi5-15:MIC1;pi:rpi5-16:MIC1
2026-08-25,17-49-54,ok,partial,4,2411787,20,18459729,0,0,pi:rpi5-13:MIC2;pi:rpi5-14:MIC2
2026-08-25,18-07-28,ok,partial,4,3635920,20,23452840,0,0,pi:rpi5-13:MIC2;pi:rpi5-14:MIC2
2026-08-25,18-17-02,ok,partial,4,3224380,20,19498312,0,0,pi:rpi5-13:MIC2;pi:rpi5-14:MIC2
2026-08-25,18-33-27,ok,partial,4,1435346,18,18731423,0,0,pi:rpi5-13:MIC2;pi:rpi5-14:MIC2;pi:rpi5-16:MIC2
2026-08-25,18-44-07,ok,partial,4,372929,20,19464165,0,0,pi:rpi5-13:MIC2;pi:rpi5-14:MIC2
2026-08-26,11-21-24,ok,failed,4,2575992,0,0,0,0,pi:rpi5-11:MIC1;pi:rpi5-11:MIC2;pi:rpi5-12:MIC1;pi:rpi5-12:MIC2;pi:rpi5-13:MIC1;pi:rpi5-13:MIC2;pi:rpi5-14:MIC1;pi:rpi5-14:MIC2;pi:rpi5-15:MIC1;pi:rpi5-15:MIC2;pi:rpi5-16:MIC1;pi:rpi5-16:MIC2
2026-08-26,12-07-24,ok,partial,4,8434,12,19854,0,0,pi:rpi5-12:MIC1
2026-08-26,12-08-13,ok,partial,4,3443299,22,22139185,0,0,pi:rpi5-11:MIC1
2026-08-26,12-15-54,ok,ok,4,6188291,24,28795306,0,0,
2026-08-26,12-23-58,ok,ok,4,6536344,24,23611481,0,0,
2026-08-26,12-31-05,ok,ok,4,2521057,24,20316450,0,0,
2026-08-26,12-37-53,ok,ok,4,2715896,24,21066296,0,0,
2026-08-26,12-45-21,ok,ok,4,3910269,24,22092043,0,0,
2026-08-26,12-53-01,ok,ok,4,4288957,24,22154213,0,0,
2026-08-26,13-02-58,ok,partial,4,2736576,22,20075965,0,0,pi:rpi5-16:MIC2
2026-08-26,13-10-32,ok,ok,4,4694641,24,23741734,0,0,
2026-08-26,13-18-03,ok,ok,4,3891319,24,23009917,0,0,
2026-08-26,13-25-42,ok,partial,4,4160017,22,23265138,0,0,pi:rpi5-14:MIC1
2026-08-26,13-33-31,ok,ok,4,4154738,24,24411810,0,0,
2026-08-26,13-41-07,ok,ok,4,3798125,24,24792981,0,0,
2026-08-26,13-49-06,ok,ok,4,3683402,24,22971979,0,0,
2026-08-26,13-57-00,ok,ok,4,3354174,24,22301911,0,0,
2026-08-26,14-04-31,ok,ok,4,2625180,24,20818777,0,0,
2026-08-26,14-11-31,ok,ok,4,5892904,24,23065247,0,0,
2026-08-26,14-18-59,ok,ok,4,4990418,24,24983932,0,0,
2026-08-26,14-26-46,ok,ok,4,4750875,24,22883659,0,0,
2026-08-26,14-34-39,ok,ok,4,4426240,24,22927387,0,0,
2026-08-26,14-42-25,ok,partial,4,4212704,22,20792837,0,0,pi:rpi5-12:MIC2
2026-08-26,14-50-29,ok,partial,4,5561613,22,21099730,0,0,pi:rpi5-12:MIC1
2026-08-26,14-58-08,ok,partial,4,6368023,20,39571435,0,0,pi:rpi5-13:MIC1;pi:rpi5-16:MIC1
2026-08-26,15-26-18,ok,ok,4,7717152,24,29709206,0,0,
2026-08-26,15-33-51,ok,partial,4,8432217,22,44181197,0,0,pi:rpi5-15:MIC2
2026-08-26,15-55-52,ok,ok,4,3581213,24,23671878,0,0,
2026-08-26,16-04-05,ok,ok,4,3033719,24,24574152,0,0,
2026-08-26,16-12-05,ok,ok,4,1500088,24,18788303,0,0,
2026-08-26,16-20-11,ok,ok,4,3777404,24,21063453,0,0,
2026-08-26,16-27-44,ok,ok,4,5410814,24,22321432,0,0,
2026-08-26,16-35-12,ok,ok,4,4200885,24,17646036,0,0,
2026-08-26,16-43-47,ok,partial,4,2299162,22,20272480,0,0,pi:rpi5-11:MIC2
2026-08-26,16-59-41,ok,ok,4,3712467,24,23333113,0,0,
2026-08-26,17-13-00,ok,partial,4,2717667,22,23500843,0,0,pi:rpi5-13:MIC1
2026-08-26,17-20-49,ok,partial,4,4592548,22,22208621,0,0,pi:rpi5-13:MIC1
2026-08-26,17-28-20,ok,partial,4,4237986,20,16117063,0,0,pi:rpi5-11:MIC2;pi:rpi5-13:MIC1
2026-08-26,17-35-24,ok,partial,4,2855161,22,18053199,0,0,pi:rpi5-13:MIC1
2026-08-26,17-42-02,ok,partial,4,4034178,20,17558684,0,0,pi:rpi5-13:MIC1;pi:rpi5-13:MIC2
2026-08-26,17-49-59,ok,partial,4,3352167,22,21332564,0,0,pi:rpi5-13:MIC1
2026-08-26,17-57-31,ok,partial,4,3441384,22,19241853,0,0,pi:rpi5-13:MIC1
2026-08-26,18-07-01,ok,partial,4,1145099,22,14087129,0,0,pi:rpi5-13:MIC1
2026-08-26,18-12-58,ok,partial,4,4791009,22,23266683,0,0,pi:rpi5-13:MIC1
2026-08-26,18-20-49,ok,partial,4,4024961,22,18760663,0,0,pi:rpi5-13:MIC1
2026-08-26,18-30-38,ok,partial,4,4599925,22,20967242,0,0,pi:rpi5-13:MIC1
2026-08-26,18-38-15,ok,partial,4,3846894,22,19785752,0,0,pi:rpi5-13:MIC1
2026-08-26,18-45-44,ok,partial,4,5227505,22,22606925,0,0,pi:rpi5-13:MIC1
2026-08-27,10-45-46,ok,failed,4,265257,0,0,0,0,pi:rpi5-11:MIC1;pi:rpi5-11:MIC2;pi:rpi5-12:MIC1;pi:rpi5-12:MIC2;pi:rpi5-13:MIC1;pi:rpi5-13:MIC2;pi:rpi5-14:MIC1;pi:rpi5-14:MIC2;pi:rpi5-15:MIC1;pi:rpi5-15:MIC2;pi:rpi5-16:MIC1;pi:rpi5-16:MIC2
2026-08-27,10-54-10,ok,ok,4,520655,24,25104711,0,0,
2026-08-27,11-44-37,ok,partial,4,1396397,22,16611826,0,0,pi:rpi5-13:MIC2
2026-08-27,12-11-05,ok,partial,4,3240116,22,18104062,0,0,pi:rpi5-11:MIC2
2026-08-27,12-17-29,ok,partial,4,3725772,22,17816720,0,0,pi:rpi5-11:MIC2
2026-08-27,12-23-49,ok,partial,4,4611367,22,19725501,0,0,pi:rpi5-11:MIC2
2026-08-27,12-30-45,ok,partial,4,1874455,22,17368871,0,0,pi:rpi5-11:MIC2
2026-08-27,12-43-03,ok,partial,4,2093786,20,15544150,0,0,pi:rpi5-11:MIC2;pi:rpi5-15:MIC2
2026-08-27,12-49-15,ok,partial,4,1643583,20,15381092,0,0,pi:rpi5-11:MIC2;pi:rpi5-15:MIC2
2026-08-27,12-55-34,ok,partial,4,1836626,18,14381342,0,0,pi:rpi5-11:MIC2;pi:rpi5-14:MIC2;pi:rpi5-15:MIC2
2026-08-27,13-02-15,ok,partial,4,630559,18,15200997,0,0,pi:rpi5-11:MIC2;pi:rpi5-14:MIC2;pi:rpi5-15:MIC2
2026-08-27,13-14-09,ok,partial,4,2022433,18,14335715,0,0,pi:rpi5-11:MIC2;pi:rpi5-14:MIC2;pi:rpi5-15:MIC2
2026-08-27,13-24-49,ok,partial,4,1736401,18,15031095,0,0,pi:rpi5-11:MIC2;pi:rpi5-14:MIC2;pi:rpi5-15:MIC2
2026-08-27,13-31-23,ok,partial,4,3463098,18,16328566,0,0,pi:rpi5-11:MIC2;pi:rpi5-14:MIC2;pi:rpi5-15:MIC2
2026-08-27,13-38-11,ok,partial,4,2364190,18,15458381,0,0,pi:rpi5-11:MIC2;pi:rpi5-14:MIC2;pi:rpi5-15:MIC2
2026-08-27,13-44-19,ok,partial,4,2005376,18,13992218,0,0,pi:rpi5-11:MIC2;pi:rpi5-14:MIC2;pi:rpi5-15:MIC2
2026-08-27,13-50-45,ok,partial,4,3439841,18,16190698,0,0,pi:rpi5-11:MIC2;pi:rpi5-14:MIC2;pi:rpi5-15:MIC2
2026-08-27,13-57-07,ok,partial,4,1164112,16,16590886,0,0,pi:rpi5-11:MIC2;pi:rpi5-12:MIC2;pi:rpi5-14:MIC2;pi:rpi5-15:MIC2
2026-08-27,14-04-31,ok,partial,4,634277,18,17907626,0,0,pi:rpi5-11:MIC2;pi:rpi5-14:MIC2;pi:rpi5-15:MIC2
2026-08-27,14-19-54,ok,partial,4,3695569,18,19112329,0,0,pi:rpi5-11:MIC2;pi:rpi5-14:MIC2;pi:rpi5-15:MIC2
2026-08-27,14-27-24,ok,partial,4,3935460,18,19022502,0,0,pi:rpi5-11:MIC2;pi:rpi5-14:MIC2;pi:rpi5-15:MIC2
2026-08-27,14-35-06,ok,partial,4,3594502,18,20380612,0,0,pi:rpi5-11:MIC2;pi:rpi5-14:MIC2;pi:rpi5-15:MIC2
2026-08-27,14-44-44,ok,partial,4,2150758,18,19145473,0,0,pi:rpi5-11:MIC2;pi:rpi5-14:MIC2;pi:rpi5-15:MIC2
2026-08-27,14-52-20,ok,partial,4,2115100,16,16511771,0,0,pi:rpi5-11:MIC2;pi:rpi5-14:MIC1;pi:rpi5-14:MIC2;pi:rpi5-15:MIC2
2026-08-27,15-02-51,ok,partial,4,2526492,16,16074506,0,0,pi:rpi5-11:MIC2;pi:rpi5-14:MIC1;pi:rpi5-14:MIC2;pi:rpi5-15:MIC2
2026-08-27,15-10-26,ok,partial,4,2231820,16,15878672,0,0,pi:rpi5-11:MIC2;pi:rpi5-14:MIC1;pi:rpi5-14:MIC2;pi:rpi5-15:MIC2
2026-08-27,15-18-16,ok,partial,4,1460978,16,11368083,0,0,pi:rpi5-11:MIC2;pi:rpi5-14:MIC1;pi:rpi5-14:MIC2;pi:rpi5-15:MIC2
2026-08-27,15-24-22,ok,partial,4,2438914,16,16162305,0,0,pi:rpi5-11:MIC2;pi:rpi5-14:MIC1;pi:rpi5-14:MIC2;pi:rpi5-15:MIC2
2026-08-27,15-31-49,ok,partial,4,4037763,14,16037794,0,0,pi:rpi5-11:MIC2;pi:rpi5-14:MIC1;pi:rpi5-14:MIC2;pi:rpi5-15:MIC2;pi:rpi5-16:MIC2
2026-08-27,15-39-25,ok,partial,4,6939035,14,15839831,0,0,pi:rpi5-11:MIC2;pi:rpi5-14:MIC1;pi:rpi5-14:MIC2;pi:rpi5-15:MIC2;pi:rpi5-16:MIC1
2026-08-27,15-46-52,ok,partial,4,4913036,16,14662132,0,0,pi:rpi5-11:MIC2;pi:rpi5-14:MIC1;pi:rpi5-14:MIC2;pi:rpi5-15:MIC2
2026-08-27,15-53-14,ok,partial,4,4620604,16,14253178,0,0,pi:rpi5-11:MIC2;pi:rpi5-14:MIC1;pi:rpi5-14:MIC2;pi:rpi5-15:MIC2
2026-08-27,15-59-55,ok,partial,4,2919739,16,13393592,0,0,pi:rpi5-11:MIC2;pi:rpi5-14:MIC1;pi:rpi5-14:MIC2;pi:rpi5-15:MIC2
2026-08-27,16-06-03,ok,partial,4,2847711,16,14131695,0,0,pi:rpi5-11:MIC2;pi:rpi5-14:MIC1;pi:rpi5-14:MIC2;pi:rpi5-15:MIC2
2026-08-27,16-12-14,ok,partial,4,2654569,16,12715415,0,0,pi:rpi5-11:MIC2;pi:rpi5-14:MIC1;pi:rpi5-14:MIC2;pi:rpi5-15:MIC2
2026-08-27,16-18-32,ok,partial,4,1945548,16,12884413,0,0,pi:rpi5-11:MIC2;pi:rpi5-14:MIC1;pi:rpi5-14:MIC2;pi:rpi5-15:MIC2
2026-08-27,16-27-04,ok,partial,4,3616443,16,18716952,0,0,pi:rpi5-11:MIC2;pi:rpi5-14:MIC1;pi:rpi5-14:MIC2;pi:rpi5-15:MIC2
2026-08-27,16-34-55,ok,partial,4,3779214,14,12363341,0,0,pi:rpi5-11:MIC1;pi:rpi5-11:MIC2;pi:rpi5-14:MIC1;pi:rpi5-14:MIC2;pi:rpi5-15:MIC2
2026-08-27,16-41-22,ok,partial,4,4174884,16,17288675,0,0,pi:rpi5-11:MIC2;pi:rpi5-14:MIC1;pi:rpi5-14:MIC2;pi:rpi5-15:MIC2
2026-08-27,16-50-42,ok,partial,4,2342301,14,13642759,0,0,pi:rpi5-11:MIC2;pi:rpi5-13:MIC1;pi:rpi5-14:MIC1;pi:rpi5-14:MIC2;pi:rpi5-15:MIC2
2026-08-27,16-59-13,ok,partial,4,1802327,16,11956018,0,0,pi:rpi5-11:MIC2;pi:rpi5-14:MIC1;pi:rpi5-14:MIC2;pi:rpi5-15:MIC2
2026-08-27,17-06-12,ok,partial,4,1198629,14,11198827,0,0,pi:rpi5-11:MIC2;pi:rpi5-14:MIC1;pi:rpi5-14:MIC2;pi:rpi5-15:MIC2;pi:rpi5-16:MIC1
2026-08-27,17-15-43,ok,partial,4,3441808,16,13446046,0,0,pi:rpi5-11:MIC2;pi:rpi5-14:MIC1;pi:rpi5-14:MIC2;pi:rpi5-15:MIC2
2026-08-27,17-22-08,ok,partial,4,3186332,16,13628463,0,0,pi:rpi5-11:MIC2;pi:rpi5-14:MIC1;pi:rpi5-14:MIC2;pi:rpi5-15:MIC2
2026-08-27,17-28-20,ok,partial,4,1819070,16,12719283,0,0,pi:rpi5-11:MIC2;pi:rpi5-14:MIC1;pi:rpi5-14:MIC2;pi:rpi5-15:MIC2
2026-08-27,17-34-25,ok,partial,4,2206055,16,14700467,0,0,pi:rpi5-11:MIC2;pi:rpi5-14:MIC1;pi:rpi5-14:MIC2;pi:rpi5-15:MIC2
2026-08-27,17-45-21,ok,partial,4,1719634,16,13044160,0,0,pi:rpi5-11:MIC2;pi:rpi5-14:MIC1;pi:rpi5-14:MIC2;pi:rpi5-15:MIC2
2026-08-27,17-56-03,ok,partial,4,886515,12,5935908,0,0,pi:rpi5-11:MIC1;pi:rpi5-11:MIC2;pi:rpi5-14:MIC1;pi:rpi5-14:MIC2;pi:rpi5-15:MIC2;pi:rpi5-16:MIC2
2026-08-27,18-00-53,ok,partial,4,1207528,16,10725430,0,0,pi:rpi5-11:MIC2;pi:rpi5-14:MIC1;pi:rpi5-14:MIC2;pi:rpi5-15:MIC2
2026-08-27,18-07-11,ok,partial,4,2733357,16,12721829,0,0,pi:rpi5-11:MIC2;pi:rpi5-14:MIC1;pi:rpi5-14:MIC2;pi:rpi5-15:MIC2
2026-08-27,18-13-45,ok,partial,4,1744688,16,13489790,0,0,pi:rpi5-11:MIC2;pi:rpi5-14:MIC1;pi:rpi5-14:MIC2;pi:rpi5-15:MIC2
2026-08-27,18-24-26,ok,partial,4,2294302,12,10367189,0,0,pi:rpi5-11:MIC2;pi:rpi5-14:MIC1;pi:rpi5-14:MIC2;pi:rpi5-15:MIC1;pi:rpi5-15:MIC2;pi:rpi5-16:MIC2
2026-08-28,10-21-26,ok,partial,4,6676,1,832,0,0,pi:rpi5-11:MIC1;pi:rpi5-11:MIC2;pi:rpi5-12:MIC1;pi:rpi5-12:MIC2;pi:rpi5-13:MIC1;pi:rpi5-13:MIC2;pi:rpi5-14:MIC1;pi:rpi5-14:MIC2;pi:rpi5-15:MIC2;pi:rpi5-16:MIC1;pi:rpi5-16:MIC2
2026-08-28,11-19-16,ok,ok,4,8040796,24,28020582,0,0,
2026-08-28,11-27-46,ok,ok,4,1052412,24,21585602,0,0,
2026-08-28,11-36-47,ok,partial,4,2433754,22,17096480,0,0,pi:rpi5-15:MIC2
2026-08-28,11-42-50,ok,partial,4,2277985,22,18687310,0,0,pi:rpi5-15:MIC2
2026-08-28,11-52-36,ok,partial,4,1830400,22,17998554,0,0,pi:rpi5-15:MIC2
2026-08-28,11-58-33,ok,partial,4,1686965,18,14648788,0,0,pi:rpi5-15:MIC1;pi:rpi5-15:MIC2;pi:rpi5-16:MIC2
2026-08-28,12-09-42,ok,partial,4,1639288,22,16152098,0,0,pi:rpi5-15:MIC2
2026-08-28,12-16-17,ok,partial,4,1009758,22,17680594,0,0,pi:rpi5-15:MIC2
2026-08-28,12-35-11,ok,partial,4,1154219,22,17992061,0,0,pi:rpi5-15:MIC2
2026-08-28,12-41-24,ok,partial,4,2882265,20,18000589,0,0,pi:rpi5-14:MIC2;pi:rpi5-15:MIC2
2026-08-28,12-47-59,ok,partial,4,3764882,18,16050927,0,0,pi:rpi5-12:MIC2;pi:rpi5-13:MIC2;pi:rpi5-15:MIC2
2026-08-28,12-58-20,ok,partial,4,3566212,22,17458599,0,0,pi:rpi5-15:MIC2
2026-08-28,13-04-24,ok,partial,4,2189978,22,15895928,0,0,pi:rpi5-15:MIC2
2026-08-28,13-10-31,ok,partial,4,2481379,20,15199758,0,0,pi:rpi5-15:MIC1;pi:rpi5-15:MIC2
2026-08-28,13-16-57,ok,partial,4,1876503,18,13022070,0,0,pi:rpi5-13:MIC1;pi:rpi5-15:MIC1;pi:rpi5-15:MIC2
2026-08-28,13-23-10,ok,partial,4,1360808,22,16177063,0,0,pi:rpi5-15:MIC2
2026-08-28,13-41-00,ok,partial,4,3941492,18,17171950,0,0,pi:rpi5-15:MIC1;pi:rpi5-15:MIC2;pi:rpi5-16:MIC1
2026-08-28,13-48-27,ok,partial,4,4098530,22,24987196,0,0,pi:rpi5-15:MIC2
2026-08-28,13-58-07,ok,partial,4,2983455,22,22456781,0,0,pi:rpi5-15:MIC2
2026-08-28,14-05-32,ok,partial,4,5394569,22,24735931,0,0,pi:rpi5-15:MIC2
2026-08-28,14-13-04,ok,partial,4,5999648,20,22669668,0,0,pi:rpi5-15:MIC1;pi:rpi5-15:MIC2
2026-08-28,14-21-10,ok,partial,4,6728660,22,23188461,0,0,pi:rpi5-15:MIC2
2026-08-28,14-28-47,ok,partial,4,5460735,22,24140306,0,0,pi:rpi5-15:MIC2
2026-08-28,14-36-38,ok,partial,4,3426424,22,23107804,0,0,pi:rpi5-15:MIC2
2026-08-28,14-45-42,ok,partial,4,2070443,22,13196928,0,0,pi:rpi5-15:MIC2
2026-08-28,14-51-06,ok,partial,4,7191494,22,25687206,0,0,pi:rpi5-15:MIC2
2026-08-28,15-01-13,ok,partial,4,3177390,22,21620572,0,0,pi:rpi5-15:MIC2
2026-08-28,15-08-45,ok,partial,4,1801232,22,18786888,0,0,pi:rpi5-15:MIC2
2026-08-28,15-16-21,ok,partial,4,3300720,22,21609941,0,0,pi:rpi5-15:MIC2
2026-08-28,15-27-40,ok,partial,4,3452352,22,20518116,0,0,pi:rpi5-15:MIC2
2026-08-28,15-35-26,ok,partial,4,5788688,22,23658502,0,0,pi:rpi5-15:MIC2
2026-08-28,15-43-03,ok,partial,4,5841564,22,23887749,0,0,pi:rpi5-15:MIC2
2026-08-28,15-50-31,ok,partial,4,6231435,22,24847180,0,0,pi:rpi5-15:MIC2
2026-08-28,15-58-08,ok,partial,4,3572496,22,24305848,0,0,pi:rpi5-15:MIC2
2026-08-28,16-07-49,ok,partial,4,4061671,22,21217333,0,0,pi:rpi5-15:MIC2
2026-08-28,16-15-18,ok,partial,4,5408458,20,20716376,0,0,pi:rpi5-15:MIC1;pi:rpi5-15:MIC2
2026-08-28,16-23-23,ok,partial,4,5488483,22,21047929,0,0,pi:rpi5-15:MIC2
2026-08-28,16-30-05,ok,partial,4,6156557,22,18143519,0,0,pi:rpi5-15:MIC2
2026-08-28,16-36-12,ok,partial,4,3235874,20,16039355,0,0,pi:rpi5-12:MIC2;pi:rpi5-15:MIC2
2026-08-28,16-42-43,ok,partial,4,3177066,20,16911845,0,0,pi:rpi5-12:MIC2;pi:rpi5-15:MIC2
2026-08-28,16-48-50,ok,partial,4,2977951,20,17790279,0,0,pi:rpi5-12:MIC2;pi:rpi5-15:MIC2
2026-08-28,16-55-30,ok,partial,4,3475976,20,19220608,0,0,pi:rpi5-12:MIC2;pi:rpi5-15:MIC2
2026-08-28,17-02-56,ok,partial,4,5628290,20,20693907,0,0,pi:rpi5-12:MIC2;pi:rpi5-15:MIC2
2026-08-28,17-10-13,ok,partial,4,5476817,18,15527811,0,0,pi:rpi5-12:MIC2;pi:rpi5-15:MIC1;pi:rpi5-15:MIC2
2026-08-28,17-16-32,ok,partial,4,4152623,20,16189916,0,0,pi:rpi5-12:MIC2;pi:rpi5-15:MIC2
2026-08-28,17-22-42,ok,partial,4,1992745,18,13594790,0,0,pi:rpi5-11:MIC2;pi:rpi5-12:MIC2;pi:rpi5-15:MIC2
2026-08-28,17-29-26,ok,partial,4,2268741,20,15501816,0,0,pi:rpi5-12:MIC2;pi:rpi5-15:MIC2
2026-08-28,17-35-44,ok,partial,4,1694682,18,22203796,0,0,pi:rpi5-12:MIC2;pi:rpi5-14:MIC2;pi:rpi5-15:MIC2
2026-08-28,17-45-38,ok,partial,4,2544875,18,18622035,0,0,pi:rpi5-12:MIC2;pi:rpi5-15:MIC2;pi:rpi5-16:MIC1
2026-08-28,17-53-30,ok,partial,4,1634894,20,15207761,0,0,pi:rpi5-12:MIC2;pi:rpi5-15:MIC2
2026-08-28,18-03-24,ok,partial,4,1821431,20,15585176,0,0,pi:rpi5-12:MIC2;pi:rpi5-15:MIC2
2026-08-28,18-09-26,ok,partial,4,2809266,18,15297207,0,0,pi:rpi5-12:MIC2;pi:rpi5-15:MIC2;pi:rpi5-16:MIC2
2026-08-28,18-16-30,ok,partial,4,1653912,20,19076930,0,0,pi:rpi5-12:MIC2;pi:rpi5-15:MIC2
2026-08-28,18-26-21,ok,partial,4,2094404,16,11280959,0,0,pi:rpi5-12:MIC1;pi:rpi5-12:MIC2;pi:rpi5-13:MIC1;pi:rpi5-15:MIC2
2026-08-28,18-34-26,ok,partial,4,725581,16,11670004,0,0,pi:rpi5-12:MIC1;pi:rpi5-12:MIC2;pi:rpi5-15:MIC1;pi:rpi5-15:MIC2
2026-08-28,18-40-54,ok,partial,4,2580218,18,13360999,0,0,pi:rpi5-12:MIC1;pi:rpi5-12:MIC2;pi:rpi5-15:MIC2
2026-08-29,10-39-54,ok,ok,4,302730,24,24575355,0,0,
2026-08-29,10-51-45,ok,ok,4,237880,24,25708398,0,0,
2026-08-29,11-25-44,ok,ok,4,1155288,24,23340373,0,0,
2026-08-29,11-37-00,ok,partial,4,1951426,22,19450538,0,0,pi:rpi5-12:MIC1
2026-08-29,11-44-24,ok,ok,4,2344007,24,23480164,0,0,
2026-08-29,12-02-30,ok,ok,4,1735532,24,16105941,0,0,
2026-08-29,12-08-40,ok,ok,4,3745404,24,20819508,0,0,
2026-08-29,12-15-41,ok,partial,4,5019276,22,20197497,0,0,pi:rpi5-11:MIC1
2026-08-29,12-22-16,ok,ok,4,4912652,24,22652561,0,0,
2026-08-29,12-29-14,ok,ok,4,4512130,24,25354778,0,0,
2026-08-29,12-37-10,ok,partial,4,2349542,22,21789876,0,0,pi:rpi5-12:MIC1
2026-08-29,12-52-43,ok,ok,4,2203225,24,20451377,0,0,
2026-08-29,12-59-31,ok,ok,4,750257,24,22395116,0,0,
2026-08-29,13-06-50,ok,ok,4,2907416,24,21770730,0,0,
2026-08-29,13-14-19,ok,partial,4,3464607,22,17676040,0,0,pi:rpi5-13:MIC2
2026-08-29,13-20-29,ok,ok,4,2980595,24,17739491,0,0,
2026-08-29,13-26-33,ok,ok,4,5497290,24,21961036,0,0,
2026-08-29,13-33-30,ok,partial,4,3492044,22,31326490,0,0,pi:rpi5-16:MIC2
2026-08-29,13-46-15,ok,ok,4,6176828,24,38551312,0,0,
2026-08-29,13-58-45,ok,partial,4,8667826,22,27775292,0,0,pi:rpi5-15:MIC2
2026-08-29,14-07-55,ok,ok,4,6056189,24,23257746,0,0,
2026-08-29,14-14-46,ok,partial,4,6974728,22,24145407,0,0,pi:rpi5-15:MIC2
2026-08-29,14-22-29,ok,ok,4,9205447,24,28974515,0,0,
2026-08-29,14-30-24,ok,partial,4,9683095,22,28146902,0,0,pi:rpi5-12:MIC2
2026-08-29,14-38-47,ok,partial,4,5856834,22,24962435,0,0,pi:rpi5-13:MIC2
2026-08-29,14-46-30,ok,ok,4,6432201,24,34063609,0,0,
2026-08-29,14-57-43,ok,ok,4,3176358,24,23288880,0,0,
2026-08-29,15-07-11,ok,ok,4,7859546,24,29116259,0,0,
2026-08-29,15-15-49,ok,ok,4,3909172,24,19515430,0,0,
2026-08-29,15-22-28,ok,ok,4,7044370,24,20304512,0,0,
2026-08-29,15-29-04,ok,ok,4,3271837,24,18097076,0,0,
2026-08-29,15-35-03,ok,partial,4,3269223,22,16767780,0,0,pi:rpi5-16:MIC1
2026-08-29,15-41-18,ok,partial,4,2382672,22,16593309,0,0,pi:rpi5-11:MIC1
2026-08-29,15-48-05,ok,ok,4,5054532,24,21000436,0,0,
2026-08-29,15-54-43,ok,ok,4,3096713,24,19092136,0,0,
2026-08-29,16-01-08,ok,ok,4,3477759,24,19046072,0,0,
2026-08-29,16-07-18,ok,ok,4,5424888,24,28645704,0,0,
2026-08-29,16-16-55,ok,ok,4,4460770,24,20338414,0,0,
2026-08-29,16-23-34,ok,ok,4,5634165,24,20434246,0,0,
2026-08-29,16-29-46,ok,ok,4,5550755,24,24673475,0,0,
2026-08-29,16-37-30,ok,partial,4,1882779,20,13989994,0,0,pi:rpi5-14:MIC1;pi:rpi5-16:MIC1
2026-08-29,16-44-46,ok,ok,4,3113666,24,19568451,0,0,
2026-08-29,16-55-51,ok,partial,4,4260561,22,18447372,0,0,pi:rpi5-16:MIC2
2026-08-29,17-02-06,ok,partial,4,4997433,22,19670614,0,0,pi:rpi5-12:MIC2
2026-08-29,17-09-14,ok,ok,4,3687460,24,19005474,0,0,
2026-08-29,17-15-17,ok,partial,4,5857200,22,18865649,0,0,pi:rpi5-14:MIC2
2026-08-29,17-21-21,ok,partial,4,3994724,22,17763705,0,0,pi:rpi5-13:MIC1
2026-08-29,17-27-50,ok,partial,4,1825166,22,19486689,0,0,pi:rpi5-12:MIC1
2026-08-29,17-35-19,ok,partial,4,3794474,22,22911550,0,0,pi:rpi5-16:MIC1
2026-08-29,17-42-59,ok,partial,4,2104441,22,16178452,0,0,pi:rpi5-15:MIC1
2026-08-29,17-49-04,ok,ok,4,2736634,24,23567806,0,0,
2026-08-29,17-56-36,ok,ok,4,3672075,24,22625438,0,0,
2026-08-29,18-04-20,ok,ok,4,5295223,24,24799392,0,0,
2026-08-29,18-12-16,ok,ok,4,3974755,24,23337162,0,0,
2026-08-29,18-19-47,ok,ok,4,1984097,24,21548627,0,0,
2026-08-29,18-27-13,ok,ok,4,1929612,24,18276367,0,0,
2026-08-29,18-34-20,ok,ok,4,3773865,24,25047277,0,0,
2026-08-29,18-42-35,ok,ok,4,3231649,24,19572111,0,0,
2026-08-29,18-49-30,ok,ok,4,2441516,24,19286321,0,0,
2026-08-29,18-58-07,ok,partial,4,7054,17,69856,0,0,
2026-08-31,11-45-48,ok,partial,4,10068,10,290828,0,0,pi:rpi5-11:MIC1;pi:rpi5-11:MIC2;pi:rpi5-12:MIC1;pi:rpi5-12:MIC2;pi:rpi5-14:MIC1;pi:rpi5-14:MIC2;pi:rpi5-16:MIC1
2026-09-01,10-42-07,ok,failed,4,441767,0,0,0,0,pi:rpi5-11:MIC1;pi:rpi5-11:MIC2;pi:rpi5-12:MIC1;pi:rpi5-12:MIC2;pi:rpi5-13:MIC1;pi:rpi5-13:MIC2;pi:rpi5-14:MIC1;pi:rpi5-14:MIC2;pi:rpi5-15:MIC1;pi:rpi5-15:MIC2;pi:rpi5-16:MIC1;pi:rpi5-16:MIC2
2026-09-01,11-14-50,ok,failed,4,1414392,0,0,0,0,pi:rpi5-11:MIC1;pi:rpi5-11:MIC2;pi:rpi5-12:MIC1;pi:rpi5-12:MIC2;pi:rpi5-13:MIC1;pi:rpi5-13:MIC2;pi:rpi5-14:MIC1;pi:rpi5-14:MIC2;pi:rpi5-15:MIC1;pi:rpi5-15:MIC2;pi:rpi5-16:MIC1;pi:rpi5-16:MIC2
2026-09-01,11-25-39,ok,partial,4,9130,9,7924,0,0,pi:rpi5-11:MIC1;pi:rpi5-13:MIC2;pi:rpi5-16:MIC2
2026-09-01,11-26-29,ok,partial,4,2084246,22,15794267,0,0,pi:rpi5-14:MIC1
2026-09-01,11-33-48,ok,partial,4,2635976,20,21529390,0,0,pi:rpi5-14:MIC1;pi:rpi5-16:MIC1
2026-09-01,11-41-14,ok,partial,4,6901482,22,17284829,0,0,pi:rpi5-14:MIC1
2026-09-01,11-47-41,ok,partial,4,8945991,22,23427952,0,0,pi:rpi5-14:MIC1
2026-09-01,12-13-56,ok,partial,4,1865166,22,18238000,0,0,pi:rpi5-14:MIC1
2026-09-01,12-21-58,ok,partial,4,1747494,20,25638328,0,0,pi:rpi5-14:MIC1;pi:rpi5-15:MIC2
2026-09-01,12-31-55,ok,partial,4,3104624,20,19883603,0,0,pi:rpi5-13:MIC2;pi:rpi5-14:MIC1
2026-09-01,12-39-26,ok,partial,4,4015295,22,22777875,0,0,pi:rpi5-14:MIC1
2026-09-01,12-47-00,ok,partial,4,8036352,20,23010682,0,0,pi:rpi5-11:MIC2;pi:rpi5-14:MIC1
2026-09-01,12-54-29,ok,partial,4,7622907,22,24613423,0,0,pi:rpi5-14:MIC1
2026-09-01,13-02-01,ok,partial,4,389745,20,19877248,0,0,pi:rpi5-14:MIC1;pi:rpi5-16:MIC2
2026-09-01,13-09-19,ok,partial,4,1822604,22,22191813,0,0,pi:rpi5-14:MIC1
2026-09-01,13-16-49,ok,partial,4,5101316,22,45035157,0,0,pi:rpi5-14:MIC1
2026-09-01,13-56-35,ok,partial,4,3629750,20,19718811,0,0,pi:rpi5-11:MIC2;pi:rpi5-14:MIC1
2026-09-01,14-04-12,ok,partial,4,3839953,20,21004764,0,0,pi:rpi5-11:MIC2;pi:rpi5-14:MIC1
2026-09-01,14-11-50,ok,partial,4,3776282,20,21557650,0,0,pi:rpi5-11:MIC2;pi:rpi5-14:MIC1
2026-09-01,14-20-20,ok,partial,4,1965238,18,18294142,0,0,pi:rpi5-11:MIC2;pi:rpi5-14:MIC1;pi:rpi5-16:MIC1
2026-09-01,14-28-25,ok,partial,4,3827840,20,21857118,0,0,pi:rpi5-11:MIC2;pi:rpi5-14:MIC1
2026-09-01,14-36-02,ok,partial,4,4013788,18,19240911,0,0,pi:rpi5-11:MIC2;pi:rpi5-14:MIC1;pi:rpi5-14:MIC2
2026-09-01,14-43-32,ok,partial,4,3627412,20,23601205,0,0,pi:rpi5-11:MIC2;pi:rpi5-14:MIC1
2026-09-01,14-52-23,ok,partial,4,1735714,20,19879318,0,0,pi:rpi5-11:MIC2;pi:rpi5-14:MIC1
2026-09-01,14-59-59,ok,partial,4,2353533,18,17943533,0,0,pi:rpi5-11:MIC2;pi:rpi5-12:MIC2;pi:rpi5-14:MIC1
2026-09-01,15-07-20,ok,partial,4,1524675,20,15878203,0,0,pi:rpi5-11:MIC2;pi:rpi5-14:MIC1
2026-09-01,15-14-28,ok,partial,4,1294124,18,17675062,0,0,pi:rpi5-11:MIC2;pi:rpi5-14:MIC1;pi:rpi5-15:MIC1
2026-09-01,15-22-02,ok,partial,4,3308309,20,19998909,0,0,pi:rpi5-11:MIC2;pi:rpi5-14:MIC1
2026-09-01,15-29-29,ok,partial,4,3623873,18,17849546,0,0,pi:rpi5-11:MIC1;pi:rpi5-11:MIC2;pi:rpi5-14:MIC1
2026-09-01,15-38-49,ok,partial,4,2646855,18,19987063,0,0,pi:rpi5-11:MIC2;pi:rpi5-12:MIC2;pi:rpi5-14:MIC1
2026-09-01,15-46-40,ok,partial,4,2332242,20,19222858,0,0,pi:rpi5-11:MIC2;pi:rpi5-14:MIC1
2026-09-01,15-54-09,ok,partial,4,5405310,18,18651906,0,0,pi:rpi5-11:MIC2;pi:rpi5-14:MIC1;pi:rpi5-16:MIC2
2026-09-01,16-01-12,ok,partial,4,2165649,20,19670146,0,0,pi:rpi5-11:MIC2;pi:rpi5-14:MIC1
2026-09-01,16-08-44,ok,partial,4,2503625,18,17462263,0,0,pi:rpi5-11:MIC2;pi:rpi5-14:MIC1;pi:rpi5-16:MIC1
2026-09-01,16-15-48,ok,partial,4,1816128,18,13970163,0,0,pi:rpi5-11:MIC2;pi:rpi5-14:MIC1;pi:rpi5-16:MIC1
2026-09-01,16-21-48,ok,partial,4,5962862,18,21178044,0,0,pi:rpi5-11:MIC2;pi:rpi5-14:MIC1;pi:rpi5-16:MIC1
2026-09-01,16-29-17,ok,partial,4,5103730,18,21025914,0,0,pi:rpi5-11:MIC2;pi:rpi5-14:MIC1;pi:rpi5-16:MIC1
2026-09-01,16-36-49,ok,partial,4,7058010,18,21424756,0,0,pi:rpi5-11:MIC2;pi:rpi5-14:MIC1;pi:rpi5-16:MIC1
2026-09-01,16-44-23,ok,partial,4,9550262,16,20816324,0,0,pi:rpi5-11:MIC2;pi:rpi5-14:MIC1;pi:rpi5-16:MIC1;pi:rpi5-16:MIC2
2026-09-01,16-52-50,ok,partial,4,5722349,16,15673218,0,0,pi:rpi5-11:MIC2;pi:rpi5-14:MIC1;pi:rpi5-16:MIC1;pi:rpi5-16:MIC2
2026-09-01,17-00-02,ok,partial,4,7307080,16,18528455,0,0,pi:rpi5-11:MIC2;pi:rpi5-14:MIC1;pi:rpi5-16:MIC1;pi:rpi5-16:MIC2
2026-09-01,17-07-45,ok,partial,4,6033447,16,18700104,0,0,pi:rpi5-11:MIC2;pi:rpi5-14:MIC1;pi:rpi5-16:MIC1;pi:rpi5-16:MIC2
2026-09-01,17-15-49,ok,partial,4,4806360,16,17494256,0,0,pi:rpi5-11:MIC2;pi:rpi5-14:MIC1;pi:rpi5-16:MIC1;pi:rpi5-16:MIC2
2026-09-01,17-23-19,ok,partial,4,4503160,16,15793506,0,0,pi:rpi5-11:MIC2;pi:rpi5-14:MIC1;pi:rpi5-16:MIC1;pi:rpi5-16:MIC2
2026-09-01,17-30-55,ok,partial,4,3560890,16,18159921,0,0,pi:rpi5-11:MIC2;pi:rpi5-14:MIC1;pi:rpi5-16:MIC1;pi:rpi5-16:MIC2
2026-09-01,17-39-04,ok,partial,4,3578631,16,18178456,0,0,pi:rpi5-11:MIC2;pi:rpi5-14:MIC1;pi:rpi5-16:MIC1;pi:rpi5-16:MIC2
2026-09-01,17-46-42,ok,partial,4,3346572,16,17109874,0,0,pi:rpi5-11:MIC2;pi:rpi5-14:MIC1;pi:rpi5-16:MIC1;pi:rpi5-16:MIC2
2026-09-01,17-54-12,ok,partial,4,5130919,14,16911537,0,0,pi:rpi5-11:MIC2;pi:rpi5-13:MIC2;pi:rpi5-14:MIC1;pi:rpi5-16:MIC1;pi:rpi5-16:MIC2
2026-09-01,18-02-11,ok,partial,4,3156878,14,13947038,0,0,pi:rpi5-11:MIC2;pi:rpi5-13:MIC2;pi:rpi5-14:MIC1;pi:rpi5-16:MIC1;pi:rpi5-16:MIC2
2026-09-01,18-09-10,ok,partial,4,737228,12,13333599,0,0,pi:rpi5-11:MIC2;pi:rpi5-13:MIC2;pi:rpi5-14:MIC1;pi:rpi5-15:MIC2;pi:rpi5-16:MIC1;pi:rpi5-16:MIC2
2026-09-01,18-23-29,ok,partial,4,2152224,14,16765389,0,0,pi:rpi5-11:MIC2;pi:rpi5-13:MIC2;pi:rpi5-14:MIC1;pi:rpi5-16:MIC1;pi:rpi5-16:MIC2
2026-09-01,18-33-03,ok,partial,4,2105604,14,15881571,0,0,pi:rpi5-11:MIC2;pi:rpi5-13:MIC2;pi:rpi5-14:MIC1;pi:rpi5-16:MIC1;pi:rpi5-16:MIC2
2026-09-02,11-37-56,ok,partial,4,2549572,22,24334575,0,0,pi:rpi5-13:MIC1
2026-09-02,11-46-48,ok,partial,4,1508412,18,13766166,0,0,pi:rpi5-13:MIC1;pi:rpi5-15:MIC1;pi:rpi5-16:MIC2
2026-09-02,11-52-53,ok,partial,4,1419056,22,21652595,0,0,pi:rpi5-13:MIC1
2026-09-02,12-17-34,ok,partial,4,962695,22,20337805,0,0,pi:rpi5-13:MIC1
2026-09-02,13-06-34,ok,partial,4,2025541,22,17330339,0,0,pi:rpi5-13:MIC1
2026-09-02,13-16-45,ok,partial,4,3289609,22,21833769,0,0,pi:rpi5-13:MIC1
2026-09-02,13-24-14,ok,partial,4,4547740,20,19625176,0,0,pi:rpi5-13:MIC1;pi:rpi5-13:MIC2
2026-09-02,13-31-45,ok,partial,4,4406891,20,22953266,0,0,pi:rpi5-12:MIC2;pi:rpi5-13:MIC1
2026-09-02,13-39-39,ok,partial,4,2482297,22,17423913,0,0,pi:rpi5-13:MIC1
2026-09-02,13-45-57,ok,partial,4,4622340,22,24546656,0,0,pi:rpi5-13:MIC1
2026-09-02,13-53-31,ok,partial,4,4298512,20,21832331,0,0,pi:rpi5-11:MIC1;pi:rpi5-13:MIC1
2026-09-02,14-00-58,ok,partial,4,6034687,22,26421266,0,0,pi:rpi5-13:MIC1
2026-09-02,14-08-53,ok,partial,4,7332745,22,25190178,0,0,pi:rpi5-13:MIC1
2026-09-02,14-16-34,ok,partial,4,3075792,22,20756525,0,0,pi:rpi5-13:MIC1
2026-09-02,14-24-13,ok,partial,4,1231406,20,19065310,0,0,pi:rpi5-11:MIC2;pi:rpi5-13:MIC1
2026-09-02,14-31-45,ok,partial,4,1275325,20,19807115,0,0,pi:rpi5-13:MIC1;pi:rpi5-15:MIC1
2026-09-02,14-39-42,ok,partial,4,2930901,20,20091103,0,0,pi:rpi5-13:MIC1;pi:rpi5-15:MIC1
2026-09-02,14-47-15,ok,partial,4,3471970,20,20553946,0,0,pi:rpi5-13:MIC1;pi:rpi5-15:MIC1
2026-09-02,14-57-04,ok,partial,4,2787814,16,19101167,0,0,pi:rpi5-13:MIC1;pi:rpi5-13:MIC2;pi:rpi5-15:MIC1;pi:rpi5-16:MIC2
2026-09-02,15-11-52,ok,partial,4,4697390,20,22842243,0,0,pi:rpi5-13:MIC1;pi:rpi5-15:MIC1
2026-09-02,15-19-20,ok,partial,4,6338303,18,24246415,0,0,pi:rpi5-13:MIC1;pi:rpi5-14:MIC2;pi:rpi5-15:MIC1
2026-09-02,15-28-07,ok,partial,4,2145968,16,14946108,0,0,pi:rpi5-12:MIC1;pi:rpi5-13:MIC1;pi:rpi5-14:MIC2;pi:rpi5-15:MIC1
2026-09-02,15-35-44,ok,partial,4,3375346,18,20064899,0,0,pi:rpi5-13:MIC1;pi:rpi5-14:MIC2;pi:rpi5-15:MIC1
2026-09-02,15-43-13,ok,partial,4,6393816,18,22317361,0,0,pi:rpi5-13:MIC1;pi:rpi5-14:MIC2;pi:rpi5-15:MIC1
2026-09-02,15-51-15,ok,partial,4,2989395,18,18890687,0,0,pi:rpi5-13:MIC1;pi:rpi5-14:MIC2;pi:rpi5-15:MIC1
2026-09-02,15-59-00,ok,partial,4,3598406,18,19287601,0,0,pi:rpi5-13:MIC1;pi:rpi5-14:MIC2;pi:rpi5-15:MIC1
2026-09-02,16-06-32,ok,partial,4,2033758,16,17377634,0,0,pi:rpi5-13:MIC1;pi:rpi5-14:MIC2;pi:rpi5-15:MIC1;pi:rpi5-16:MIC2
2026-09-02,16-15-19,ok,partial,4,3523523,18,20736243,0,0,pi:rpi5-13:MIC1;pi:rpi5-14:MIC2;pi:rpi5-15:MIC1
2026-09-02,16-22-57,ok,partial,4,2964584,18,18382690,0,0,pi:rpi5-13:MIC1;pi:rpi5-14:MIC2;pi:rpi5-15:MIC1
2026-09-02,16-30-43,ok,partial,4,2339863,18,18020466,0,0,pi:rpi5-13:MIC1;pi:rpi5-14:MIC2;pi:rpi5-15:MIC1
2026-09-02,16-42-08,ok,partial,4,2707548,18,19726996,0,0,pi:rpi5-13:MIC1;pi:rpi5-14:MIC2;pi:rpi5-15:MIC1
2026-09-02,16-52-43,ok,partial,4,2241707,18,18205353,0,0,pi:rpi5-13:MIC1;pi:rpi5-14:MIC2;pi:rpi5-15:MIC1
2026-09-02,17-00-09,ok,partial,4,1995112,16,14607643,0,0,pi:rpi5-13:MIC1;pi:rpi5-13:MIC2;pi:rpi5-14:MIC2;pi:rpi5-15:MIC1
2026-09-02,17-07-34,ok,partial,4,3320133,18,18555177,0,0,pi:rpi5-13:MIC1;pi:rpi5-14:MIC2;pi:rpi5-15:MIC1
2026-09-02,17-15-16,ok,partial,4,4120065,18,21012670,0,0,pi:rpi5-13:MIC1;pi:rpi5-14:MIC2;pi:rpi5-15:MIC1
2026-09-02,17-23-27,ok,partial,4,5178117,18,21095652,0,0,pi:rpi5-13:MIC1;pi:rpi5-14:MIC2;pi:rpi5-15:MIC1
2026-09-02,17-31-08,ok,partial,4,5791575,14,16591909,0,0,pi:rpi5-13:MIC1;pi:rpi5-14:MIC2;pi:rpi5-15:MIC1;pi:rpi5-15:MIC2;pi:rpi5-16:MIC1
2026-09-02,17-42-24,ok,partial,4,2404820,18,19278940,0,0,pi:rpi5-13:MIC1;pi:rpi5-14:MIC2;pi:rpi5-15:MIC1
2026-09-02,17-49-58,ok,partial,4,4396317,18,19894953,0,0,pi:rpi5-13:MIC1;pi:rpi5-14:MIC2;pi:rpi5-15:MIC1
2026-09-02,17-57-46,ok,partial,4,2497598,18,16455536,0,0,pi:rpi5-13:MIC1;pi:rpi5-14:MIC2;pi:rpi5-15:MIC1
2026-09-02,18-05-25,ok,partial,4,583639,18,18633867,0,0,pi:rpi5-13:MIC1;pi:rpi5-14:MIC2;pi:rpi5-15:MIC1
2026-09-02,18-12-49,ok,partial,4,1419279,18,19791937,0,0,pi:rpi5-13:MIC1;pi:rpi5-14:MIC2;pi:rpi5-15:MIC1
2026-09-02,18-20-20,ok,partial,4,1269419,16,16882734,0,0,pi:rpi5-13:MIC1;pi:rpi5-14:MIC1;pi:rpi5-14:MIC2;pi:rpi5-15:MIC1
2026-09-02,18-27-42,ok,partial,4,920366,18,17874973,0,0,pi:rpi5-13:MIC1;pi:rpi5-14:MIC2;pi:rpi5-15:MIC1
2026-09-03,11-06-38,ok,partial,4,372967,12,12442898,0,0,pi:rpi5-11:MIC1;pi:rpi5-11:MIC2;pi:rpi5-13:MIC1;pi:rpi5-13:MIC2;pi:rpi5-14:MIC1;pi:rpi5-14:MIC2
2026-09-03,11-18-24,ok,ok,4,287410,24,24035435,0,0,
2026-09-03,11-28-39,ok,ok,4,1957000,24,20898004,0,0,
2026-09-03,11-36-34,ok,partial,4,2029149,22,19642445,0,0,pi:rpi5-16:MIC1
2026-09-03,11-46-17,ok,ok,4,3697840,24,23332349,0,0,
2026-09-03,11-56-38,ok,ok,4,3085670,24,24320768,0,0,
2026-09-03,12-04-20,ok,ok,4,3479066,24,24963482,0,0,
2026-09-03,12-18-33,ok,ok,4,998222,24,23598112,0,0,
2026-09-03,12-26-00,ok,ok,4,681082,24,23702583,0,0,
2026-09-03,12-39-46,ok,partial,4,3201819,22,21057198,0,0,pi:rpi5-14:MIC2
2026-09-03,12-54-43,ok,ok,4,1272813,24,24380730,0,0,
2026-09-03,13-02-17,ok,ok,4,1517514,24,21920616,0,0,
2026-09-03,13-10-47,ok,ok,4,5319802,24,21503892,0,0,
2026-09-03,13-18-16,ok,ok,4,3408554,24,24554501,0,0,
2026-09-03,13-25-46,ok,ok,4,3518027,24,23444782,0,0,
2026-09-03,13-33-21,ok,ok,4,1740688,24,21986382,0,0,
2026-09-03,13-42-06,ok,partial,4,3187071,22,19792588,0,0,pi:rpi5-13:MIC1
2026-09-03,13-49-35,failed,ok,0,0,24,52766794,0,0,jetson
2026-09-03,14-50-53,ok,ok,4,3202907,24,18592282,0,0,
2026-09-03,14-56-53,ok,ok,4,3264155,24,23014771,0,0,
2026-09-03,15-04-22,ok,partial,4,3993577,22,21049127,0,0,pi:rpi5-12:MIC2
2026-09-03,15-11-52,ok,ok,4,4762092,24,23963452,0,0,
2026-09-03,15-19-24,ok,ok,4,2733041,24,22318290,0,0,
2026-09-03,15-27-11,ok,ok,4,4981494,24,24180997,0,0,
2026-09-03,15-35-04,ok,ok,4,5804448,24,25793166,0,0,
2026-09-03,15-43-58,ok,ok,4,1584989,24,21565336,0,0,
2026-09-03,15-53-31,ok,ok,4,3236057,24,21353594,0,0,
2026-09-03,16-01-02,ok,partial,4,5059030,22,21680845,0,0,pi:rpi5-11:MIC2
2026-09-03,16-08-50,ok,ok,4,5544252,24,24926195,0,0,
2026-09-03,16-16-34,ok,ok,4,7041272,24,27035234,0,0,
2026-09-03,16-24-21,ok,ok,4,8122560,24,25548890,0,0,
2026-09-03,16-31-50,ok,ok,4,9122234,24,29594259,0,0,
2026-09-03,16-40-07,ok,ok,4,6768843,24,25854085,0,0,
2026-09-03,16-47-38,ok,partial,4,5308114,20,19647327,0,0,pi:rpi5-13:MIC2;pi:rpi5-16:MIC2
2026-09-03,16-55-16,ok,partial,4,5859014,22,23440182,0,0,pi:rpi5-11:MIC2
2026-09-03,17-02-50,ok,ok,4,4503652,24,21907329,0,0,
2026-09-03,17-10-19,ok,ok,4,4068861,24,20563301,0,0,
2026-09-03,17-20-09,ok,ok,4,5315190,24,23641337,0,0,
2026-09-03,17-27-44,ok,partial,4,8025038,22,22739813,0,0,pi:rpi5-11:MIC1
2026-09-03,17-35-18,ok,ok,4,3598906,24,18920031,0,0,
2026-09-03,17-41-54,ok,partial,4,5426078,22,22320935,0,0,pi:rpi5-13:MIC1
2026-09-03,17-49-02,ok,partial,4,4379624,22,22811410,0,0,pi:rpi5-16:MIC1
2026-09-03,17-56-35,ok,partial,4,4665919,22,22392912,0,0,pi:rpi5-12:MIC2
2026-09-03,18-04-04,ok,ok,4,5797153,24,25363925,0,0,
2026-09-03,18-12-06,ok,ok,4,3658561,24,47932436,0,0,
2026-09-03,18-35-11,ok,partial,4,3562626,18,36383605,0,0,pi:rpi5-13:MIC1;pi:rpi5-14:MIC1;pi:rpi5-15:MIC2
2026-09-04,11-08-53,ok,partial,4,1436831,8,5988102,0,0,pi:rpi5-11:MIC1;pi:rpi5-11:MIC2;pi:rpi5-13:MIC1;pi:rpi5-13:MIC2;pi:rpi5-14:MIC1;pi:rpi5-14:MIC2;pi:rpi5-16:MIC1;pi:rpi5-16:MIC2
2026-09-04,11-15-17,ok,partial,4,1049298,22,21995213,0,0,pi:rpi5-16:MIC2
2026-09-04,11-26-13,ok,partial,4,874099,22,17187023,0,0,pi:rpi5-13:MIC1
2026-09-04,11-34-26,ok,ok,4,2377068,24,22368269,0,0,
2026-09-04,11-44-39,ok,ok,4,2929494,24,18401382,0,0,
2026-09-04,11-50-44,ok,ok,4,2166145,24,18889592,0,0,
2026-09-04,11-59-53,ok,ok,4,1342731,24,18342433,0,0,
2026-09-04,12-05-53,ok,ok,4,3509134,24,23184222,0,0,
2026-09-04,12-13-54,ok,ok,4,2047774,24,22530887,0,0,
2026-09-04,12-21-29,ok,partial,4,3767849,22,21476304,0,0,pi:rpi5-16:MIC1
2026-09-04,12-29-11,ok,ok,4,3863764,24,21649116,0,0,
2026-09-04,12-36-23,ok,partial,4,2546802,22,17116161,0,0,pi:rpi5-13:MIC1
2026-09-04,12-42-31,ok,ok,4,2217809,24,20714110,0,0,
2026-09-04,12-49-00,ok,ok,4,1769015,24,19707678,0,0,
2026-09-04,12-55-53,ok,ok,4,1454170,24,17252031,0,0,
2026-09-04,13-01-58,ok,ok,4,4305574,24,26807786,0,0,
2026-09-04,13-10-04,ok,partial,4,2947762,22,17512692,0,0,pi:rpi5-16:MIC2
2026-09-04,13-16-08,ok,ok,4,4320258,24,20053361,0,0,
2026-09-04,13-22-11,ok,ok,4,3142867,24,16916875,0,0,
2026-09-04,13-28-32,ok,ok,4,4568972,24,18668922,0,0,
2026-09-04,13-35-29,ok,ok,4,3457574,24,18481870,0,0,
2026-09-04,13-41-38,ok,ok,4,3674967,24,19347834,0,0,
2026-09-04,13-48-04,ok,partial,4,6434568,22,25215513,0,0,pi:rpi5-14:MIC1
2026-09-04,13-56-30,ok,partial,4,7708080,22,24581005,0,0,pi:rpi5-11:MIC1
2026-09-04,14-04-00,ok,partial,4,8316937,22,24280348,0,0,pi:rpi5-16:MIC1
2026-09-04,14-10-47,ok,ok,4,7270734,24,29678498,0,0,
2026-09-04,14-18-36,ok,partial,4,5930665,20,22732553,0,0,pi:rpi5-11:MIC2;pi:rpi5-13:MIC2
2026-09-04,14-26-03,ok,partial,4,4138237,22,21096512,0,0,pi:rpi5-16:MIC2
2026-09-04,14-32-56,ok,ok,4,4782593,24,25342411,0,0,
2026-09-04,14-40-25,ok,ok,4,4650828,24,25572846,0,0,
2026-09-04,14-48-23,ok,ok,4,4904064,24,23759261,0,0,
2026-09-04,14-56-17,ok,ok,4,3500358,24,18615513,0,0,
2026-09-04,15-02-37,ok,partial,4,4082649,22,20000630,0,0,pi:rpi5-16:MIC2
2026-09-04,15-10-08,ok,ok,4,2379266,24,19487650,0,0,
2026-09-04,15-16-20,ok,partial,4,3141465,22,16770354,0,0,pi:rpi5-15:MIC2
2026-09-04,15-22-33,ok,partial,4,2832156,22,22745907,0,0,pi:rpi5-15:MIC1
2026-09-04,15-30-04,ok,partial,4,3502652,20,17301730,0,0,pi:rpi5-11:MIC2;pi:rpi5-15:MIC1
2026-09-04,15-36-36,ok,partial,4,4103034,20,19647064,0,0,pi:rpi5-14:MIC1;pi:rpi5-15:MIC1
2026-09-04,15-43-49,ok,partial,4,3225688,22,19086861,0,0,pi:rpi5-15:MIC1
2026-09-04,15-50-33,ok,partial,4,5122061,22,24728274,0,0,pi:rpi5-15:MIC1
2026-09-04,15-58-02,ok,partial,4,4174265,20,20139994,0,0,pi:rpi5-15:MIC1;pi:rpi5-16:MIC1
2026-09-04,16-05-49,ok,partial,4,3575011,22,21214704,0,0,pi:rpi5-15:MIC1
2026-09-04,16-13-20,ok,partial,4,6109169,20,23460832,0,0,pi:rpi5-12:MIC1;pi:rpi5-15:MIC1
2026-09-04,16-21-31,ok,partial,4,3976389,22,14343024,0,0,pi:rpi5-15:MIC1
2026-09-04,16-50-15,ok,partial,4,1858714,22,17148830,0,0,pi:rpi5-15:MIC1
2026-09-04,16-57-38,ok,partial,4,1704159,20,16670622,0,0,pi:rpi5-14:MIC2;pi:rpi5-15:MIC1
2026-09-04,17-07-23,ok,partial,4,3935747,22,23529107,0,0,pi:rpi5-15:MIC1
2026-09-04,17-14-44,ok,partial,4,6713694,22,22203488,0,0,pi:rpi5-15:MIC1
2026-09-04,17-21-04,ok,partial,4,4371867,22,19645304,0,0,pi:rpi5-15:MIC1
2026-09-04,17-27-27,ok,partial,4,5926800,22,25722616,0,0,pi:rpi5-15:MIC1
2026-09-04,17-35-16,ok,partial,4,3143729,22,23167399,0,0,pi:rpi5-15:MIC1
2026-09-04,17-43-02,ok,partial,4,8098783,20,27590270,0,0,pi:rpi5-11:MIC1;pi:rpi5-15:MIC1
2026-09-04,17-53-56,ok,partial,4,3061182,22,22791290,0,0,pi:rpi5-15:MIC1
2026-09-04,18-01-26,ok,partial,4,4234419,20,16672685,0,0,pi:rpi5-12:MIC1;pi:rpi5-15:MIC1
2026-09-04,18-08-26,ok,partial,4,2128479,22,18210062,0,0,pi:rpi5-15:MIC1
2026-09-04,18-19-32,ok,partial,4,3298726,20,21710037,0,0,pi:rpi5-14:MIC1;pi:rpi5-15:MIC1
2026-09-04,18-27-10,ok,partial,4,3569186,20,18086399,0,0,pi:rpi5-13:MIC2;pi:rpi5-15:MIC1
2026-09-04,18-33-30,ok,partial,4,3811636,22,20667489,0,0,pi:rpi5-15:MIC1
2026-09-04,18-40-19,ok,partial,4,2108396,22,18217440,0,0,pi:rpi5-15:MIC1
2026-09-04,18-46-38,ok,partial,4,444867,22,13973739,0,0,pi:rpi5-15:MIC1
2026-09-05,10-55-35,ok,ok,4,24332,24,1642611,0,0,
2026-09-05,10-56-48,ok,ok,4,11183,24,321935,0,0,
2026-09-05,10-58-41,ok,ok,4,40011,24,823779,0,0,
2026-09-05,11-07-21,ok,ok,4,43463,24,1201889,0,0,
2026-09-05,11-16-34,ok,ok,4,1105183,24,20417815,0,0,
2026-09-05,11-26-32,ok,partial,4,2054797,22,17602174,0,0,pi:rpi5-13:MIC2
2026-09-05,11-34-44,ok,partial,4,2937810,20,19709477,0,0,pi:rpi5-13:MIC2;pi:rpi5-15:MIC2
2026-09-05,11-46-58,ok,partial,4,425594,22,5916741,0,0,pi:rpi5-13:MIC2
2026-09-05,11-50-11,ok,partial,4,1492829,22,12818481,0,0,pi:rpi5-13:MIC2
2026-09-05,11-55-51,ok,partial,4,2458291,20,16167949,0,0,pi:rpi5-11:MIC1;pi:rpi5-13:MIC2
2026-09-05,12-02-02,ok,partial,4,1933716,20,15079965,0,0,pi:rpi5-11:MIC1;pi:rpi5-13:MIC2
2026-09-05,12-11-12,ok,partial,4,5903638,20,20323594,0,0,pi:rpi5-11:MIC1;pi:rpi5-13:MIC2
2026-09-05,12-30-47,ok,partial,4,2169389,20,21920068,0,0,pi:rpi5-11:MIC1;pi:rpi5-13:MIC2
2026-09-05,12-38-15,ok,partial,4,5328568,20,26284639,0,0,pi:rpi5-11:MIC1;pi:rpi5-13:MIC2
2026-09-05,12-46-52,ok,partial,4,6888484,20,26574666,0,0,pi:rpi5-11:MIC1;pi:rpi5-13:MIC2
2026-09-05,12-54-58,ok,partial,4,6407960,18,19531188,0,0,pi:rpi5-11:MIC1;pi:rpi5-13:MIC2;pi:rpi5-16:MIC1
2026-09-05,13-01-45,ok,partial,4,3099672,20,19646154,0,0,pi:rpi5-11:MIC1;pi:rpi5-13:MIC2
2026-09-05,13-08-15,ok,partial,4,4755819,20,18570529,0,0,pi:rpi5-11:MIC1;pi:rpi5-13:MIC2
2026-09-05,13-14-33,ok,partial,4,5048648,20,18608332,0,0,pi:rpi5-11:MIC1;pi:rpi5-13:MIC2
2026-09-05,13-20-48,ok,partial,4,4047027,20,19724672,0,0,pi:rpi5-11:MIC1;pi:rpi5-13:MIC2
2026-09-05,13-26-55,ok,partial,4,4058875,20,18773143,0,0,pi:rpi5-11:MIC1;pi:rpi5-13:MIC2
2026-09-05,13-32-59,ok,partial,4,4534770,20,23610261,0,0,pi:rpi5-11:MIC1;pi:rpi5-13:MIC2
2026-09-05,13-41-05,ok,partial,4,3292360,20,20215231,0,0,pi:rpi5-11:MIC1;pi:rpi5-13:MIC2
2026-09-05,13-48-20,ok,partial,4,2782695,20,16662734,0,0,pi:rpi5-11:MIC1;pi:rpi5-13:MIC2
2026-09-05,13-54-29,ok,partial,4,4510379,20,18663748,0,0,pi:rpi5-11:MIC1;pi:rpi5-13:MIC2
2026-09-05,14-01-07,ok,partial,4,3537148,20,17306771,0,0,pi:rpi5-11:MIC1;pi:rpi5-13:MIC2
2026-09-05,14-07-20,ok,partial,4,4923141,20,17390230,0,0,pi:rpi5-11:MIC1;pi:rpi5-13:MIC2
2026-09-05,14-13-31,ok,partial,4,5719724,20,19584962,0,0,pi:rpi5-11:MIC1;pi:rpi5-13:MIC2
2026-09-05,14-19-39,ok,partial,4,6379172,20,20143270,0,0,pi:rpi5-11:MIC1;pi:rpi5-13:MIC2
2026-09-05,14-26-26,ok,partial,4,5872643,20,19968508,0,0,pi:rpi5-11:MIC1;pi:rpi5-13:MIC2
2026-09-05,14-32-58,ok,partial,4,3841421,20,18016180,0,0,pi:rpi5-11:MIC1;pi:rpi5-13:MIC2
2026-09-05,14-39-19,ok,partial,4,2584470,20,16663030,0,0,pi:rpi5-11:MIC1;pi:rpi5-13:MIC2
2026-09-05,14-45-31,ok,partial,4,857685,18,5620119,0,0,pi:rpi5-11:MIC1;pi:rpi5-12:MIC1;pi:rpi5-13:MIC2
2026-09-05,14-48-24,ok,partial,4,5243137,18,15743883,0,0,pi:rpi5-11:MIC1;pi:rpi5-11:MIC2;pi:rpi5-13:MIC2
2026-09-05,14-54-57,ok,partial,4,2054856,20,20389313,0,0,pi:rpi5-11:MIC1;pi:rpi5-13:MIC2
2026-09-05,15-02-44,ok,partial,4,1216184,20,19115065,0,0,pi:rpi5-11:MIC1;pi:rpi5-13:MIC2
2026-09-05,15-10-13,ok,partial,4,2306402,20,16457203,0,0,pi:rpi5-11:MIC1;pi:rpi5-13:MIC2
2026-09-05,15-16-22,ok,partial,4,3367713,20,17376104,0,0,pi:rpi5-11:MIC1;pi:rpi5-13:MIC2
2026-09-05,15-22-26,ok,partial,4,5208762,20,19734530,0,0,pi:rpi5-11:MIC1;pi:rpi5-13:MIC2
2026-09-05,15-28-33,ok,partial,4,5664968,18,18182693,0,0,pi:rpi5-11:MIC1;pi:rpi5-12:MIC1;pi:rpi5-13:MIC2
2026-09-05,15-35-00,ok,partial,4,5406253,18,17478956,0,0,pi:rpi5-11:MIC1;pi:rpi5-13:MIC1;pi:rpi5-13:MIC2
2026-09-05,15-44-04,ok,partial,4,3040344,20,20558924,0,0,pi:rpi5-11:MIC1;pi:rpi5-13:MIC2
2026-09-05,15-51-50,ok,partial,4,4019806,20,21627591,0,0,pi:rpi5-11:MIC1;pi:rpi5-13:MIC2
2026-09-05,15-59-35,ok,partial,4,6212085,20,26605299,0,0,pi:rpi5-11:MIC1;pi:rpi5-13:MIC2
2026-09-05,16-13-24,ok,partial,4,2128236,20,27796098,0,0,pi:rpi5-11:MIC1;pi:rpi5-13:MIC2
2026-09-05,16-23-59,ok,partial,4,1777527,20,16172279,0,0,pi:rpi5-11:MIC1;pi:rpi5-13:MIC2
2026-09-05,16-30-07,ok,partial,4,3328802,18,18516180,0,0,pi:rpi5-11:MIC1;pi:rpi5-11:MIC2;pi:rpi5-13:MIC2
2026-09-05,16-37-44,ok,partial,4,7102874,20,27486570,0,0,pi:rpi5-11:MIC1;pi:rpi5-13:MIC2
2026-09-05,16-47-00,ok,partial,4,4386115,18,18313080,0,0,pi:rpi5-11:MIC1;pi:rpi5-12:MIC1;pi:rpi5-13:MIC2
2026-09-05,16-54-33,ok,partial,4,7698683,20,26045465,0,0,pi:rpi5-11:MIC1;pi:rpi5-13:MIC2
2026-09-05,17-03-07,ok,partial,4,3994784,18,15649281,0,0,pi:rpi5-11:MIC1;pi:rpi5-13:MIC2;pi:rpi5-15:MIC1
2026-09-05,17-10-30,ok,partial,4,3201871,16,14353988,0,0,pi:rpi5-11:MIC1;pi:rpi5-12:MIC2;pi:rpi5-13:MIC2;pi:rpi5-14:MIC2
2026-09-05,17-18-55,ok,partial,4,3824753,18,19397226,0,0,pi:rpi5-11:MIC1;pi:rpi5-13:MIC1;pi:rpi5-13:MIC2
2026-09-05,17-26-23,ok,partial,4,5864352,20,25303187,0,0,pi:rpi5-11:MIC1;pi:rpi5-13:MIC2
2026-09-05,17-35-35,ok,partial,4,2487406,20,21069519,0,0,pi:rpi5-11:MIC1;pi:rpi5-13:MIC2
2026-09-05,17-43-11,ok,partial,4,3886331,20,26189244,0,0,pi:rpi5-11:MIC1;pi:rpi5-13:MIC2
2026-09-05,17-55-25,ok,partial,4,4492618,20,21026350,0,0,pi:rpi5-11:MIC1;pi:rpi5-13:MIC2
2026-09-05,18-02-51,ok,partial,4,6086669,18,20259750,0,0,pi:rpi5-11:MIC1;pi:rpi5-13:MIC1;pi:rpi5-13:MIC2
2026-09-05,18-10-38,ok,partial,4,4770645,20,20972912,0,0,pi:rpi5-11:MIC1;pi:rpi5-13:MIC2
2026-09-05,18-18-16,ok,partial,4,3942572,20,21941396,0,0,pi:rpi5-11:MIC1;pi:rpi5-13:MIC2
2026-09-05,18-25-59,ok,partial,4,3883035,20,21746135,0,0,pi:rpi5-11:MIC1;pi:rpi5-13:MIC2
2026-09-05,18-34-04,ok,partial,4,5539573,20,21971854,0,0,pi:rpi5-11:MIC1;pi:rpi5-13:MIC2
2026-09-05,18-41-36,ok,partial,4,2101809,18,18112616,0,0,pi:rpi5-11:MIC1;pi:rpi5-13:MIC2;pi:rpi5-16:MIC1
2026-09-06,10-42-15,ok,ok,4,44810,24,502574,0,0,
2026-09-06,10-43-18,ok,ok,4,19114,24,534645,0,0,
2026-09-06,10-44-17,ok,ok,4,253016,24,3363622,0,0,
2026-09-06,10-46-52,ok,ok,4,11214,24,276104,0,0,
2026-09-06,11-03-04,ok,ok,4,751681,24,20893379,0,0,
2026-09-06,11-35-16,ok,partial,4,932615,22,21732630,0,0,pi:rpi5-11:MIC2
2026-09-06,11-43-58,ok,ok,4,160298,24,13729353,0,0,
2026-09-06,11-48-22,ok,partial,4,2470514,22,18665120,0,0,pi:rpi5-13:MIC1
2026-09-06,12-02-40,ok,ok,4,2743357,24,20838951,0,0,
2026-09-06,12-09-40,ok,partial,4,2548407,22,16763485,0,0,pi:rpi5-11:MIC1
2026-09-06,12-19-29,ok,partial,4,1928755,22,22900492,0,0,pi:rpi5-14:MIC2
2026-09-06,12-27-03,ok,partial,4,2661069,20,15182453,0,0,pi:rpi5-13:MIC1;pi:rpi5-14:MIC2
2026-09-06,12-33-01,ok,partial,4,2856537,22,16857307,0,0,pi:rpi5-14:MIC2
2026-09-06,12-39-02,ok,partial,4,2792191,20,14619551,0,0,pi:rpi5-13:MIC1;pi:rpi5-14:MIC2
2026-09-06,12-45-16,ok,partial,4,4203254,18,17545438,0,0,pi:rpi5-12:MIC1;pi:rpi5-14:MIC1;pi:rpi5-14:MIC2
2026-09-06,12-52-51,ok,partial,4,2789024,20,15026766,0,0,pi:rpi5-12:MIC1;pi:rpi5-14:MIC2
2026-09-06,12-58-54,ok,partial,4,2915400,20,15800498,0,0,pi:rpi5-12:MIC1;pi:rpi5-14:MIC2
2026-09-06,13-04-58,ok,partial,4,2426134,18,13776848,0,0,pi:rpi5-12:MIC1;pi:rpi5-14:MIC2;pi:rpi5-15:MIC2
2026-09-06,13-11-00,ok,partial,4,2487984,20,25099937,0,0,pi:rpi5-12:MIC1;pi:rpi5-14:MIC2
2026-09-06,13-22-47,ok,partial,4,3321397,20,15961709,0,0,pi:rpi5-12:MIC1;pi:rpi5-14:MIC2
2026-09-06,13-29-02,ok,partial,4,1062270,20,13798757,0,0,pi:rpi5-12:MIC1;pi:rpi5-14:MIC2
2026-09-06,13-37-05,ok,partial,4,2961297,20,15520606,0,0,pi:rpi5-12:MIC1;pi:rpi5-14:MIC2
2026-09-06,13-43-44,ok,partial,4,4093187,18,17640547,0,0,pi:rpi5-12:MIC1;pi:rpi5-12:MIC2;pi:rpi5-14:MIC2
2026-09-06,13-52-14,ok,partial,4,2480285,20,15166305,0,0,pi:rpi5-12:MIC1;pi:rpi5-14:MIC2
2026-09-06,13-58-21,ok,partial,4,3331322,18,28695810,0,0,pi:rpi5-12:MIC1;pi:rpi5-14:MIC1;pi:rpi5-14:MIC2
2026-09-06,14-13-06,ok,partial,4,3366162,18,17137875,0,0,pi:rpi5-12:MIC1;pi:rpi5-13:MIC2;pi:rpi5-14:MIC2
2026-09-06,14-20-41,ok,partial,4,2928665,20,34654499,0,0,pi:rpi5-12:MIC1;pi:rpi5-14:MIC2
2026-09-06,14-35-03,ok,partial,4,5079673,20,22841841,0,0,pi:rpi5-12:MIC1;pi:rpi5-14:MIC2
2026-09-06,14-42-32,ok,partial,4,4007995,20,19819555,0,0,pi:rpi5-12:MIC1;pi:rpi5-14:MIC2
2026-09-06,14-49-56,ok,partial,4,4892596,20,37240109,0,0,pi:rpi5-12:MIC1;pi:rpi5-14:MIC2
2026-09-06,15-05-21,ok,partial,4,3688884,18,14015611,0,0,pi:rpi5-12:MIC1;pi:rpi5-14:MIC2;pi:rpi5-15:MIC1
2026-09-06,15-12-06,ok,partial,4,4838267,16,17223125,0,0,pi:rpi5-11:MIC1;pi:rpi5-11:MIC2;pi:rpi5-12:MIC1;pi:rpi5-14:MIC2
2026-09-06,15-19-30,ok,partial,4,7623616,18,23652675,0,0,pi:rpi5-12:MIC1;pi:rpi5-12:MIC2;pi:rpi5-14:MIC2
2026-09-06,15-27-21,ok,partial,4,7630249,20,25619275,0,0,pi:rpi5-12:MIC1;pi:rpi5-14:MIC2
2026-09-06,15-35-06,ok,partial,4,2794121,20,17127713,0,0,pi:rpi5-12:MIC1;pi:rpi5-14:MIC2
2026-09-06,15-41-28,ok,partial,4,7800382,18,23748593,0,0,pi:rpi5-12:MIC1;pi:rpi5-13:MIC1;pi:rpi5-14:MIC2
2026-09-06,15-48-57,ok,partial,4,5226168,20,21591426,0,0,pi:rpi5-12:MIC1;pi:rpi5-14:MIC2
2026-09-06,15-58-49,ok,partial,4,4782580,20,21240933,0,0,pi:rpi5-12:MIC1;pi:rpi5-14:MIC2
2026-09-06,16-06-18,ok,partial,4,1986293,20,15594820,0,0,pi:rpi5-12:MIC1;pi:rpi5-14:MIC2
2026-09-06,16-12-41,ok,partial,4,4841692,20,22132281,0,0,pi:rpi5-12:MIC1;pi:rpi5-14:MIC2
2026-09-06,16-21-05,ok,partial,4,6303023,20,24285372,0,0,pi:rpi5-12:MIC1;pi:rpi5-14:MIC2
2026-09-06,16-28-57,ok,partial,4,6639440,20,21885536,0,0,pi:rpi5-12:MIC1;pi:rpi5-14:MIC2
2026-09-06,16-37-33,ok,partial,4,559403,20,18795512,0,0,pi:rpi5-12:MIC1;pi:rpi5-14:MIC2
2026-09-06,16-44-53,ok,partial,4,4702545,20,22491792,0,0,pi:rpi5-12:MIC1;pi:rpi5-14:MIC2
2026-09-06,16-52-42,ok,partial,4,3465623,20,19660456,0,0,pi:rpi5-12:MIC1;pi:rpi5-14:MIC2
2026-09-06,17-00-12,ok,partial,4,4039259,20,20699482,0,0,pi:rpi5-12:MIC1;pi:rpi5-14:MIC2
2026-09-06,17-08-09,ok,partial,4,4643253,20,17957279,0,0,pi:rpi5-12:MIC1;pi:rpi5-14:MIC2
2026-09-06,17-14-34,ok,partial,4,3993663,18,15559542,0,0,pi:rpi5-12:MIC1;pi:rpi5-13:MIC1;pi:rpi5-14:MIC2
2026-09-06,17-20-42,ok,partial,4,3701542,20,16796366,0,0,pi:rpi5-12:MIC1;pi:rpi5-14:MIC2
2026-09-06,17-26-49,ok,partial,4,4047739,20,17602328,0,0,pi:rpi5-12:MIC1;pi:rpi5-14:MIC2
2026-09-06,17-33-03,ok,partial,4,5198863,16,17730273,0,0,pi:rpi5-12:MIC1;pi:rpi5-14:MIC2;pi:rpi5-15:MIC1;pi:rpi5-16:MIC1
2026-09-06,17-40-39,ok,partial,4,6303762,20,23251003,0,0,pi:rpi5-12:MIC1;pi:rpi5-14:MIC2
2026-09-06,17-48-44,ok,partial,4,6367615,20,19774711,0,0,pi:rpi5-12:MIC1;pi:rpi5-14:MIC2
2026-09-06,17-54-46,ok,partial,4,3630467,20,17916755,0,0,pi:rpi5-12:MIC1;pi:rpi5-14:MIC2
2026-09-06,18-01-32,ok,partial,4,3099805,20,15456360,0,0,pi:rpi5-12:MIC1;pi:rpi5-14:MIC2
2026-09-06,18-07-37,ok,partial,4,4559789,16,15712443,0,0,pi:rpi5-11:MIC1;pi:rpi5-12:MIC1;pi:rpi5-14:MIC2;pi:rpi5-16:MIC2
2026-09-06,18-14-32,ok,partial,4,4104551,20,18171836,0,0,pi:rpi5-12:MIC1;pi:rpi5-14:MIC2
2026-09-06,18-21-01,ok,partial,4,3580017,18,16699129,0,0,pi:rpi5-12:MIC1;pi:rpi5-13:MIC2;pi:rpi5-14:MIC2
2026-09-06,18-27-09,ok,partial,4,2287154,20,16930502,0,0,pi:rpi5-12:MIC1;pi:rpi5-14:MIC2
2026-09-06,18-33-25,ok,partial,4,2372670,18,14052814,0,0,pi:rpi5-12:MIC1;pi:rpi5-14:MIC1;pi:rpi5-14:MIC2
2026-09-06,18-39-47,ok,partial,4,3339036,20,17406358,0,0,pi:rpi5-12:MIC1;pi:rpi5-14:MIC2
2026-09-06,18-45-52,ok,partial,4,3500659,20,15826448,0,0,pi:rpi5-12:MIC1;pi:rpi5-14:MIC2
2026-09-06,18-52-38,ok,partial,4,2720815,20,13258131,0,0,pi:rpi5-12:MIC1;pi:rpi5-14:MIC2
2026-09-08,10-50-30,ok,partial,4,252916,8,8460041,0,0,pi:rpi5-12:MIC1;pi:rpi5-12:MIC2;pi:rpi5-13:MIC1;pi:rpi5-13:MIC2;pi:rpi5-14:MIC1;pi:rpi5-14:MIC2;pi:rpi5-16:MIC1;pi:rpi5-16:MIC2
2026-09-08,11-28-13,ok,partial,4,993863,22,21636777,0,0,pi:rpi5-12:MIC1
2026-09-08,11-37-35,ok,partial,4,1421861,22,21474834,0,0,pi:rpi5-12:MIC1
2026-09-08,12-05-47,ok,partial,4,1866218,22,18464875,0,0,pi:rpi5-12:MIC1
2026-09-08,12-22-49,ok,partial,4,2353688,20,19801403,0,0,pi:rpi5-12:MIC1;pi:rpi5-13:MIC1
2026-09-08,12-30-16,ok,partial,4,3025339,22,20901829,0,0,pi:rpi5-12:MIC1
2026-09-08,12-39-43,ok,partial,4,2007574,22,17569275,0,0,pi:rpi5-12:MIC1
2026-09-08,12-49-30,ok,partial,4,3269171,22,23208171,0,0,pi:rpi5-12:MIC1
2026-09-08,12-58-00,ok,partial,4,1228392,22,20560561,0,0,pi:rpi5-12:MIC1
2026-09-08,13-07-42,ok,partial,4,341424,22,21582478,0,0,pi:rpi5-12:MIC1
2026-09-08,13-23-17,ok,partial,4,2626471,22,20766431,0,0,pi:rpi5-12:MIC1
2026-09-08,13-30-47,ok,partial,4,3469247,22,21548691,0,0,pi:rpi5-12:MIC1
2026-09-08,13-38-27,ok,partial,4,2969209,20,18397250,0,0,pi:rpi5-12:MIC1;pi:rpi5-13:MIC1
2026-09-08,13-49-41,ok,partial,4,2475221,22,19813952,0,0,pi:rpi5-12:MIC1
2026-09-08,13-57-09,ok,partial,4,3112170,20,19281513,0,0,pi:rpi5-11:MIC2;pi:rpi5-12:MIC1
2026-09-08,14-04-39,ok,partial,4,3661789,22,22073788,0,0,pi:rpi5-12:MIC1
2026-09-08,14-12-23,ok,partial,4,5194755,20,22395111,0,0,pi:rpi5-12:MIC1;pi:rpi5-13:MIC2
2026-09-08,14-20-46,ok,partial,4,3384696,20,20229650,0,0,pi:rpi5-12:MIC1;pi:rpi5-16:MIC2
2026-09-08,14-28-25,ok,partial,4,670188,22,20488052,0,0,pi:rpi5-12:MIC1
2026-09-08,14-36-02,ok,partial,4,2396796,22,20485909,0,0,pi:rpi5-12:MIC1
2026-09-08,14-43-27,ok,partial,4,4454422,22,21277913,0,0,pi:rpi5-12:MIC1
2026-09-08,14-51-07,ok,partial,4,4308988,22,19131957,0,0,pi:rpi5-12:MIC1
2026-09-08,14-58-38,ok,partial,4,1207006,22,19528497,0,0,pi:rpi5-12:MIC1
2026-09-08,15-07-24,ok,partial,4,2525140,18,17698751,0,0,pi:rpi5-11:MIC1;pi:rpi5-12:MIC1;pi:rpi5-13:MIC1
2026-09-08,15-15-03,ok,partial,4,3390887,22,17544257,0,0,pi:rpi5-12:MIC1
2026-09-08,15-21-26,ok,partial,4,1625649,22,21358402,0,0,pi:rpi5-12:MIC1
2026-09-08,15-29-10,ok,partial,4,3261871,22,22290285,0,0,pi:rpi5-12:MIC1
2026-09-08,15-37-15,ok,partial,4,4370229,18,32747727,0,0,pi:rpi5-12:MIC1;pi:rpi5-12:MIC2;pi:rpi5-14:MIC1
2026-09-08,16-13-42,ok,partial,4,2039869,20,18283945,0,0,pi:rpi5-12:MIC1;pi:rpi5-16:MIC2
2026-09-08,16-21-11,ok,partial,4,3025199,22,20079451,0,0,pi:rpi5-12:MIC1
2026-09-08,16-29-52,ok,partial,4,3539966,22,23756790,0,0,pi:rpi5-12:MIC1
2026-09-08,16-37-43,ok,partial,4,4275313,22,21768192,0,0,pi:rpi5-12:MIC1
2026-09-08,16-45-18,ok,partial,4,5840684,20,22166817,0,0,pi:rpi5-11:MIC1;pi:rpi5-12:MIC1
2026-09-08,16-53-06,ok,partial,4,4814624,22,22327593,0,0,pi:rpi5-12:MIC1
2026-09-08,17-03-28,ok,partial,4,2529578,22,21318359,0,0,pi:rpi5-12:MIC1
2026-09-08,17-13-18,ok,partial,4,2199598,18,18627874,0,0,pi:rpi5-11:MIC2;pi:rpi5-12:MIC1;pi:rpi5-13:MIC1
2026-09-08,17-21-10,ok,partial,4,4292762,18,17581228,0,0,pi:rpi5-11:MIC2;pi:rpi5-12:MIC1;pi:rpi5-13:MIC1
2026-09-08,17-28-37,ok,partial,4,5567729,18,19109103,0,0,pi:rpi5-11:MIC2;pi:rpi5-12:MIC1;pi:rpi5-13:MIC1
2026-09-08,17-36-10,ok,partial,4,4487809,16,16434589,0,0,pi:rpi5-11:MIC2;pi:rpi5-12:MIC1;pi:rpi5-13:MIC1;pi:rpi5-15:MIC1
2026-09-08,17-43-32,ok,partial,4,2379784,18,12929450,0,0,pi:rpi5-11:MIC2;pi:rpi5-12:MIC1;pi:rpi5-13:MIC1
2026-09-08,17-49-29,ok,partial,4,1744639,18,13587041,0,0,pi:rpi5-11:MIC2;pi:rpi5-12:MIC1;pi:rpi5-13:MIC1
2026-09-08,18-04-19,ok,partial,4,2242527,18,16716865,0,0,pi:rpi5-11:MIC2;pi:rpi5-12:MIC1;pi:rpi5-13:MIC1
2026-09-08,18-11-20,ok,partial,4,1776121,16,13317899,0,0,pi:rpi5-11:MIC2;pi:rpi5-12:MIC1;pi:rpi5-13:MIC1;pi:rpi5-16:MIC1
2026-09-08,18-17-42,ok,partial,4,1529083,18,16141747,0,0,pi:rpi5-11:MIC2;pi:rpi5-12:MIC1;pi:rpi5-13:MIC1
2026-09-08,18-24-13,ok,partial,4,1602950,16,16450787,0,0,pi:rpi5-11:MIC2;pi:rpi5-12:MIC1;pi:rpi5-12:MIC2;pi:rpi5-13:MIC1
2026-09-08,18-31-41,ok,partial,4,3860645,18,19596533,0,0,pi:rpi5-11:MIC2;pi:rpi5-12:MIC1;pi:rpi5-13:MIC1
2026-09-08,18-40-16,ok,partial,4,646936,14,12585916,0,0,pi:rpi5-11:MIC2;pi:rpi5-12:MIC1;pi:rpi5-13:MIC1;pi:rpi5-13:MIC2;pi:rpi5-16:MIC2
2026-09-08,18-48-34,ok,partial,4,613648,18,18112487,0,0,pi:rpi5-11:MIC2;pi:rpi5-12:MIC1;pi:rpi5-13:MIC1
2026-09-09,11-22-04,ok,partial,4,6684,5,4305,0,0,pi:rpi5-11:MIC2;pi:rpi5-13:MIC1;pi:rpi5-13:MIC2;pi:rpi5-15:MIC1;pi:rpi5-15:MIC2;pi:rpi5-16:MIC1;pi:rpi5-16:MIC2
2026-09-09,11-24-19,ok,partial,4,2098338,22,22110062,0,0,pi:rpi5-12:MIC2
2026-09-09,11-45-03,ok,partial,4,846423,20,18540899,0,0,pi:rpi5-11:MIC2;pi:rpi5-12:MIC1
2026-09-09,11-52-22,ok,ok,4,1697544,24,21790939,0,0,
2026-09-09,12-17-05,ok,ok,4,1744213,24,21017339,0,0,
2026-09-09,12-41-07,ok,ok,4,1451613,24,22441443,0,0,
2026-09-09,12-48-48,ok,ok,4,1810433,24,22683031,0,0,
2026-09-09,12-59-07,ok,ok,4,854790,24,16702365,0,0,
2026-09-09,13-13-12,ok,ok,4,1244266,24,22742866,0,0,
2026-09-09,13-21-33,ok,ok,4,388981,24,5883463,0,0,
2026-09-09,13-27-47,ok,partial,4,1553492,22,19130373,0,0,pi:rpi5-12:MIC1
2026-09-09,13-36-55,ok,partial,4,3119235,22,23097198,0,0,pi:rpi5-15:MIC1
2026-09-09,13-44-46,ok,partial,4,6288397,18,22437260,0,0,pi:rpi5-15:MIC1;pi:rpi5-16:MIC1;pi:rpi5-16:MIC2
2026-09-09,13-53-41,ok,partial,4,2456469,20,18744399,0,0,pi:rpi5-15:MIC1;pi:rpi5-16:MIC1
2026-09-09,14-00-08,ok,partial,4,2717398,20,17742840,0,0,pi:rpi5-15:MIC1;pi:rpi5-16:MIC1
2026-09-09,14-06-38,ok,partial,4,1531214,20,19360777,0,0,pi:rpi5-15:MIC1;pi:rpi5-16:MIC1
2026-09-09,14-14-02,ok,partial,4,1104503,18,16128305,0,0,pi:rpi5-15:MIC1;pi:rpi5-15:MIC2;pi:rpi5-16:MIC1
2026-09-09,14-24-03,ok,partial,4,1645603,16,16785729,0,0,pi:rpi5-11:MIC2;pi:rpi5-12:MIC2;pi:rpi5-15:MIC1;pi:rpi5-16:MIC1
2026-09-09,14-32-19,ok,partial,4,1937944,18,18773902,0,0,pi:rpi5-12:MIC1;pi:rpi5-15:MIC1;pi:rpi5-16:MIC1
2026-09-09,14-39-51,ok,partial,4,2598923,20,21407677,0,0,pi:rpi5-15:MIC1;pi:rpi5-16:MIC1
2026-09-09,14-50-39,ok,partial,4,2092459,20,20651895,0,0,pi:rpi5-15:MIC1;pi:rpi5-16:MIC1
2026-09-09,14-58-13,ok,partial,4,2120348,20,19810143,0,0,pi:rpi5-15:MIC1;pi:rpi5-16:MIC1
2026-09-09,15-06-01,ok,partial,4,4004710,20,17797006,0,0,pi:rpi5-15:MIC1;pi:rpi5-16:MIC1
2026-09-09,15-12-41,ok,partial,4,5467858,20,20911120,0,0,pi:rpi5-15:MIC1;pi:rpi5-16:MIC1
2026-09-09,15-20-15,ok,partial,4,6569332,20,23176585,0,0,pi:rpi5-15:MIC1;pi:rpi5-16:MIC1
2026-09-09,15-27-59,ok,partial,4,8401883,20,23750121,0,0,pi:rpi5-15:MIC1;pi:rpi5-16:MIC1
2026-09-09,15-37-45,ok,partial,4,7000858,20,21014961,0,0,pi:rpi5-15:MIC1;pi:rpi5-16:MIC1
2026-09-09,15-44-56,ok,partial,4,7112968,20,23556069,0,0,pi:rpi5-15:MIC1;pi:rpi5-16:MIC1
2026-09-09,15-52-35,ok,partial,4,6855873,20,23128060,0,0,pi:rpi5-15:MIC1;pi:rpi5-16:MIC1
2026-09-09,15-59-54,ok,partial,4,4565990,18,18999485,0,0,pi:rpi5-14:MIC1;pi:rpi5-15:MIC1;pi:rpi5-16:MIC1
2026-09-09,16-06-46,ok,partial,4,2417723,20,14832216,0,0,pi:rpi5-15:MIC1;pi:rpi5-16:MIC1
2026-09-09,16-12-50,ok,partial,4,2530212,18,14603711,0,0,pi:rpi5-13:MIC2;pi:rpi5-15:MIC1;pi:rpi5-16:MIC1
2026-09-09,16-18-53,ok,partial,4,1798498,20,19098216,0,0,pi:rpi5-15:MIC1;pi:rpi5-16:MIC1
2026-09-09,16-26-20,ok,partial,4,3813154,20,16978958,0,0,pi:rpi5-15:MIC1;pi:rpi5-16:MIC1
2026-09-09,16-32-30,ok,partial,4,4055688,18,16224487,0,0,pi:rpi5-15:MIC1;pi:rpi5-16:MIC1;pi:rpi5-16:MIC2
2026-09-09,16-38-50,ok,partial,4,3194943,18,16517892,0,0,pi:rpi5-13:MIC1;pi:rpi5-15:MIC1;pi:rpi5-16:MIC1
2026-09-09,16-45-32,ok,partial,4,3362549,20,17525616,0,0,pi:rpi5-15:MIC1;pi:rpi5-16:MIC1
2026-09-09,16-52-11,ok,partial,4,3683453,20,18788573,0,0,pi:rpi5-15:MIC1;pi:rpi5-16:MIC1
2026-09-09,16-58-46,ok,partial,4,3395431,20,18700556,0,0,pi:rpi5-15:MIC1;pi:rpi5-16:MIC1
2026-09-09,17-05-48,ok,partial,4,2726513,20,14602328,0,0,pi:rpi5-15:MIC1;pi:rpi5-16:MIC1
2026-09-09,17-12-24,ok,partial,4,2221339,20,15713160,0,0,pi:rpi5-15:MIC1;pi:rpi5-16:MIC1
2026-09-09,17-18-51,ok,partial,4,2463887,18,16764830,0,0,pi:rpi5-14:MIC1;pi:rpi5-15:MIC1;pi:rpi5-16:MIC1
2026-09-09,17-26-47,ok,partial,4,2916488,20,18182470,0,0,pi:rpi5-15:MIC1;pi:rpi5-16:MIC1
2026-09-09,17-33-30,ok,partial,4,3074480,20,16434001,0,0,pi:rpi5-15:MIC1;pi:rpi5-16:MIC1
2026-09-09,17-40-12,ok,partial,4,2528342,20,19201390,0,0,pi:rpi5-15:MIC1;pi:rpi5-16:MIC1
2026-09-09,17-47-47,ok,partial,4,1320047,20,20296201,0,0,pi:rpi5-15:MIC1;pi:rpi5-16:MIC1
2026-09-09,17-55-11,ok,partial,4,867844,20,19114189,0,0,pi:rpi5-15:MIC1;pi:rpi5-16:MIC1
2026-09-09,18-07-20,ok,partial,4,585408,20,19583179,0,0,pi:rpi5-15:MIC1;pi:rpi5-16:MIC1
2026-09-09,18-17-32,ok,partial,4,1742443,20,19761200,0,0,pi:rpi5-15:MIC1;pi:rpi5-16:MIC1
2026-09-09,18-29-35,ok,partial,4,2878917,20,15539298,0,0,pi:rpi5-15:MIC1;pi:rpi5-16:MIC1
2026-09-09,18-35-56,ok,partial,4,1765976,20,15072218,0,0,pi:rpi5-15:MIC1;pi:rpi5-16:MIC1
2026-09-10,11-16-29,ok,partial,4,395688,20,20054845,0,0,pi:rpi5-13:MIC2;pi:rpi5-15:MIC2
2026-09-10,11-25-33,ok,partial,4,838618,18,17277341,0,0,pi:rpi5-11:MIC2;pi:rpi5-13:MIC2;pi:rpi5-14:MIC2
2026-09-10,11-33-30,ok,partial,4,1527163,22,21353376,0,0,pi:rpi5-16:MIC1
2026-09-10,12-16-02,ok,ok,4,2320064,24,23743909,0,0,
2026-09-10,12-23-30,ok,ok,4,2866725,24,49378740,0,0,
2026-09-10,12-52-50,ok,ok,4,2106549,24,22086890,0,0,
2026-09-10,13-00-17,ok,ok,4,542046,24,18213453,0,0,
2026-09-10,13-07-07,ok,partial,4,675734,22,20091979,0,0,pi:rpi5-16:MIC2
2026-09-10,13-14-48,ok,ok,4,1090532,24,22624450,0,0,
2026-09-10,13-24-20,ok,partial,4,2618297,22,25551790,0,0,pi:rpi5-13:MIC1
2026-09-10,13-37-39,ok,partial,4,3542453,20,22948607,0,0,pi:rpi5-12:MIC2;pi:rpi5-13:MIC1
2026-09-10,13-46-09,ok,partial,4,1697084,22,20364997,0,0,pi:rpi5-13:MIC1
2026-09-10,13-56-32,ok,partial,4,1574228,22,15121556,0,0,pi:rpi5-13:MIC1
2026-09-10,14-14-09,ok,partial,4,4333913,20,21824448,0,0,pi:rpi5-13:MIC1;pi:rpi5-15:MIC2
2026-09-10,14-21-38,ok,partial,4,3375931,22,20655529,0,0,pi:rpi5-13:MIC1
2026-09-10,14-29-13,ok,partial,4,3359660,22,20620457,0,0,pi:rpi5-13:MIC1
2026-09-10,14-36-55,ok,partial,4,975373,22,20987798,0,0,pi:rpi5-13:MIC1
2026-09-10,14-44-37,ok,partial,4,2892870,20,19623352,0,0,pi:rpi5-13:MIC1;pi:rpi5-16:MIC1
2026-09-10,14-52-06,ok,partial,4,2663906,22,20086575,0,0,pi:rpi5-13:MIC1
2026-09-10,15-02-03,ok,partial,4,1474232,18,16099089,0,0,pi:rpi5-11:MIC1;pi:rpi5-13:MIC1;pi:rpi5-15:MIC1
2026-09-10,15-09-31,ok,partial,4,3107812,22,47111917,0,0,pi:rpi5-13:MIC1
2026-09-10,15-28-23,ok,partial,4,4294771,22,23131296,0,0,pi:rpi5-13:MIC1
2026-09-10,15-36-12,ok,partial,4,3828576,22,23213937,0,0,pi:rpi5-13:MIC1
2026-09-10,15-43-56,ok,partial,4,4093814,22,26906737,0,0,pi:rpi5-13:MIC1
2026-09-10,15-53-00,ok,partial,4,5435037,20,22265530,0,0,pi:rpi5-13:MIC1;pi:rpi5-16:MIC2
2026-09-10,16-01-12,ok,partial,4,7746368,20,22098098,0,0,pi:rpi5-11:MIC1;pi:rpi5-13:MIC1
2026-09-10,16-08-45,ok,partial,4,8119752,22,23011153,0,0,pi:rpi5-13:MIC1
2026-09-10,16-16-12,ok,partial,4,5196218,22,23119435,0,0,pi:rpi5-13:MIC1
2026-09-10,16-23-43,ok,partial,4,4328565,22,21062129,0,0,pi:rpi5-13:MIC1
2026-09-10,16-31-01,ok,partial,4,4084608,20,20679234,0,0,pi:rpi5-13:MIC1;pi:rpi5-15:MIC2
2026-09-10,16-38-52,ok,partial,4,2507504,18,17385455,0,0,pi:rpi5-12:MIC1;pi:rpi5-13:MIC1;pi:rpi5-13:MIC2
2026-09-10,16-46-28,ok,partial,4,3280153,22,24196641,0,0,pi:rpi5-13:MIC1
2026-09-10,16-54-01,ok,partial,4,5109073,22,24941408,0,0,pi:rpi5-13:MIC1
2026-09-10,17-02-04,ok,partial,4,2859346,22,23137308,0,0,pi:rpi5-13:MIC1
2026-09-10,17-09-39,ok,partial,4,4939791,20,21180964,0,0,pi:rpi5-11:MIC2;pi:rpi5-13:MIC1
2026-09-10,17-17-22,ok,partial,4,3980214,22,23025227,0,0,pi:rpi5-13:MIC1
2026-09-10,17-26-03,ok,partial,4,2898864,22,22667670,0,0,pi:rpi5-13:MIC1
2026-09-10,17-33-39,ok,partial,4,2272671,22,21556078,0,0,pi:rpi5-13:MIC1
2026-09-10,17-43-13,ok,partial,4,4238148,22,45947749,0,0,pi:rpi5-13:MIC1
2026-09-10,18-28-33,ok,partial,4,3646099,22,21630334,0,0,pi:rpi5-13:MIC1
2026-09-10,18-36-01,ok,partial,4,4967320,22,23699388,0,0,pi:rpi5-13:MIC1
2026-09-10,18-44-12,ok,partial,4,3859232,22,18681307,0,0,pi:rpi5-13:MIC1
2026-09-10,18-50-29,ok,partial,4,850932,22,11002215,0,0,pi:rpi5-13:MIC1
2026-09-11,11-16-15,ok,partial,4,1879089,22,8493090,0,0,pi:rpi5-15:MIC1
2026-09-11,11-19-39,ok,partial,4,1227271,22,16196531,0,0,pi:rpi5-12:MIC1
2026-09-11,11-27-07,ok,partial,4,3364861,22,21552094,0,0,pi:rpi5-11:MIC1
2026-09-11,11-34-35,ok,ok,4,1497179,24,19439533,0,0,
2026-09-11,11-40-40,ok,ok,4,3118596,24,20412678,0,0,
2026-09-11,11-49-37,ok,ok,4,2328643,24,22968870,0,0,
2026-09-11,11-57-06,ok,ok,4,2793589,24,18363038,0,0,
2026-09-11,12-03-19,ok,partial,4,1440043,22,18127588,0,0,pi:rpi5-16:MIC2
2026-09-11,12-12-08,ok,partial,4,2529797,22,19604186,0,0,pi:rpi5-11:MIC2
2026-09-11,12-18-15,ok,partial,4,252967,20,14990473,0,0,pi:rpi5-11:MIC2;pi:rpi5-12:MIC1
2026-09-11,12-30-06,ok,partial,4,486803,22,21420693,0,0,pi:rpi5-11:MIC2
2026-09-11,12-52-58,ok,partial,4,1556736,20,21169788,0,0,pi:rpi5-11:MIC2;pi:rpi5-15:MIC1
2026-09-11,13-00-26,ok,partial,4,4945442,20,25185986,0,0,pi:rpi5-11:MIC2;pi:rpi5-15:MIC1
2026-09-11,13-09-27,ok,partial,4,4257705,18,15740953,0,0,pi:rpi5-11:MIC2;pi:rpi5-15:MIC1;pi:rpi5-15:MIC2
2026-09-11,13-16-01,ok,partial,4,2911030,20,15718476,0,0,pi:rpi5-11:MIC2;pi:rpi5-15:MIC1
2026-09-11,13-22-51,ok,partial,4,2837322,18,14333235,0,0,pi:rpi5-11:MIC2;pi:rpi5-15:MIC1;pi:rpi5-16:MIC1
2026-09-11,13-29-06,ok,partial,4,5511936,20,25329529,0,0,pi:rpi5-11:MIC2;pi:rpi5-15:MIC1
2026-09-11,13-37-16,ok,partial,4,3758115,20,21822195,0,0,pi:rpi5-11:MIC2;pi:rpi5-15:MIC1
2026-09-11,13-45-03,ok,partial,4,3047802,18,16155952,0,0,pi:rpi5-11:MIC2;pi:rpi5-13:MIC1;pi:rpi5-15:MIC1
2026-09-11,13-51-20,ok,partial,4,3151324,20,19053671,0,0,pi:rpi5-11:MIC2;pi:rpi5-15:MIC1
2026-09-11,13-58-20,ok,partial,4,1461002,18,17948726,0,0,pi:rpi5-11:MIC1;pi:rpi5-11:MIC2;pi:rpi5-15:MIC1
2026-09-11,14-11-18,ok,partial,4,3308374,20,20046290,0,0,pi:rpi5-11:MIC2;pi:rpi5-15:MIC1
2026-09-11,14-20-37,ok,partial,4,3410407,18,17068381,0,0,pi:rpi5-11:MIC2;pi:rpi5-12:MIC2;pi:rpi5-15:MIC1
2026-09-11,14-27-30,ok,partial,4,4241332,18,18231647,0,0,pi:rpi5-11:MIC2;pi:rpi5-15:MIC1;pi:rpi5-15:MIC2
2026-09-11,14-35-01,ok,partial,4,4351260,20,21749677,0,0,pi:rpi5-11:MIC2;pi:rpi5-15:MIC1
2026-09-11,14-42-37,ok,partial,4,4549512,20,30465255,0,0,pi:rpi5-11:MIC2;pi:rpi5-15:MIC1
2026-09-11,14-53-46,ok,partial,4,4492786,16,14226684,0,0,pi:rpi5-11:MIC2;pi:rpi5-14:MIC2;pi:rpi5-15:MIC1;pi:rpi5-16:MIC2
2026-09-11,15-00-34,ok,partial,4,10889384,20,47141673,0,0,pi:rpi5-11:MIC2;pi:rpi5-15:MIC1
2026-09-11,15-19-13,ok,partial,4,4021994,20,18777153,0,0,pi:rpi5-11:MIC2;pi:rpi5-15:MIC1
2026-09-11,15-26-05,ok,partial,4,3970248,18,14942822,0,0,pi:rpi5-11:MIC1;pi:rpi5-11:MIC2;pi:rpi5-15:MIC1
2026-09-11,15-32-12,ok,partial,4,5143966,20,17708033,0,0,pi:rpi5-11:MIC2;pi:rpi5-15:MIC1
2026-09-11,15-42-55,ok,partial,4,3335652,20,19942437,0,0,pi:rpi5-11:MIC2;pi:rpi5-15:MIC1
2026-09-11,15-50-18,ok,partial,4,2548254,20,16956872,0,0,pi:rpi5-11:MIC2;pi:rpi5-15:MIC1
2026-09-11,15-59-54,ok,partial,4,2661886,20,15762825,0,0,pi:rpi5-11:MIC2;pi:rpi5-15:MIC1
2026-09-11,16-06-09,ok,partial,4,2977302,20,17067102,0,0,pi:rpi5-11:MIC2;pi:rpi5-15:MIC1
2026-09-11,16-13-08,ok,partial,4,2000524,20,19497900,0,0,pi:rpi5-11:MIC2;pi:rpi5-15:MIC1
2026-09-11,16-21-09,ok,partial,4,5776573,20,24903134,0,0,pi:rpi5-11:MIC2;pi:rpi5-15:MIC1
2026-09-11,16-29-40,ok,partial,4,3328806,18,15757488,0,0,pi:rpi5-11:MIC2;pi:rpi5-13:MIC2;pi:rpi5-15:MIC1
2026-09-11,16-36-24,ok,partial,4,1957872,18,19728349,0,0,pi:rpi5-11:MIC2;pi:rpi5-13:MIC2;pi:rpi5-15:MIC1
2026-09-11,16-43-47,ok,partial,4,5535843,18,22201625,0,0,pi:rpi5-11:MIC2;pi:rpi5-13:MIC2;pi:rpi5-15:MIC1
2026-09-11,16-51-19,ok,partial,4,4436398,18,15852587,0,0,pi:rpi5-11:MIC2;pi:rpi5-13:MIC2;pi:rpi5-15:MIC1
2026-09-11,16-57-57,ok,partial,4,3062246,18,16986849,0,0,pi:rpi5-11:MIC2;pi:rpi5-13:MIC2;pi:rpi5-15:MIC1
2026-09-11,17-04-29,ok,partial,4,3243591,14,17025317,0,0,pi:rpi5-11:MIC2;pi:rpi5-12:MIC1;pi:rpi5-13:MIC2;pi:rpi5-14:MIC2;pi:rpi5-15:MIC1
2026-09-11,17-11-57,ok,partial,4,5216760,14,15604680,0,0,pi:rpi5-11:MIC2;pi:rpi5-12:MIC1;pi:rpi5-12:MIC2;pi:rpi5-13:MIC2;pi:rpi5-15:MIC1
2026-09-11,17-19-24,ok,partial,4,5592452,14,14121417,0,0,pi:rpi5-11:MIC2;pi:rpi5-12:MIC1;pi:rpi5-13:MIC2;pi:rpi5-15:MIC1;pi:rpi5-16:MIC2
2026-09-11,17-25-47,ok,partial,4,2871687,16,18114292,0,0,pi:rpi5-11:MIC2;pi:rpi5-12:MIC1;pi:rpi5-13:MIC2;pi:rpi5-15:MIC1
2026-09-11,17-33-18,ok,partial,4,2171464,16,16560838,0,0,pi:rpi5-11:MIC2;pi:rpi5-12:MIC1;pi:rpi5-13:MIC2;pi:rpi5-15:MIC1
2026-09-11,17-41-01,ok,partial,4,1672242,16,17858496,0,0,pi:rpi5-11:MIC2;pi:rpi5-12:MIC1;pi:rpi5-13:MIC2;pi:rpi5-15:MIC1
2026-09-11,17-49-12,ok,partial,4,3552750,16,18255506,0,0,pi:rpi5-11:MIC2;pi:rpi5-12:MIC1;pi:rpi5-13:MIC2;pi:rpi5-15:MIC1
2026-09-11,17-56-15,ok,partial,4,4725383,16,15405184,0,0,pi:rpi5-11:MIC2;pi:rpi5-12:MIC1;pi:rpi5-13:MIC2;pi:rpi5-15:MIC1
2026-09-11,18-02-51,ok,partial,4,3468874,14,13670127,0,0,pi:rpi5-11:MIC2;pi:rpi5-12:MIC1;pi:rpi5-13:MIC2;pi:rpi5-15:MIC1;pi:rpi5-16:MIC1
2026-09-11,18-09-10,ok,partial,4,3291341,16,20275275,0,0,pi:rpi5-11:MIC2;pi:rpi5-12:MIC1;pi:rpi5-13:MIC2;pi:rpi5-15:MIC1
2026-09-11,18-17-00,ok,partial,4,2545654,16,14173239,0,0,pi:rpi5-11:MIC2;pi:rpi5-12:MIC1;pi:rpi5-13:MIC2;pi:rpi5-15:MIC1
2026-09-11,18-29-39,ok,partial,4,3185696,16,19128815,0,0,pi:rpi5-11:MIC2;pi:rpi5-12:MIC1;pi:rpi5-13:MIC2;pi:rpi5-15:MIC1
2026-09-11,18-37-14,ok,partial,4,3592869,16,18381833,0,0,pi:rpi5-11:MIC2;pi:rpi5-12:MIC1;pi:rpi5-13:MIC2;pi:rpi5-15:MIC1
2026-09-11,18-44-41,ok,partial,4,1302499,16,11987936,0,0,pi:rpi5-11:MIC2;pi:rpi5-12:MIC1;pi:rpi5-13:MIC2;pi:rpi5-15:MIC1
2026-09-12,10-54-05,ok,ok,4,64457,24,1746251,0,0,
2026-09-12,10-56-56,ok,ok,4,526137,24,25786417,0,0,
2026-09-12,11-05-26,ok,ok,4,4185390,24,24774547,0,0,
2026-09-12,11-12-55,ok,ok,4,8389709,24,27427381,0,0,
2026-09-12,11-20-34,ok,ok,4,9051479,24,24630205,0,0,
2026-09-12,11-28-25,ok,ok,4,6645477,24,25698941,0,0,
2026-09-12,11-37-36,ok,ok,4,8332461,24,24198393,0,0,
2026-09-12,11-46-58,ok,ok,4,8421661,24,27429651,0,0,
2026-09-12,11-59-45,ok,partial,4,8039058,22,24817054,0,0,pi:rpi5-14:MIC2
2026-09-12,12-07-36,ok,partial,4,4462588,22,23223897,0,0,pi:rpi5-14:MIC2
2026-09-12,12-16-36,ok,partial,4,3822328,20,21275885,0,0,pi:rpi5-14:MIC2;pi:rpi5-15:MIC2
2026-09-12,12-24-58,ok,partial,4,3028809,22,23155644,0,0,pi:rpi5-14:MIC2
2026-09-12,12-33-36,ok,partial,4,3094045,22,24721671,0,0,pi:rpi5-14:MIC2
2026-09-12,12-41-34,ok,partial,4,3530100,20,20747719,0,0,pi:rpi5-11:MIC2;pi:rpi5-14:MIC2
2026-09-12,12-49-15,ok,partial,4,3400333,20,21296715,0,0,pi:rpi5-13:MIC1;pi:rpi5-14:MIC2
2026-09-12,13-08-05,ok,partial,4,3900247,20,20864304,0,0,pi:rpi5-13:MIC1;pi:rpi5-14:MIC2
2026-09-12,13-18-34,ok,partial,4,3115110,16,17115522,0,0,pi:rpi5-11:MIC2;pi:rpi5-13:MIC1;pi:rpi5-14:MIC2;pi:rpi5-15:MIC1
2026-09-12,13-25-49,ok,partial,4,2676388,18,16828675,0,0,pi:rpi5-11:MIC2;pi:rpi5-13:MIC1;pi:rpi5-14:MIC2
2026-09-12,13-32-44,ok,partial,4,2157713,18,17500376,0,0,pi:rpi5-11:MIC2;pi:rpi5-13:MIC1;pi:rpi5-14:MIC2
2026-09-12,13-40-09,ok,partial,4,1979695,16,11784094,0,0,pi:rpi5-11:MIC2;pi:rpi5-12:MIC1;pi:rpi5-13:MIC1;pi:rpi5-14:MIC2
2026-09-12,13-47-15,ok,partial,4,1740554,18,14533271,0,0,pi:rpi5-11:MIC2;pi:rpi5-13:MIC1;pi:rpi5-14:MIC2
2026-09-12,13-54-14,ok,partial,4,1323808,18,14698508,0,0,pi:rpi5-11:MIC2;pi:rpi5-13:MIC1;pi:rpi5-14:MIC2
2026-09-12,14-00-15,ok,partial,4,2375269,18,17069726,0,0,pi:rpi5-11:MIC2;pi:rpi5-13:MIC1;pi:rpi5-14:MIC2
2026-09-12,14-07-18,ok,partial,4,2295126,18,18401643,0,0,pi:rpi5-11:MIC2;pi:rpi5-13:MIC1;pi:rpi5-14:MIC2
2026-09-12,14-14-55,ok,partial,4,3241777,18,15729268,0,0,pi:rpi5-11:MIC2;pi:rpi5-13:MIC1;pi:rpi5-14:MIC2
2026-09-12,14-20-58,ok,partial,4,4071431,16,14375413,0,0,pi:rpi5-11:MIC2;pi:rpi5-13:MIC1;pi:rpi5-14:MIC2;pi:rpi5-15:MIC1
2026-09-12,14-26-53,ok,partial,4,3849686,16,15358274,0,0,pi:rpi5-11:MIC1;pi:rpi5-11:MIC2;pi:rpi5-13:MIC1;pi:rpi5-14:MIC2
2026-09-12,14-33-24,ok,partial,4,3651178,16,18285620,0,0,pi:rpi5-11:MIC2;pi:rpi5-13:MIC1;pi:rpi5-14:MIC2;pi:rpi5-16:MIC1
2026-09-12,14-41-16,ok,partial,4,3106532,18,18012912,0,0,pi:rpi5-11:MIC2;pi:rpi5-13:MIC1;pi:rpi5-14:MIC2
2026-09-12,14-48-42,ok,partial,4,2391114,18,17022074,0,0,pi:rpi5-11:MIC2;pi:rpi5-13:MIC1;pi:rpi5-14:MIC2
2026-09-12,14-55-56,ok,partial,4,6101241,18,18648460,0,0,pi:rpi5-11:MIC2;pi:rpi5-13:MIC1;pi:rpi5-14:MIC2
2026-09-12,15-03-08,ok,partial,4,6824253,18,16048329,0,0,pi:rpi5-11:MIC2;pi:rpi5-13:MIC1;pi:rpi5-14:MIC2
2026-09-12,15-09-24,ok,partial,4,5915308,18,17054183,0,0,pi:rpi5-11:MIC2;pi:rpi5-13:MIC1;pi:rpi5-14:MIC2
2026-09-12,15-15-38,ok,partial,4,4035591,18,16480973,0,0,pi:rpi5-11:MIC2;pi:rpi5-13:MIC1;pi:rpi5-14:MIC2
2026-09-12,15-22-42,ok,partial,4,5219742,18,19668392,0,0,pi:rpi5-11:MIC2;pi:rpi5-13:MIC1;pi:rpi5-14:MIC2
2026-09-12,15-30-11,ok,partial,4,6864097,18,18519644,0,0,pi:rpi5-11:MIC2;pi:rpi5-13:MIC1;pi:rpi5-14:MIC2
2026-09-12,15-37-55,ok,partial,4,8181125,16,19863246,0,0,pi:rpi5-11:MIC2;pi:rpi5-13:MIC1;pi:rpi5-13:MIC2;pi:rpi5-14:MIC2
2026-09-12,15-46-57,ok,partial,4,5691662,12,13926296,0,0,pi:rpi5-11:MIC2;pi:rpi5-12:MIC2;pi:rpi5-13:MIC1;pi:rpi5-14:MIC2;pi:rpi5-15:MIC1;pi:rpi5-16:MIC2
2026-09-12,15-53-18,ok,partial,4,6798928,14,15764545,0,0,pi:rpi5-11:MIC2;pi:rpi5-13:MIC1;pi:rpi5-13:MIC2;pi:rpi5-14:MIC2;pi:rpi5-16:MIC2
2026-09-12,16-00-11,ok,partial,4,6332099,16,15747762,0,0,pi:rpi5-11:MIC2;pi:rpi5-13:MIC1;pi:rpi5-14:MIC2;pi:rpi5-16:MIC2
2026-09-12,16-06-46,ok,partial,4,4779082,16,21023680,0,0,pi:rpi5-11:MIC2;pi:rpi5-13:MIC1;pi:rpi5-14:MIC2;pi:rpi5-16:MIC2
2026-09-12,16-14-38,ok,partial,4,7964445,16,19874420,0,0,pi:rpi5-11:MIC2;pi:rpi5-13:MIC1;pi:rpi5-14:MIC2;pi:rpi5-16:MIC2
2026-09-12,16-22-05,ok,partial,4,7702714,16,19836404,0,0,pi:rpi5-11:MIC2;pi:rpi5-13:MIC1;pi:rpi5-14:MIC2;pi:rpi5-16:MIC2
2026-09-12,16-29-49,ok,partial,4,7232534,16,20307385,0,0,pi:rpi5-11:MIC2;pi:rpi5-13:MIC1;pi:rpi5-14:MIC2;pi:rpi5-16:MIC2
2026-09-12,16-37-13,ok,partial,4,7239315,16,21076940,0,0,pi:rpi5-11:MIC2;pi:rpi5-13:MIC1;pi:rpi5-14:MIC2;pi:rpi5-16:MIC2
2026-09-12,16-45-25,ok,partial,4,4286662,16,18837285,0,0,pi:rpi5-11:MIC2;pi:rpi5-13:MIC1;pi:rpi5-14:MIC2;pi:rpi5-16:MIC2
2026-09-12,16-53-13,ok,partial,4,9187900,16,22235307,0,0,pi:rpi5-11:MIC2;pi:rpi5-13:MIC1;pi:rpi5-14:MIC2;pi:rpi5-16:MIC2
2026-09-12,17-00-57,ok,partial,4,7363311,12,18292286,0,0,pi:rpi5-11:MIC2;pi:rpi5-12:MIC1;pi:rpi5-13:MIC1;pi:rpi5-14:MIC2;pi:rpi5-15:MIC1;pi:rpi5-16:MIC2
2026-09-12,17-08-32,ok,partial,4,5473038,14,16600335,0,0,pi:rpi5-11:MIC2;pi:rpi5-13:MIC1;pi:rpi5-14:MIC2;pi:rpi5-15:MIC1;pi:rpi5-16:MIC2
2026-09-12,17-15-02,ok,partial,4,6163923,14,17711655,0,0,pi:rpi5-11:MIC2;pi:rpi5-13:MIC1;pi:rpi5-14:MIC2;pi:rpi5-15:MIC1;pi:rpi5-16:MIC2
2026-09-12,17-21-27,ok,partial,4,5876167,14,16724991,0,0,pi:rpi5-11:MIC2;pi:rpi5-13:MIC1;pi:rpi5-14:MIC2;pi:rpi5-15:MIC1;pi:rpi5-16:MIC2
2026-09-12,17-27-27,ok,partial,4,2377203,14,5815703,0,0,pi:rpi5-11:MIC2;pi:rpi5-13:MIC1;pi:rpi5-14:MIC2;pi:rpi5-15:MIC1;pi:rpi5-16:MIC2
2026-09-12,17-30-40,ok,partial,4,7757193,10,11960563,0,0,pi:rpi5-11:MIC2;pi:rpi5-13:MIC1;pi:rpi5-14:MIC1;pi:rpi5-14:MIC2;pi:rpi5-15:MIC1;pi:rpi5-16:MIC1;pi:rpi5-16:MIC2
2026-09-12,17-39-29,ok,partial,4,7404561,14,19922761,0,0,pi:rpi5-11:MIC2;pi:rpi5-13:MIC1;pi:rpi5-14:MIC2;pi:rpi5-15:MIC1;pi:rpi5-16:MIC2
2026-09-12,17-47-13,ok,partial,4,5568452,14,19097096,0,0,pi:rpi5-11:MIC2;pi:rpi5-13:MIC1;pi:rpi5-14:MIC2;pi:rpi5-15:MIC1;pi:rpi5-16:MIC2
2026-09-12,17-55-15,ok,partial,4,2535858,14,13209527,0,0,pi:rpi5-11:MIC2;pi:rpi5-13:MIC1;pi:rpi5-14:MIC2;pi:rpi5-15:MIC1;pi:rpi5-16:MIC2
2026-09-12,18-01-25,ok,partial,4,6425838,12,16824154,0,0,pi:rpi5-11:MIC2;pi:rpi5-13:MIC1;pi:rpi5-14:MIC2;pi:rpi5-15:MIC1;pi:rpi5-15:MIC2;pi:rpi5-16:MIC2
2026-09-12,18-09-08,ok,partial,4,7889550,12,16111103,0,0,pi:rpi5-11:MIC2;pi:rpi5-13:MIC1;pi:rpi5-14:MIC2;pi:rpi5-15:MIC1;pi:rpi5-15:MIC2;pi:rpi5-16:MIC2
2026-09-12,18-16-57,ok,partial,4,6194657,14,17804494,0,0,pi:rpi5-11:MIC2;pi:rpi5-13:MIC1;pi:rpi5-14:MIC2;pi:rpi5-15:MIC1;pi:rpi5-16:MIC2
2026-09-12,18-24-40,ok,partial,4,5825612,14,18087867,0,0,pi:rpi5-11:MIC2;pi:rpi5-13:MIC1;pi:rpi5-14:MIC2;pi:rpi5-15:MIC1;pi:rpi5-16:MIC2
2026-09-12,18-32-20,ok,partial,4,4882536,12,13733774,0,0,pi:rpi5-11:MIC2;pi:rpi5-13:MIC1;pi:rpi5-14:MIC2;pi:rpi5-15:MIC1;pi:rpi5-16:MIC1;pi:rpi5-16:MIC2
2026-09-12,18-39-20,ok,partial,4,4521553,14,16598344,0,0,pi:rpi5-11:MIC2;pi:rpi5-13:MIC1;pi:rpi5-14:MIC2;pi:rpi5-15:MIC1;pi:rpi5-16:MIC2
2026-09-13,10-46-20,ok,partial,4,14514,22,612934,0,0,pi:rpi5-11:MIC1
2026-09-13,10-47-17,ok,ok,4,7757,24,305846,0,0,
2026-09-13,10-49-25,ok,ok,4,13599,24,763161,0,0,
2026-09-13,11-13-29,ok,ok,4,63431,24,1979228,0,0,
2026-09-13,11-15-51,ok,ok,4,266449,24,24300466,0,0,
2026-09-13,11-42-00,ok,ok,4,2187323,24,22782743,0,0,
2026-09-13,12-03-09,ok,partial,4,1221413,22,21318548,0,0,pi:rpi5-15:MIC2
2026-09-13,12-12-54,ok,ok,4,2417003,24,21776766,0,0,
2026-09-13,12-20-23,ok,partial,4,3016212,22,19776035,0,0,pi:rpi5-15:MIC2
2026-09-13,12-27-25,ok,ok,4,5507568,24,50941346,0,0,
2026-09-13,12-46-03,ok,partial,4,5027212,22,44079082,0,0,pi:rpi5-13:MIC1
2026-09-13,13-02-12,ok,ok,4,2391710,24,34255742,0,0,
2026-09-13,13-14-46,ok,ok,4,1869923,24,23202149,0,0,
2026-09-13,13-23-16,ok,ok,4,4265835,24,35159266,0,0,
2026-09-13,13-36-33,ok,ok,4,2242020,24,23759681,0,0,
2026-09-13,13-43-59,ok,ok,4,3929295,24,22403462,0,0,
2026-09-13,13-51-38,ok,partial,4,5300936,22,22828419,0,0,pi:rpi5-15:MIC1
2026-09-13,14-00-15,ok,partial,4,7413665,22,25795535,0,0,pi:rpi5-15:MIC1
2026-09-13,14-08-11,ok,partial,4,6401986,22,24914233,0,0,pi:rpi5-11:MIC1
2026-09-13,14-16-39,ok,ok,4,5128383,24,24050221,0,0,
2026-09-13,14-24-31,ok,ok,4,4299389,24,28953221,0,0,
2026-09-13,14-35-06,ok,partial,4,7356108,22,24254943,0,0,pi:rpi5-11:MIC1
2026-09-13,14-42-40,ok,ok,4,9477978,24,31349706,0,0,
2026-09-13,14-52-25,ok,ok,4,5472191,24,24552186,0,0,
2026-09-13,14-59-53,ok,ok,4,5480738,24,25137589,0,0,
2026-09-13,15-07-43,ok,ok,4,4709763,24,25152433,0,0,
2026-09-13,15-15-35,ok,ok,4,7233665,24,27200732,0,0,
2026-09-13,15-23-14,ok,ok,4,7185897,24,25931251,0,0,
2026-09-13,15-31-28,ok,partial,4,8806653,20,22827394,0,0,pi:rpi5-12:MIC2;pi:rpi5-14:MIC1
2026-09-13,15-39-03,ok,ok,4,8826662,24,26876091,0,0,
2026-09-13,15-47-05,ok,partial,4,9102973,22,25797484,0,0,pi:rpi5-14:MIC2
2026-09-13,15-54-55,ok,ok,4,6673429,24,27167433,0,0,
2026-09-13,16-16-56,ok,ok,4,27063,24,535002,0,0,
2026-09-13,16-19-54,ok,ok,4,130443,24,2586937,0,0,
2026-09-13,16-22-03,ok,partial,4,366906,22,4591715,0,0,pi:rpi5-12:MIC1
2026-09-13,16-25-36,ok,ok,4,23777,24,517282,0,0,
2026-09-13,16-29-13,ok,ok,4,59663,24,826220,0,0,
2026-09-13,16-33-30,ok,ok,4,2417130,24,22375783,0,0,
2026-09-13,16-40-47,ok,ok,4,3701386,24,25245236,0,0,
2026-09-13,16-48-30,ok,ok,4,2673593,24,18541031,0,0,
2026-09-13,16-54-29,ok,partial,4,5166836,22,19197808,0,0,pi:rpi5-14:MIC1
2026-09-13,17-01-26,ok,ok,4,3191138,24,19524958,0,0,
2026-09-13,17-08-28,ok,ok,4,6498731,24,22044699,0,0,
2026-09-13,17-15-24,ok,partial,4,3021347,22,16972184,0,0,pi:rpi5-16:MIC1
2026-09-13,17-21-34,ok,partial,4,2577689,22,18401966,0,0,pi:rpi5-13:MIC2
2026-09-13,17-27-52,ok,ok,4,4432517,24,18968587,0,0,
2026-09-13,17-34-22,ok,ok,4,622150,24,13173487,0,0,
2026-09-13,17-41-14,ok,ok,4,6905122,24,22524349,0,0,
2026-09-13,17-47-55,ok,partial,4,2557286,22,19783753,0,0,pi:rpi5-15:MIC1
2026-09-13,17-55-25,ok,ok,4,4462964,24,24877532,0,0,
2026-09-13,18-03-15,ok,ok,4,4084106,24,19351637,0,0,
2026-09-13,18-09-17,ok,ok,4,4727182,24,19836464,0,0,
2026-09-13,18-15-41,ok,ok,4,5731235,24,21206760,0,0,
2026-09-13,18-22-30,ok,partial,4,5485672,22,17816532,0,0,pi:rpi5-12:MIC2
2026-09-13,18-28-48,ok,partial,4,2906926,22,17400764,0,0,pi:rpi5-11:MIC1
2026-09-13,18-37-58,ok,ok,4,1754248,24,17712587,0,0,
2026-09-13,18-44-06,ok,partial,4,2567411,20,17163086,0,0,pi:rpi5-11:MIC2;pi:rpi5-15:MIC2
2026-09-15,10-33-21,ok,failed,4,446229,0,0,0,0,pi:rpi5-11:MIC1;pi:rpi5-11:MIC2;pi:rpi5-12:MIC1;pi:rpi5-12:MIC2;pi:rpi5-13:MIC1;pi:rpi5-13:MIC2;pi:rpi5-14:MIC1;pi:rpi5-14:MIC2;pi:rpi5-15:MIC1;pi:rpi5-15:MIC2;pi:rpi5-16:MIC1;pi:rpi5-16:MIC2
2026-09-15,10-47-41,ok,ok,4,195703,24,25363402,0,0,
2026-09-15,10-59-54,ok,ok,4,894138,24,16804960,0,0,
2026-09-15,11-08-31,ok,ok,4,6506696,24,16618485,0,0,
2026-09-15,11-34-46,ok,ok,4,3364762,24,20562037,0,0,
2026-09-15,11-42-58,ok,ok,4,458551,24,22067202,0,0,
2026-09-15,12-11-40,ok,ok,4,1105248,24,21874665,0,0,
2026-09-15,12-23-40,ok,ok,4,263735,24,22871192,0,0,
2026-09-15,12-40-28,ok,partial,4,711305,22,21423459,0,0,pi:rpi5-11:MIC1
2026-09-15,12-47-51,ok,ok,4,2017555,24,23092633,0,0,
2026-09-15,13-00-04,ok,partial,4,3196695,22,21346411,0,0,pi:rpi5-14:MIC1
2026-09-15,13-07-31,ok,partial,4,3856765,22,24131699,0,0,pi:rpi5-14:MIC1
2026-09-15,13-16-10,ok,partial,4,3366472,20,18397760,0,0,pi:rpi5-14:MIC1;pi:rpi5-15:MIC2
2026-09-15,13-23-46,ok,partial,4,3035577,22,16353277,0,0,pi:rpi5-14:MIC1
2026-09-15,13-30-15,ok,partial,4,2909302,20,18889911,0,0,pi:rpi5-14:MIC1;pi:rpi5-15:MIC1
2026-09-15,13-37-12,ok,partial,4,4494669,20,21667474,0,0,pi:rpi5-14:MIC1;pi:rpi5-15:MIC1
2026-09-15,13-45-17,ok,partial,4,9595731,20,25862460,0,0,pi:rpi5-14:MIC1;pi:rpi5-15:MIC1
2026-09-15,14-05-11,ok,partial,4,7292744,20,22064371,0,0,pi:rpi5-14:MIC1;pi:rpi5-15:MIC1
2026-09-15,14-13-11,ok,partial,4,2299117,20,18831453,0,0,pi:rpi5-14:MIC1;pi:rpi5-15:MIC1
2026-09-15,14-22-22,ok,partial,4,4116786,20,22143738,0,0,pi:rpi5-14:MIC1;pi:rpi5-15:MIC1
2026-09-15,14-29-59,ok,partial,4,3825920,20,21801175,0,0,pi:rpi5-14:MIC1;pi:rpi5-15:MIC1
2026-09-15,14-38-03,ok,partial,4,5278151,20,20524203,0,0,pi:rpi5-14:MIC1;pi:rpi5-15:MIC1
2026-09-15,14-45-26,ok,partial,4,4454034,18,20598881,0,0,pi:rpi5-12:MIC2;pi:rpi5-14:MIC1;pi:rpi5-15:MIC1
2026-09-15,14-55-04,ok,partial,4,2295348,20,19341630,0,0,pi:rpi5-14:MIC1;pi:rpi5-15:MIC1
2026-09-15,15-02-41,ok,partial,4,7220932,20,21404248,0,0,pi:rpi5-14:MIC1;pi:rpi5-15:MIC1
2026-09-15,15-10-21,ok,partial,4,2292668,20,16247721,0,0,pi:rpi5-14:MIC1;pi:rpi5-15:MIC1
2026-09-15,15-16-43,ok,partial,4,3491661,20,21394885,0,0,pi:rpi5-14:MIC1;pi:rpi5-15:MIC1
2026-09-15,15-24-32,ok,partial,4,1215115,18,12638357,0,0,pi:rpi5-14:MIC1;pi:rpi5-14:MIC2;pi:rpi5-15:MIC1
2026-09-15,15-30-53,ok,partial,4,3997118,18,21172351,0,0,pi:rpi5-14:MIC1;pi:rpi5-14:MIC2;pi:rpi5-15:MIC1
2026-09-15,15-39-58,ok,partial,4,3251431,16,16117196,0,0,pi:rpi5-12:MIC2;pi:rpi5-14:MIC1;pi:rpi5-14:MIC2;pi:rpi5-15:MIC1
2026-09-15,15-47-40,ok,partial,4,2520038,18,20793457,0,0,pi:rpi5-14:MIC1;pi:rpi5-14:MIC2;pi:rpi5-15:MIC1
2026-09-15,15-58-42,ok,partial,4,2027356,16,15748256,0,0,pi:rpi5-11:MIC2;pi:rpi5-14:MIC1;pi:rpi5-14:MIC2;pi:rpi5-15:MIC1
2026-09-15,16-07-19,ok,partial,4,2117995,18,16605490,0,0,pi:rpi5-14:MIC1;pi:rpi5-14:MIC2;pi:rpi5-15:MIC1
2026-09-15,16-14-28,ok,partial,4,7906729,16,16119110,0,0,pi:rpi5-13:MIC2;pi:rpi5-14:MIC1;pi:rpi5-14:MIC2;pi:rpi5-15:MIC1
2026-09-15,16-22-03,ok,partial,4,2641745,18,16438805,0,0,pi:rpi5-14:MIC1;pi:rpi5-14:MIC2;pi:rpi5-15:MIC1
2026-09-15,16-29-23,ok,partial,4,3453686,16,16079105,0,0,pi:rpi5-12:MIC1;pi:rpi5-14:MIC1;pi:rpi5-14:MIC2;pi:rpi5-15:MIC1
2026-09-15,16-37-09,ok,partial,4,2500968,18,20516025,0,0,pi:rpi5-14:MIC1;pi:rpi5-14:MIC2;pi:rpi5-15:MIC1
2026-09-15,16-50-14,ok,partial,4,5010037,18,21158318,0,0,pi:rpi5-14:MIC1;pi:rpi5-14:MIC2;pi:rpi5-15:MIC1
2026-09-15,16-58-18,ok,partial,4,5046142,18,20471952,0,0,pi:rpi5-14:MIC1;pi:rpi5-14:MIC2;pi:rpi5-15:MIC1
2026-09-15,17-06-06,ok,partial,4,3301513,18,17197697,0,0,pi:rpi5-14:MIC1;pi:rpi5-14:MIC2;pi:rpi5-15:MIC1
2026-09-15,17-16-41,ok,partial,4,2941409,18,16507783,0,0,pi:rpi5-14:MIC1;pi:rpi5-14:MIC2;pi:rpi5-15:MIC1
2026-09-15,17-23-43,ok,partial,4,3657931,16,15375696,0,0,pi:rpi5-14:MIC1;pi:rpi5-14:MIC2;pi:rpi5-15:MIC1;pi:rpi5-16:MIC2
2026-09-15,17-30-23,ok,partial,4,1963409,18,13786623,0,0,pi:rpi5-14:MIC1;pi:rpi5-14:MIC2;pi:rpi5-15:MIC1
2026-09-15,17-37-11,ok,partial,4,933080,18,13228696,0,0,pi:rpi5-14:MIC1;pi:rpi5-14:MIC2;pi:rpi5-15:MIC1
2026-09-15,17-46-13,ok,partial,4,1376087,18,12683570,0,0,pi:rpi5-14:MIC1;pi:rpi5-14:MIC2;pi:rpi5-15:MIC1
2026-09-15,17-52-18,ok,partial,4,2753054,14,14945624,0,0,pi:rpi5-14:MIC1;pi:rpi5-14:MIC2;pi:rpi5-15:MIC1;pi:rpi5-16:MIC1;pi:rpi5-16:MIC2
2026-09-15,18-00-55,ok,partial,4,3255649,18,18992291,0,0,pi:rpi5-14:MIC1;pi:rpi5-14:MIC2;pi:rpi5-15:MIC1
2026-09-15,18-08-43,ok,partial,4,2688784,18,18713205,0,0,pi:rpi5-14:MIC1;pi:rpi5-14:MIC2;pi:rpi5-15:MIC1
2026-09-15,18-16-18,ok,partial,4,3403062,16,14580046,0,0,pi:rpi5-11:MIC2;pi:rpi5-14:MIC1;pi:rpi5-14:MIC2;pi:rpi5-15:MIC1
2026-09-15,18-24-06,ok,partial,4,2248395,18,12690043,0,0,pi:rpi5-14:MIC1;pi:rpi5-14:MIC2;pi:rpi5-15:MIC1
2026-09-15,18-32-18,ok,partial,4,2186497,18,18112979,0,0,pi:rpi5-14:MIC1;pi:rpi5-14:MIC2;pi:rpi5-15:MIC1
2026-09-15,18-42-39,ok,partial,4,2253967,18,18158377,0,0,pi:rpi5-14:MIC1;pi:rpi5-14:MIC2;pi:rpi5-15:MIC1
2026-09-16,10-49-26,ok,ok,4,183009,24,25476775,0,0,
2026-09-16,11-37-20,ok,partial,4,1685592,22,18817015,0,0,pi:rpi5-11:MIC1
2026-09-16,11-58-57,ok,ok,4,432481,24,23517932,0,0,
2026-09-16,12-06-41,ok,ok,4,1308037,24,21911349,0,0,
2026-09-16,12-14-07,ok,ok,4,1368680,24,22796788,0,0,
2026-09-16,12-23-48,ok,ok,4,1444101,24,22358026,0,0,
2026-09-16,12-56-36,ok,partial,4,1316699,22,20810030,0,0,pi:rpi5-15:MIC1
2026-09-16,13-05-28,ok,partial,4,1153991,22,21646130,0,0,pi:rpi5-15:MIC1
2026-09-16,13-12-56,ok,partial,4,1926570,20,20106952,0,0,pi:rpi5-15:MIC1;pi:rpi5-16:MIC2
2026-09-16,13-25-05,ok,partial,4,1620358,20,19830698,0,0,pi:rpi5-15:MIC1;pi:rpi5-16:MIC2
2026-09-16,13-32-37,ok,partial,4,1440490,20,18936835,0,0,pi:rpi5-15:MIC1;pi:rpi5-16:MIC2
2026-09-16,13-41-29,ok,partial,4,2185864,18,17444320,0,0,pi:rpi5-15:MIC1;pi:rpi5-15:MIC2;pi:rpi5-16:MIC2
2026-09-16,13-57-24,ok,partial,4,2671849,18,27744822,0,0,pi:rpi5-14:MIC1;pi:rpi5-15:MIC1;pi:rpi5-16:MIC2
2026-09-16,14-08-44,ok,partial,4,2019361,18,18136424,0,0,pi:rpi5-14:MIC1;pi:rpi5-15:MIC1;pi:rpi5-16:MIC2
2026-09-16,14-16-21,ok,partial,4,3669203,16,19419540,0,0,pi:rpi5-11:MIC1;pi:rpi5-14:MIC1;pi:rpi5-15:MIC1;pi:rpi5-16:MIC2
2026-09-16,14-24-09,ok,partial,4,4899332,18,21775996,0,0,pi:rpi5-14:MIC1;pi:rpi5-15:MIC1;pi:rpi5-16:MIC2
2026-09-16,14-31-38,ok,partial,4,4056861,18,40183436,0,0,pi:rpi5-14:MIC1;pi:rpi5-15:MIC1;pi:rpi5-16:MIC2
2026-09-16,14-48-40,ok,partial,4,4684038,16,34211434,0,0,pi:rpi5-14:MIC1;pi:rpi5-15:MIC1;pi:rpi5-16:MIC1;pi:rpi5-16:MIC2
2026-09-16,15-09-27,ok,partial,4,7498683,18,19560818,0,0,pi:rpi5-14:MIC1;pi:rpi5-15:MIC1;pi:rpi5-16:MIC2
2026-09-16,15-16-35,ok,partial,4,2882832,18,21379554,0,0,pi:rpi5-14:MIC1;pi:rpi5-15:MIC1;pi:rpi5-16:MIC2
2026-09-16,15-25-26,ok,partial,4,6371247,14,18199511,0,0,pi:rpi5-12:MIC1;pi:rpi5-13:MIC2;pi:rpi5-14:MIC1;pi:rpi5-15:MIC1;pi:rpi5-16:MIC2
2026-09-16,15-33-17,ok,partial,4,7814014,18,22556861,0,0,pi:rpi5-14:MIC1;pi:rpi5-15:MIC1;pi:rpi5-16:MIC2
2026-09-16,15-40-58,ok,partial,4,8273424,18,23881344,0,0,pi:rpi5-14:MIC1;pi:rpi5-15:MIC1;pi:rpi5-16:MIC2
2026-09-16,15-49-07,ok,partial,4,6885698,16,20001310,0,0,pi:rpi5-13:MIC1;pi:rpi5-14:MIC1;pi:rpi5-15:MIC1;pi:rpi5-16:MIC2
2026-09-16,15-56-40,ok,partial,4,6352567,18,22214968,0,0,pi:rpi5-14:MIC1;pi:rpi5-15:MIC1;pi:rpi5-16:MIC2
2026-09-16,16-04-23,ok,partial,4,6661532,16,18735861,0,0,pi:rpi5-11:MIC2;pi:rpi5-14:MIC1;pi:rpi5-15:MIC1;pi:rpi5-16:MIC2
2026-09-16,16-12-12,ok,partial,4,10646163,16,36244741,0,0,pi:rpi5-14:MIC1;pi:rpi5-15:MIC1;pi:rpi5-16:MIC1;pi:rpi5-16:MIC2
2026-09-16,16-38-11,ok,partial,4,4287046,18,20826273,0,0,pi:rpi5-14:MIC1;pi:rpi5-15:MIC1;pi:rpi5-16:MIC2
2026-09-16,16-46-01,ok,partial,4,6098900,16,39549292,0,0,pi:rpi5-11:MIC1;pi:rpi5-14:MIC1;pi:rpi5-15:MIC1;pi:rpi5-16:MIC2
2026-09-16,17-25-32,ok,partial,4,1996467,14,14948487,0,0,pi:rpi5-12:MIC2;pi:rpi5-13:MIC1;pi:rpi5-14:MIC1;pi:rpi5-15:MIC1;pi:rpi5-16:MIC2
2026-09-16,17-37-22,ok,partial,4,2416893,18,19925972,0,0,pi:rpi5-14:MIC1;pi:rpi5-15:MIC1;pi:rpi5-16:MIC2
2026-09-16,17-44-55,ok,partial,4,1767534,18,18734351,0,0,pi:rpi5-14:MIC1;pi:rpi5-15:MIC1;pi:rpi5-16:MIC2
2026-09-16,17-53-59,ok,partial,4,846777,18,18626547,0,0,pi:rpi5-14:MIC1;pi:rpi5-15:MIC1;pi:rpi5-16:MIC2
2026-09-16,18-13-23,ok,partial,4,1736025,18,14287041,0,0,pi:rpi5-14:MIC1;pi:rpi5-15:MIC1;pi:rpi5-16:MIC2
2026-09-16,18-29-16,ok,partial,4,1810009,18,18245801,0,0,pi:rpi5-14:MIC1;pi:rpi5-15:MIC1;pi:rpi5-16:MIC2
2026-09-16,18-36-43,ok,partial,4,2873529,16,14446630,0,0,pi:rpi5-14:MIC1;pi:rpi5-15:MIC1;pi:rpi5-16:MIC1;pi:rpi5-16:MIC2
2026-09-16,18-43-02,ok,partial,4,3004110,18,16333703,0,0,pi:rpi5-14:MIC1;pi:rpi5-15:MIC1;pi:rpi5-16:MIC2
2026-09-17,11-35-50,ok,ok,4,2479206,24,20792175,0,0,
2026-09-17,12-02-01,ok,ok,4,3684234,24,23104670,0,0,
2026-09-17,12-09-35,ok,ok,4,2665281,24,19201478,0,0,
2026-09-17,12-25-05,ok,ok,4,412599,24,23834721,0,0,
2026-09-17,12-35-21,ok,ok,4,386474,24,22683473,0,0,
2026-09-17,12-43-49,ok,ok,4,2787953,24,35409901,0,0,
2026-09-17,13-00-02,ok,ok,4,4455256,24,24183331,0,0,
2026-09-17,13-07-33,ok,ok,4,3213330,24,29778969,0,0,
2026-09-17,13-21-13,ok,partial,4,1104334,20,16640804,0,0,pi:rpi5-11:MIC1;pi:rpi5-12:MIC1
2026-09-17,13-28-35,ok,ok,4,3088631,24,22507358,0,0,
2026-09-17,13-36-06,ok,ok,4,3502998,24,22932239,0,0,
2026-09-17,13-43-42,ok,ok,4,5651452,24,27153733,0,0,
2026-09-17,13-52-19,ok,ok,4,4372906,24,22358720,0,0,
2026-09-17,14-01-30,ok,partial,4,3014174,22,28428909,0,0,pi:rpi5-14:MIC2
2026-09-17,14-13-50,ok,ok,4,2049046,24,21224332,0,0,
2026-09-17,14-21-22,ok,partial,4,7991147,20,39349756,0,0,pi:rpi5-15:MIC1;pi:rpi5-15:MIC2
2026-09-17,14-59-09,ok,ok,4,5489869,24,24377397,0,0,
2026-09-17,15-07-36,ok,ok,4,3339206,24,21796206,0,0,
2026-09-17,15-15-03,ok,partial,4,7625633,22,24196064,0,0,pi:rpi5-16:MIC2
2026-09-17,15-23-31,ok,ok,4,4277440,24,24142143,0,0,
2026-09-17,15-31-04,ok,ok,4,7569286,24,25728621,0,0,
2026-09-17,15-39-16,ok,ok,4,7150374,24,35017659,0,0,
2026-09-17,15-51-01,ok,ok,4,6961607,24,25412452,0,0,
2026-09-17,15-58-55,ok,partial,4,6273654,22,20898927,0,0,pi:rpi5-13:MIC2
2026-09-17,16-06-33,ok,ok,4,5246513,24,26040199,0,0,
2026-09-17,16-14-03,ok,ok,4,7903013,24,26106772,0,0,
2026-09-17,16-21-35,ok,ok,4,4539462,24,24216295,0,0,
2026-09-17,16-29-26,ok,partial,4,3480147,22,20994653,0,0,pi:rpi5-13:MIC2
2026-09-17,16-40-19,ok,ok,4,1692394,24,22916389,0,0,
2026-09-17,16-47-49,ok,ok,4,2364580,24,22360986,0,0,
2026-09-17,16-55-41,ok,ok,4,2208894,24,21458501,0,0,
2026-09-17,17-03-41,ok,ok,4,3536062,24,23235261,0,0,
2026-09-17,17-11-06,ok,partial,4,3630619,22,20849024,0,0,pi:rpi5-16:MIC1
2026-09-17,17-19-09,ok,partial,4,1993150,22,21837148,0,0,pi:rpi5-11:MIC1
2026-09-17,17-28-16,ok,partial,4,4501441,22,22228937,0,0,pi:rpi5-11:MIC1
2026-09-17,17-45-17,ok,partial,4,1877218,22,20273403,0,0,pi:rpi5-11:MIC1
2026-09-17,17-52-45,ok,partial,4,2291445,18,13494664,0,0,pi:rpi5-11:MIC1;pi:rpi5-11:MIC2;pi:rpi5-12:MIC1
2026-09-17,17-59-32,ok,partial,4,4529703,20,19227198,0,0,pi:rpi5-11:MIC1;pi:rpi5-12:MIC2
2026-09-17,18-07-00,ok,partial,4,3238405,22,23115700,0,0,pi:rpi5-11:MIC1
2026-09-17,18-21-39,ok,partial,4,2564542,22,22157093,0,0,pi:rpi5-11:MIC1
2026-09-17,18-32-52,ok,partial,4,1162976,22,21076338,0,0,pi:rpi5-11:MIC1
2026-09-17,18-44-42,ok,partial,4,2505019,20,19385086,0,0,pi:rpi5-11:MIC1;pi:rpi5-14:MIC1
2026-09-18,11-03-45,ok,ok,4,1871591,24,19943222,0,0,
2026-09-18,11-16-40,ok,ok,4,1067461,24,24174640,0,0,
2026-09-18,11-24-07,ok,partial,4,2724684,22,16473371,0,0,pi:rpi5-16:MIC2
2026-09-18,11-33-56,ok,ok,4,1398257,24,18761361,0,0,
2026-09-18,12-08-50,ok,ok,4,961301,24,15573572,0,0,
2026-09-18,12-19-16,ok,partial,4,1598303,22,16553969,0,0,pi:rpi5-15:MIC2
2026-09-18,12-34-07,ok,partial,4,1361812,20,14472589,0,0,pi:rpi5-14:MIC2;pi:rpi5-16:MIC2
2026-09-18,12-41-06,ok,ok,4,3567782,24,19313464,0,0,
2026-09-18,12-47-59,ok,partial,4,2270172,22,15895797,0,0,pi:rpi5-14:MIC2
2026-09-18,12-57-44,ok,ok,4,1451021,24,16895497,0,0,
2026-09-18,13-03-42,ok,ok,4,2085875,24,22544366,0,0,
2026-09-18,13-11-48,ok,partial,4,3505472,22,21280436,0,0,pi:rpi5-12:MIC1
2026-09-18,13-19-44,ok,partial,4,5990151,22,26053173,0,0,pi:rpi5-11:MIC2
2026-09-18,13-28-16,ok,partial,4,2727251,22,22647590,0,0,pi:rpi5-16:MIC1
2026-09-18,13-35-42,ok,ok,4,2441405,24,18615859,0,0,
2026-09-18,13-42-37,ok,ok,4,3806653,24,23814670,0,0,
2026-09-18,13-58-06,ok,ok,4,1366623,24,22563176,0,0,
2026-09-18,14-05-40,ok,ok,4,2233500,24,22913528,0,0,
2026-09-18,14-14-13,ok,ok,4,2395902,24,22229851,0,0,
2026-09-18,14-22-06,ok,partial,4,5220595,22,23696700,0,0,pi:rpi5-11:MIC2
2026-09-18,14-29-32,ok,ok,4,6131531,24,29484464,0,0,
2026-09-18,14-39-08,ok,partial,4,1764258,22,4661877,0,0,pi:rpi5-14:MIC1
2026-09-18,14-41-10,ok,ok,4,10005522,24,28956240,0,0,
2026-09-18,14-50-24,ok,partial,4,7386040,22,23493639,0,0,pi:rpi5-12:MIC1
2026-09-18,14-57-57,ok,ok,4,2906294,24,23261329,0,0,
2026-09-18,15-06-34,ok,ok,4,2656711,24,19448698,0,0,
2026-09-18,15-14-24,ok,ok,4,3719942,24,23367161,0,0,
2026-09-18,15-21-54,ok,ok,4,8987807,24,27973766,0,0,
2026-09-18,15-31-56,ok,ok,4,3982716,24,30266852,0,0,
2026-09-18,15-42-41,ok,ok,4,5845658,24,19802701,0,0,
2026-09-18,15-49-21,ok,partial,4,4497935,22,17761923,0,0,pi:rpi5-11:MIC1
2026-09-18,15-55-55,ok,ok,4,3940936,24,18531733,0,0,
2026-09-18,16-02-01,ok,ok,4,4004147,24,22594380,0,0,
2026-09-18,16-09-32,ok,ok,4,4546326,24,23323123,0,0,
2026-09-18,16-17-04,ok,ok,4,6098818,24,24688482,0,0,
2026-09-18,16-24-32,ok,partial,4,2888704,22,20042927,0,0,pi:rpi5-16:MIC1
2026-09-18,16-32-22,ok,partial,4,2018777,22,20102074,0,0,pi:rpi5-14:MIC2
2026-09-18,16-39-51,ok,ok,4,5700317,24,23380861,0,0,
2026-09-18,16-47-46,ok,partial,4,1251823,20,18396549,0,0,pi:rpi5-12:MIC2;pi:rpi5-13:MIC1
2026-09-18,16-55-12,ok,ok,4,4656242,24,25317247,0,0,
2026-09-18,17-03-03,ok,partial,4,3500798,22,40208425,0,0,pi:rpi5-15:MIC1
2026-09-18,17-22-54,ok,ok,4,1966643,24,20550128,0,0,
2026-09-18,17-30-25,ok,partial,4,3072753,20,15966869,0,0,pi:rpi5-11:MIC1;pi:rpi5-15:MIC2
2026-09-18,17-36-37,ok,partial,4,7522178,22,28070623,0,0,pi:rpi5-13:MIC1
2026-09-18,17-51-30,ok,partial,4,762546,22,21086802,0,0,pi:rpi5-13:MIC2
2026-09-18,17-58-52,ok,ok,4,2047788,24,23068881,0,0,
2026-09-18,18-19-14,ok,ok,4,525881,24,21495678,0,0,
2026-09-18,18-29-12,ok,ok,4,2267013,24,22740268,0,0,
2026-09-18,18-40-00,ok,ok,4,1358436,24,21398914,0,0,
2026-09-18,18-47-54,ok,ok,4,1770546,24,19899258,0,0,
2026-09-19,11-21-28,ok,ok,4,7891885,24,28714465,0,0,
2026-09-19,11-29-11,ok,ok,4,767138,24,22167147,0,0,
2026-09-19,11-38-15,ok,ok,4,4929958,24,26190248,0,0,
2026-09-19,11-48-37,ok,ok,4,2424439,24,23774005,0,0,
2026-09-19,12-12-52,ok,ok,4,2462636,24,23849116,0,0,
2026-09-19,12-20-44,ok,partial,4,7612321,22,27576860,0,0,pi:rpi5-16:MIC1
2026-09-19,12-30-10,ok,ok,4,648282,24,23508363,0,0,
2026-09-19,12-40-41,ok,ok,4,1733245,24,20897999,0,0,
2026-09-19,12-51-02,ok,ok,4,4845509,24,23477716,0,0,
2026-09-19,12-58-39,ok,ok,4,1481948,24,22842648,0,0,
2026-09-19,13-06-15,ok,ok,4,1685706,24,22356262,0,0,
2026-09-19,13-16-23,ok,partial,4,1845394,22,18721573,0,0,pi:rpi5-12:MIC1
2026-09-19,13-24-01,ok,ok,4,1943563,24,20841869,0,0,
2026-09-19,13-31-50,ok,partial,4,4062411,22,22467983,0,0,pi:rpi5-15:MIC2
2026-09-19,13-39-45,ok,partial,4,6720028,20,22918083,0,0,pi:rpi5-12:MIC1;pi:rpi5-16:MIC2
2026-09-19,13-47-16,ok,ok,4,6575675,24,28692084,0,0,
2026-09-19,13-55-04,ok,ok,4,6042195,24,25244702,0,0,
2026-09-19,14-02-38,ok,ok,4,4144738,24,26999606,0,0,
2026-09-19,14-12-10,ok,partial,4,6419621,22,26168141,0,0,pi:rpi5-11:MIC2
2026-09-19,14-20-35,ok,ok,4,5577009,24,25293253,0,0,
2026-09-19,14-28-27,ok,partial,4,4332890,22,22733358,0,0,pi:rpi5-13:MIC2
2026-09-19,14-36-13,ok,partial,4,3811145,22,20665437,0,0,pi:rpi5-14:MIC2
2026-09-19,14-43-51,ok,ok,4,4661056,24,19265755,0,0,
2026-09-19,14-49-56,ok,ok,4,7611922,24,24606930,0,0,
2026-09-19,14-57-41,ok,partial,4,3548323,22,21275396,0,0,pi:rpi5-12:MIC1
2026-09-19,15-05-32,ok,partial,4,4672534,22,23468905,0,0,pi:rpi5-12:MIC2
2026-09-19,15-13-06,ok,partial,4,4706809,22,24210965,0,0,pi:rpi5-15:MIC1
2026-09-19,15-21-59,ok,ok,4,3761116,24,24500123,0,0,
2026-09-19,15-29-30,ok,partial,4,2610100,22,21141178,0,0,pi:rpi5-12:MIC2
2026-09-19,15-38-33,ok,ok,4,3940155,24,25023253,0,0,
2026-09-19,15-46-32,ok,ok,4,4137228,24,27970911,0,0,
2026-09-19,15-54-19,ok,partial,4,3282554,22,22960968,0,0,pi:rpi5-13:MIC1
2026-09-19,16-02-50,ok,ok,4,3020261,24,25580505,0,0,
2026-09-19,16-11-00,ok,ok,4,5104066,24,23266427,0,0,
2026-09-19,16-18-34,ok,ok,4,6285046,24,26126645,0,0,
2026-09-19,16-26-32,ok,partial,4,5862295,20,22461186,0,0,pi:rpi5-11:MIC1;pi:rpi5-16:MIC1
2026-09-19,16-34-10,ok,partial,4,4299548,22,24478230,0,0,pi:rpi5-12:MIC2
2026-09-19,16-42-58,ok,partial,4,2152655,22,20903551,0,0,pi:rpi5-14:MIC1
2026-09-19,17-00-01,ok,partial,4,5581257,20,41175528,0,0,pi:rpi5-13:MIC1;pi:rpi5-14:MIC1
2026-09-19,17-45-55,ok,ok,4,2624105,24,25136332,0,0,
2026-09-19,17-54-09,ok,ok,4,4117251,24,23873928,0,0,
2026-09-19,18-01-45,ok,partial,4,2427814,22,21961349,0,0,pi:rpi5-14:MIC2
2026-09-19,18-09-17,ok,ok,4,1835604,24,33713305,0,0,
2026-09-19,18-21-09,ok,ok,4,3521036,24,25442751,0,0,
2026-09-19,18-29-18,ok,ok,4,5834326,24,29203396,0,0,
2026-09-19,18-37-35,ok,ok,4,2802005,24,19940795,0,0,
2026-09-20,10-39-51,ok,partial,4,23993,8,205698,0,0,pi:rpi5-12:MIC1;pi:rpi5-12:MIC2;pi:rpi5-13:MIC1;pi:rpi5-13:MIC2;pi:rpi5-15:MIC1;pi:rpi5-15:MIC2;pi:rpi5-16:MIC1;pi:rpi5-16:MIC2
2026-09-20,11-12-36,ok,partial,4,356144,8,2323409,0,0,pi:rpi5-12:MIC1;pi:rpi5-12:MIC2;pi:rpi5-13:MIC1;pi:rpi5-13:MIC2;pi:rpi5-15:MIC1;pi:rpi5-15:MIC2;pi:rpi5-16:MIC1;pi:rpi5-16:MIC2
2026-09-20,11-19-17,ok,ok,4,1243053,24,18279180,0,0,
2026-09-20,11-26-53,ok,ok,4,1665480,24,18615618,0,0,
2026-09-20,11-33-12,ok,ok,4,750417,24,18259274,0,0,
2026-09-20,11-39-45,ok,ok,4,4450166,24,19718975,0,0,
2026-09-20,11-45-56,ok,partial,4,5039071,22,21315035,0,0,pi:rpi5-13:MIC1
2026-09-20,11-52-53,ok,ok,4,4561572,24,22180020,0,0,
2026-09-20,11-59-22,ok,ok,4,1857645,24,18847431,0,0,
2026-09-20,12-10-13,ok,ok,4,3616752,24,20406445,0,0,
2026-09-20,12-16-42,ok,ok,4,5687907,24,23603400,0,0,
2026-09-20,12-23-13,ok,partial,4,6339752,22,23028395,0,0,pi:rpi5-14:MIC1
2026-09-20,12-31-00,ok,ok,4,2047778,24,17777480,0,0,
2026-09-20,12-37-12,ok,ok,4,4677884,24,20840056,0,0,
2026-09-20,12-43-34,ok,ok,4,4453974,24,19113884,0,0,
2026-09-20,12-49-40,ok,ok,4,3405609,24,19836679,0,0,
2026-09-20,12-56-13,ok,ok,4,4685105,24,21001078,0,0,
2026-09-20,13-02-39,ok,partial,4,2458968,22,17706124,0,0,pi:rpi5-14:MIC2
2026-09-20,13-11-31,ok,ok,4,2326137,24,14894509,0,0,
2026-09-20,13-21-15,ok,ok,4,1865215,24,22892433,0,0,
2026-09-20,13-28-38,ok,ok,4,5060763,24,21494078,0,0,
2026-09-20,13-35-47,ok,ok,4,4796928,24,19195848,0,0,
2026-09-20,13-42-06,ok,partial,4,3833869,22,17882897,0,0,pi:rpi5-16:MIC2
2026-09-20,13-48-45,ok,ok,4,3227553,24,19642448,0,0,
2026-09-20,13-55-07,ok,ok,4,3034756,24,19027659,0,0,
2026-09-20,14-03-27,ok,partial,4,2809401,18,13617727,0,0,pi:rpi5-12:MIC1;pi:rpi5-13:MIC2;pi:rpi5-14:MIC2
2026-09-20,14-10-05,ok,ok,4,2676859,24,17542235,0,0,
2026-09-20,14-16-08,ok,ok,4,3455451,24,24067465,0,0,
2026-09-20,14-24-16,ok,partial,4,2573324,22,16308606,0,0,pi:rpi5-13:MIC2
2026-09-20,14-30-48,ok,ok,4,2041514,24,17350664,0,0,
2026-09-20,14-39-29,ok,partial,4,2720631,22,19850181,0,0,pi:rpi5-13:MIC2
2026-09-20,14-46-43,ok,ok,4,3552262,24,23096542,0,0,
2026-09-20,14-54-15,ok,ok,4,3161225,24,21002100,0,0,
2026-09-20,15-01-22,ok,ok,4,6259809,24,25409861,0,0,
2026-09-20,15-08-33,ok,ok,4,6093638,24,23500387,0,0,
2026-09-20,15-15-34,ok,partial,4,3805823,22,16372409,0,0,pi:rpi5-11:MIC1
2026-09-20,15-21-52,ok,partial,4,5207150,22,18067679,0,0,pi:rpi5-12:MIC1
2026-09-20,15-28-13,ok,partial,4,7105327,22,21048308,0,0,pi:rpi5-11:MIC1
2026-09-20,15-35-12,ok,ok,4,3783941,24,23129640,0,0,
2026-09-20,15-42-47,ok,ok,4,3610937,24,19017437,0,0,
2026-09-20,15-49-27,ok,ok,4,4784376,24,18753598,0,0,
2026-09-20,15-56-04,ok,ok,4,3857428,24,18508843,0,0,
2026-09-20,16-02-24,ok,ok,4,2593824,24,18789914,0,0,
2026-09-20,16-09-48,ok,ok,4,3033250,24,20009551,0,0,
2026-09-20,16-16-37,ok,ok,4,2269276,24,17895072,0,0,
2026-09-20,16-22-58,ok,ok,4,2906298,24,19000181,0,0,
2026-09-20,16-29-13,ok,ok,4,4468866,24,21884182,0,0,
2026-09-20,16-35-36,ok,ok,4,5996297,24,24848112,0,0,
2026-09-20,16-43-06,ok,partial,4,5990380,22,21308693,0,0,pi:rpi5-15:MIC2
2026-09-20,16-50-26,ok,ok,4,6136909,24,23696676,0,0,
2026-09-20,16-57-33,ok,ok,4,3446633,24,16585338,0,0,
2026-09-20,17-03-43,ok,ok,4,4016158,24,18632107,0,0,
2026-09-20,17-12-30,ok,ok,4,4410722,24,22838773,0,0,
2026-09-20,17-19-35,ok,ok,4,6877695,24,25837107,0,0,
2026-09-20,17-27-31,ok,ok,4,4422757,24,17707516,0,0,
2026-09-20,17-33-39,ok,ok,4,7213968,24,24829292,0,0,
2026-09-20,17-40-57,ok,ok,4,7557884,24,22860593,0,0,
2026-09-20,17-48-01,ok,ok,4,3803303,24,19200436,0,0,
2026-09-20,17-54-58,ok,ok,4,6128362,24,25053421,0,0,
2026-09-20,18-02-43,ok,ok,4,2944812,24,16293628,0,0,
2026-09-20,18-08-24,ok,ok,4,3087477,24,26561032,0,0,
2026-09-20,18-18-03,ok,ok,4,3641594,24,20606317,0,0,
2026-09-20,18-24-43,ok,partial,4,4794493,22,18962136,0,0,pi:rpi5-13:MIC1
2026-09-20,18-31-07,ok,partial,4,4109427,20,15604356,0,0,pi:rpi5-15:MIC1;pi:rpi5-15:MIC2
2026-09-20,18-37-38,ok,ok,4,1864456,24,21219058,0,0,
2026-09-20,18-44-38,ok,partial,4,2653649,22,17484476,0,0,pi:rpi5-13:MIC2
2026-09-21,17-20-20,ok,partial,4,223644,20,20956991,0,0,pi:rpi5-11:MIC2;pi:rpi5-12:MIC2
2026-09-22,11-00-08,ok,failed,4,481683,0,0,0,0,pi:rpi5-11:MIC1;pi:rpi5-11:MIC2;pi:rpi5-12:MIC1;pi:rpi5-12:MIC2;pi:rpi5-13:MIC1;pi:rpi5-13:MIC2;pi:rpi5-14:MIC1;pi:rpi5-14:MIC2;pi:rpi5-15:MIC1;pi:rpi5-15:MIC2;pi:rpi5-16:MIC1;pi:rpi5-16:MIC2
2026-09-22,11-12-59,ok,partial,4,381790,12,4944695,0,0,pi:rpi5-13:MIC1;pi:rpi5-13:MIC2;pi:rpi5-14:MIC1;pi:rpi5-14:MIC2;pi:rpi5-16:MIC1;pi:rpi5-16:MIC2
2026-09-22,11-18-00,ok,ok,4,591968,24,8854794,0,0,
2026-09-22,11-21-27,ok,ok,4,4265342,24,21197415,0,0,
2026-09-22,11-28-19,ok,partial,4,9870,6,16713,0,0,pi:rpi5-11:MIC1;pi:rpi5-11:MIC2;pi:rpi5-12:MIC1;pi:rpi5-12:MIC2;pi:rpi5-13:MIC1;pi:rpi5-14:MIC1;pi:rpi5-15:MIC1
2026-09-22,11-34-16,ok,ok,4,1709103,24,21469166,0,0,
2026-09-22,11-41-57,ok,ok,4,1986333,24,21396553,0,0,
2026-09-22,11-49-50,ok,ok,4,456580,24,23633402,0,0,
2026-09-22,11-57-11,ok,ok,4,1057357,24,22117927,0,0,
2026-09-22,12-08-42,ok,ok,4,1742124,24,23127376,0,0,
2026-09-22,12-30-14,ok,ok,4,1657371,24,20401472,0,0,
2026-09-22,12-37-38,ok,partial,4,4577539,20,37079473,0,0,pi:rpi5-11:MIC1;pi:rpi5-13:MIC2
2026-09-22,13-30-57,ok,partial,4,3679086,22,23281897,0,0,pi:rpi5-14:MIC2
2026-09-22,13-39-17,ok,ok,4,3794970,24,22237847,0,0,
2026-09-22,13-47-09,ok,partial,4,9047776,22,24860837,0,0,pi:rpi5-15:MIC2
2026-09-22,13-54-59,ok,partial,4,9048951,22,23118818,0,0,pi:rpi5-13:MIC2
2026-09-22,14-02-55,failed,partial,0,0,20,38578365,0,0,jetson;pi:rpi5-14:MIC2;pi:rpi5-16:MIC2
2026-09-22,15-26-30,ok,ok,4,5655258,24,38137017,0,0,
2026-09-22,15-39-20,ok,ok,4,4534420,24,46506339,0,0,
2026-09-22,16-12-53,ok,ok,4,3185722,24,21970139,0,0,
2026-09-22,16-22-05,ok,ok,4,8156055,24,25995717,0,0,
2026-09-22,16-30-27,ok,ok,4,2485474,24,21320937,0,0,
2026-09-22,16-39-36,ok,ok,4,1553942,24,21075617,0,0,
2026-09-22,16-52-26,ok,ok,4,1351022,24,20829519,0,0,
2026-09-22,16-59-55,ok,ok,4,3899144,24,23452307,0,0,
2026-09-22,17-07-36,ok,ok,4,3931532,24,22168165,0,0,
2026-09-22,17-15-57,ok,partial,4,984672,22,19931403,0,0,pi:rpi5-12:MIC2
2026-09-22,17-24-33,ok,partial,4,3800044,20,17965071,0,0,pi:rpi5-14:MIC1;pi:rpi5-16:MIC1
2026-09-22,17-31-40,ok,partial,4,2428277,20,19662387,0,0,pi:rpi5-11:MIC2;pi:rpi5-12:MIC2
2026-09-22,17-41-41,ok,partial,4,822679,22,20049368,0,0,pi:rpi5-12:MIC1
2026-09-22,17-54-17,ok,ok,4,603225,24,22508871,0,0,
2026-09-22,18-01-38,ok,ok,4,3276652,24,21823896,0,0,
2026-09-22,18-12-09,ok,partial,4,2282545,20,40239135,0,0,pi:rpi5-11:MIC1;pi:rpi5-14:MIC1
2026-09-22,18-36-28,ok,ok,4,1311424,24,15365143,0,0,
2026-09-23,11-20-31,ok,ok,4,2235780,24,7057634,0,0,
2026-09-23,11-52-35,ok,partial,4,383400,22,21164725,0,0,pi:rpi5-15:MIC1
2026-09-23,11-59-57,ok,ok,4,1996743,24,18173946,0,0,
2026-09-23,12-07-45,ok,ok,4,2211798,24,19901626,0,0,
2026-09-23,12-15-18,ok,ok,4,710625,24,23217676,0,0,
2026-09-23,12-23-09,ok,partial,4,524747,20,19874873,0,0,pi:rpi5-12:MIC2;pi:rpi5-14:MIC2
2026-09-23,12-45-07,ok,partial,4,485772,22,21653785,0,0,pi:rpi5-12:MIC2
2026-09-23,12-52-38,ok,partial,4,1739639,22,17003838,0,0,pi:rpi5-12:MIC2
2026-09-23,13-11-30,ok,partial,4,308238,22,14769277,0,0,pi:rpi5-12:MIC2
2026-09-23,13-16-50,ok,partial,4,12633,20,379603,0,0,pi:rpi5-12:MIC2;pi:rpi5-14:MIC2
2026-09-23,13-18-14,ok,partial,4,1642988,22,22262769,0,0,pi:rpi5-12:MIC2
2026-09-23,13-34-16,ok,partial,4,4581616,22,22757207,0,0,pi:rpi5-12:MIC2
2026-09-23,13-42-20,ok,partial,4,4676392,20,19273879,0,0,pi:rpi5-12:MIC1;pi:rpi5-12:MIC2
2026-09-23,13-53-48,ok,partial,4,24565,20,530295,0,0,pi:rpi5-12:MIC1;pi:rpi5-12:MIC2
2026-09-23,13-55-02,ok,partial,4,208959,20,2864344,0,0,pi:rpi5-12:MIC1;pi:rpi5-12:MIC2
2026-09-23,14-04-24,ok,partial,4,672468,20,18422029,0,0,pi:rpi5-12:MIC1;pi:rpi5-12:MIC2
2026-09-23,14-11-54,ok,partial,4,882012,20,18603593,0,0,pi:rpi5-12:MIC1;pi:rpi5-12:MIC2
2026-09-23,14-21-41,ok,partial,4,2474265,20,18535775,0,0,pi:rpi5-12:MIC1;pi:rpi5-12:MIC2
2026-09-23,14-29-15,ok,partial,4,2902937,18,15223011,0,0,pi:rpi5-12:MIC1;pi:rpi5-12:MIC2;pi:rpi5-13:MIC2
2026-09-23,14-36-50,ok,partial,4,4319098,14,26944941,0,0,pi:rpi5-11:MIC1;pi:rpi5-12:MIC1;pi:rpi5-12:MIC2;pi:rpi5-13:MIC2;pi:rpi5-15:MIC1
2026-09-23,15-23-58,ok,partial,4,3257796,18,17406643,0,0,pi:rpi5-12:MIC1;pi:rpi5-12:MIC2;pi:rpi5-13:MIC2
2026-09-23,15-33-28,ok,partial,4,1778145,18,14419297,0,0,pi:rpi5-12:MIC1;pi:rpi5-12:MIC2;pi:rpi5-13:MIC2
2026-09-23,15-40-04,ok,partial,4,3255413,18,14655298,0,0,pi:rpi5-12:MIC1;pi:rpi5-12:MIC2;pi:rpi5-13:MIC2
2026-09-23,15-46-03,ok,partial,4,6569136,16,31455409,0,0,pi:rpi5-12:MIC1;pi:rpi5-12:MIC2;pi:rpi5-13:MIC2;pi:rpi5-15:MIC2
2026-09-23,16-01-25,ok,partial,4,3402163,18,13278867,0,0,pi:rpi5-12:MIC1;pi:rpi5-12:MIC2;pi:rpi5-13:MIC2
2026-09-23,16-07-49,ok,partial,4,753036,16,16523422,0,0,pi:rpi5-12:MIC1;pi:rpi5-12:MIC2;pi:rpi5-13:MIC2;pi:rpi5-16:MIC2
2026-09-23,16-15-10,ok,partial,4,3189571,16,12314233,0,0,pi:rpi5-12:MIC1;pi:rpi5-12:MIC2;pi:rpi5-13:MIC2;pi:rpi5-16:MIC2
2026-09-23,16-21-48,ok,partial,4,2249199,16,12999878,0,0,pi:rpi5-12:MIC1;pi:rpi5-12:MIC2;pi:rpi5-13:MIC2;pi:rpi5-16:MIC2
2026-09-23,16-28-31,ok,partial,4,3753012,16,14915469,0,0,pi:rpi5-12:MIC1;pi:rpi5-12:MIC2;pi:rpi5-13:MIC2;pi:rpi5-16:MIC2
2026-09-23,16-35-59,ok,partial,4,1681768,16,12858885,0,0,pi:rpi5-12:MIC1;pi:rpi5-12:MIC2;pi:rpi5-13:MIC2;pi:rpi5-16:MIC2
2026-09-23,16-42-12,ok,partial,4,1175523,16,14601850,0,0,pi:rpi5-12:MIC1;pi:rpi5-12:MIC2;pi:rpi5-13:MIC2;pi:rpi5-16:MIC2
2026-09-23,16-58-52,ok,ok,4,2392634,24,25839648,0,0,
2026-09-23,17-18-54,ok,ok,4,11572,24,275818,0,0,
2026-09-23,17-19-57,ok,ok,4,1871036,24,20976482,0,0,
2026-09-23,17-27-41,ok,ok,4,2085452,24,24216939,0,0,
2026-09-23,17-35-43,ok,partial,4,1379718,20,14912193,0,0,pi:rpi5-13:MIC1;pi:rpi5-16:MIC1
2026-09-24,10-44-31,ok,partial,4,25799,16,434931,0,0,pi:rpi5-13:MIC1;pi:rpi5-13:MIC2;pi:rpi5-14:MIC1;pi:rpi5-14:MIC2
2026-09-24,10-45-55,ok,partial,4,18052,20,494660,0,0,pi:rpi5-13:MIC1;pi:rpi5-13:MIC2
2026-09-24,10-48-19,ok,partial,4,7298,21,154957,0,0,pi:rpi5-15:MIC1
2026-09-24,11-03-36,ok,ok,4,20353,24,930027,0,0,
2026-09-24,11-32-32,ok,ok,4,1340281,24,22442707,0,0,
2026-09-24,11-49-04,ok,ok,4,2540154,24,22973259,0,0,
2026-09-24,12-01-15,ok,partial,4,3025632,22,22553213,0,0,pi:rpi5-14:MIC2
2026-09-24,12-08-43,ok,ok,4,2089602,24,11329843,0,0,
2026-09-24,12-12-56,ok,ok,4,6976908,24,18761413,0,0,
2026-09-24,12-19-21,ok,ok,4,8479667,24,27570252,0,0,
2026-09-24,12-27-06,ok,ok,4,2829949,24,19804424,0,0,
2026-09-24,12-33-41,ok,ok,4,2807846,24,19394174,0,0,
2026-09-24,12-40-09,ok,partial,4,2816272,22,18568653,0,0,pi:rpi5-16:MIC1
2026-09-24,12-46-37,ok,ok,4,2594285,24,20130771,0,0,
2026-09-24,12-53-23,ok,ok,4,3581416,24,20945439,0,0,
2026-09-24,13-00-21,ok,partial,4,2984167,22,18919759,0,0,pi:rpi5-14:MIC1
2026-09-24,13-08-46,ok,ok,4,1259716,24,19686834,0,0,
2026-09-24,13-17-04,ok,ok,4,3114652,24,22629588,0,0,
2026-09-24,13-27-06,ok,ok,4,4237522,24,23470827,0,0,
2026-09-24,13-34-46,ok,ok,4,2792518,24,22699278,0,0,
2026-09-24,13-42-53,ok,ok,4,2645768,24,19177981,0,0,
2026-09-24,13-49-24,ok,ok,4,3742688,24,23412733,0,0,
2026-09-24,13-59-03,ok,ok,4,2642904,24,22173463,0,0,
2026-09-24,14-06-36,ok,ok,4,2190722,24,21673640,0,0,
2026-09-24,14-14-13,ok,partial,4,3028290,20,17936072,0,0,pi:rpi5-12:MIC1;pi:rpi5-15:MIC1
2026-09-24,14-26-21,ok,ok,4,924097,24,23275919,0,0,
2026-09-24,14-33-42,ok,ok,4,4055167,24,24720042,0,0,
2026-09-24,14-41-14,ok,ok,4,1989306,24,22113880,0,0,
2026-09-24,14-49-17,ok,ok,4,2401146,24,22183881,0,0,
2026-09-24,15-02-02,ok,partial,4,4764442,22,29004094,0,0,pi:rpi5-16:MIC1
2026-09-24,15-12-11,ok,partial,4,2910747,22,20643056,0,0,pi:rpi5-16:MIC1
2026-09-24,15-19-42,ok,partial,4,2757550,22,20574939,0,0,pi:rpi5-16:MIC1
2026-09-24,15-27-10,ok,partial,4,2270918,20,15953975,0,0,pi:rpi5-14:MIC2;pi:rpi5-16:MIC1
2026-09-24,15-37-57,ok,partial,4,1963233,18,17171376,0,0,pi:rpi5-14:MIC2;pi:rpi5-15:MIC2;pi:rpi5-16:MIC1
2026-09-24,15-53-51,ok,partial,4,1429639,20,20376848,0,0,pi:rpi5-14:MIC2;pi:rpi5-16:MIC1
2026-09-24,16-01-44,ok,partial,4,2078954,18,17779152,0,0,pi:rpi5-12:MIC2;pi:rpi5-14:MIC2;pi:rpi5-16:MIC1
2026-09-24,16-29-53,ok,partial,4,3688822,20,21239191,0,0,pi:rpi5-14:MIC2;pi:rpi5-16:MIC1
2026-09-24,16-37-40,ok,partial,4,3906439,20,21560390,0,0,pi:rpi5-14:MIC2;pi:rpi5-16:MIC1
2026-09-24,16-51-09,ok,partial,4,2075325,16,13959619,0,0,pi:rpi5-13:MIC1;pi:rpi5-14:MIC2;pi:rpi5-16:MIC1;pi:rpi5-16:MIC2
2026-09-24,16-58-47,ok,partial,4,1614420,18,18604476,0,0,pi:rpi5-11:MIC2;pi:rpi5-14:MIC2;pi:rpi5-16:MIC1
2026-09-24,17-11-09,ok,partial,4,2356911,20,20176824,0,0,pi:rpi5-14:MIC2;pi:rpi5-16:MIC1
2026-09-24,17-22-42,ok,partial,4,2295740,18,17841421,0,0,pi:rpi5-11:MIC1;pi:rpi5-14:MIC2;pi:rpi5-16:MIC1
2026-09-24,17-30-24,ok,partial,4,2487408,20,16242774,0,0,pi:rpi5-14:MIC2;pi:rpi5-16:MIC1
2026-09-24,18-17-26,ok,partial,4,2332942,20,21349785,0,0,pi:rpi5-14:MIC2;pi:rpi5-16:MIC1
2026-09-24,18-28-11,ok,partial,4,1905530,20,21178898,0,0,pi:rpi5-14:MIC2;pi:rpi5-16:MIC1
2026-09-24,18-41-40,ok,partial,4,2317453,20,19559391,0,0,pi:rpi5-14:MIC2;pi:rpi5-16:MIC1
2026-09-25,11-10-11,ok,partial,4,1282886,22,17857113,0,0,pi:rpi5-11:MIC1
2026-09-25,11-16-17,ok,partial,4,1843622,22,18369569,0,0,pi:rpi5-11:MIC1
2026-09-25,11-26-28,ok,partial,4,2566786,22,16251839,0,0,pi:rpi5-11:MIC1
2026-09-25,11-33-17,ok,partial,4,654707,22,18363528,0,0,pi:rpi5-11:MIC1
2026-09-25,11-39-13,ok,partial,4,2750569,22,18613873,0,0,pi:rpi5-11:MIC1
2026-09-25,11-45-13,ok,partial,4,2664293,22,17881506,0,0,pi:rpi5-11:MIC1
2026-09-25,11-51-15,ok,partial,4,3053541,22,17309777,0,0,pi:rpi5-11:MIC1
2026-09-25,11-59-28,ok,partial,4,2056168,18,13929653,0,0,pi:rpi5-11:MIC1;pi:rpi5-13:MIC1;pi:rpi5-16:MIC2
2026-09-25,12-12-39,ok,partial,4,2432341,20,17818293,0,0,pi:rpi5-11:MIC1;pi:rpi5-16:MIC1
2026-09-25,12-19-12,ok,partial,4,339976,20,16990480,0,0,pi:rpi5-11:MIC1;pi:rpi5-16:MIC1
2026-09-25,12-30-37,ok,partial,4,1790381,20,15288347,0,0,pi:rpi5-11:MIC1;pi:rpi5-16:MIC1
2026-09-25,12-44-07,ok,partial,4,625245,20,15955330,0,0,pi:rpi5-11:MIC1;pi:rpi5-16:MIC1
2026-09-25,13-07-20,ok,partial,4,2659096,20,20684924,0,0,pi:rpi5-11:MIC1;pi:rpi5-16:MIC1
2026-09-25,13-15-04,ok,partial,4,2867118,16,15939739,0,0,pi:rpi5-11:MIC1;pi:rpi5-11:MIC2;pi:rpi5-13:MIC1;pi:rpi5-16:MIC1
2026-09-25,13-22-35,ok,partial,4,4056403,18,21040500,0,0,pi:rpi5-11:MIC1;pi:rpi5-13:MIC1;pi:rpi5-16:MIC1
2026-09-25,13-32-56,ok,partial,4,4650337,18,19464806,0,0,pi:rpi5-11:MIC1;pi:rpi5-13:MIC2;pi:rpi5-16:MIC1
2026-09-25,13-40-46,ok,partial,4,3811035,20,21048757,0,0,pi:rpi5-11:MIC1;pi:rpi5-16:MIC1
2026-09-25,13-48-32,ok,partial,4,3270016,20,19643394,0,0,pi:rpi5-11:MIC1;pi:rpi5-16:MIC1
2026-09-25,13-55-41,ok,partial,4,2682369,20,20642165,0,0,pi:rpi5-11:MIC1;pi:rpi5-16:MIC1
2026-09-25,14-03-22,ok,partial,4,3773536,20,23297611,0,0,pi:rpi5-11:MIC1;pi:rpi5-16:MIC1
2026-09-25,14-10-52,ok,partial,4,3601585,20,24935951,0,0,pi:rpi5-11:MIC1;pi:rpi5-16:MIC1
2026-09-25,14-19-24,ok,partial,4,4436501,18,21122641,0,0,pi:rpi5-11:MIC1;pi:rpi5-15:MIC2;pi:rpi5-16:MIC1
2026-09-25,14-27-20,ok,partial,4,8558576,18,24704250,0,0,pi:rpi5-11:MIC1;pi:rpi5-14:MIC1;pi:rpi5-16:MIC1
2026-09-25,14-35-17,ok,partial,4,2788044,20,21074406,0,0,pi:rpi5-11:MIC1;pi:rpi5-16:MIC1
2026-09-25,14-42-56,ok,partial,4,3056542,20,22791021,0,0,pi:rpi5-11:MIC1;pi:rpi5-16:MIC1
2026-09-25,14-50-26,ok,partial,4,4660388,20,39061554,0,0,pi:rpi5-11:MIC1;pi:rpi5-16:MIC1
2026-09-25,15-05-29,ok,partial,4,2102533,18,17584605,0,0,pi:rpi5-11:MIC1;pi:rpi5-12:MIC1;pi:rpi5-16:MIC1
2026-09-25,15-17-49,ok,partial,4,1730290,18,18160138,0,0,pi:rpi5-11:MIC1;pi:rpi5-16:MIC1;pi:rpi5-16:MIC2
2026-09-25,15-26-41,ok,partial,4,3145659,18,19506658,0,0,pi:rpi5-11:MIC1;pi:rpi5-12:MIC1;pi:rpi5-16:MIC1
2026-09-25,15-34-33,ok,partial,4,6795889,20,25271841,0,0,pi:rpi5-11:MIC1;pi:rpi5-16:MIC1
2026-09-25,15-42-47,ok,partial,4,4013970,20,20258851,0,0,pi:rpi5-11:MIC1;pi:rpi5-16:MIC1
2026-09-25,15-50-33,ok,partial,4,5860629,18,20818284,0,0,pi:rpi5-11:MIC1;pi:rpi5-12:MIC2;pi:rpi5-16:MIC1
2026-09-25,15-58-15,ok,partial,4,6610922,20,22548598,0,0,pi:rpi5-11:MIC1;pi:rpi5-16:MIC1
2026-09-25,16-06-11,ok,partial,4,3972036,20,21025737,0,0,pi:rpi5-11:MIC1;pi:rpi5-16:MIC1
2026-09-25,16-13-30,ok,partial,4,4055935,20,21546142,0,0,pi:rpi5-11:MIC1;pi:rpi5-16:MIC1
2026-09-25,16-21-01,ok,partial,4,3637938,18,19209538,0,0,pi:rpi5-11:MIC1;pi:rpi5-14:MIC1;pi:rpi5-16:MIC1
2026-09-25,16-34-04,ok,partial,4,2408888,20,15344994,0,0,pi:rpi5-11:MIC1;pi:rpi5-16:MIC1
2026-09-25,16-40-27,ok,partial,4,5221994,20,19092634,0,0,pi:rpi5-11:MIC1;pi:rpi5-16:MIC1
2026-09-25,16-47-09,ok,partial,4,2493036,20,16981514,0,0,pi:rpi5-11:MIC1;pi:rpi5-16:MIC1
2026-09-25,16-54-02,ok,partial,4,2848590,20,18169168,0,0,pi:rpi5-11:MIC1;pi:rpi5-16:MIC1
2026-09-25,17-00-31,ok,partial,4,3986324,20,19314354,0,0,pi:rpi5-11:MIC1;pi:rpi5-16:MIC1
2026-09-25,17-07-39,ok,partial,4,3679087,20,19518274,0,0,pi:rpi5-11:MIC1;pi:rpi5-16:MIC1
2026-09-25,17-15-20,ok,partial,4,2641695,18,16300779,0,0,pi:rpi5-11:MIC1;pi:rpi5-16:MIC1;pi:rpi5-16:MIC2
2026-09-25,17-21-45,ok,partial,4,2952939,20,18069913,0,0,pi:rpi5-11:MIC1;pi:rpi5-16:MIC1
2026-09-25,17-31-46,ok,partial,4,5033072,18,21078262,0,0,pi:rpi5-11:MIC1;pi:rpi5-15:MIC1;pi:rpi5-16:MIC1
2026-09-25,17-39-21,ok,partial,4,3007219,20,17521375,0,0,pi:rpi5-11:MIC1;pi:rpi5-16:MIC1
2026-09-25,17-46-16,ok,partial,4,1824905,18,17097542,0,0,pi:rpi5-11:MIC1;pi:rpi5-13:MIC2;pi:rpi5-16:MIC1
2026-09-25,17-57-54,ok,partial,4,5076928,20,22997427,0,0,pi:rpi5-11:MIC1;pi:rpi5-16:MIC1
2026-09-25,18-05-45,ok,partial,4,4124278,18,16436677,0,0,pi:rpi5-11:MIC1;pi:rpi5-13:MIC1;pi:rpi5-16:MIC1
2026-09-25,18-12-12,ok,partial,4,2815108,20,16583757,0,0,pi:rpi5-11:MIC1;pi:rpi5-16:MIC1
2026-09-25,18-21-46,ok,partial,4,2215774,18,16397975,0,0,pi:rpi5-11:MIC1;pi:rpi5-11:MIC2;pi:rpi5-16:MIC1
2026-09-25,18-34-55,ok,partial,4,1088821,18,18048272,0,0,pi:rpi5-11:MIC1;pi:rpi5-12:MIC2;pi:rpi5-16:MIC1
2026-09-25,18-42-51,ok,partial,4,1870104,20,24867983,0,0,pi:rpi5-11:MIC1;pi:rpi5-16:MIC1
2026-09-26,11-13-11,ok,ok,4,1990062,24,23335195,0,0,
2026-09-26,11-20-45,ok,ok,4,2408422,24,22461059,0,0,
2026-09-26,11-28-10,ok,ok,4,1930172,24,17248626,0,0,
2026-09-26,11-38-49,ok,ok,4,390540,24,7345695,0,0,
2026-09-26,11-45-47,ok,partial,4,2266126,22,19108739,0,0,pi:rpi5-12:MIC2
2026-09-26,11-53-28,ok,ok,4,3987167,24,19441033,0,0,
2026-09-26,12-00-10,ok,ok,4,4186218,24,22324758,0,0,
2026-09-26,12-13-28,ok,ok,4,4833810,24,23788889,0,0,
2026-09-26,12-21-03,ok,ok,4,5424179,24,21293520,0,0,
2026-09-26,12-27-36,ok,partial,4,4871405,22,25484652,0,0,pi:rpi5-15:MIC2
2026-09-26,12-35-08,ok,partial,4,4929743,20,20837263,0,0,pi:rpi5-13:MIC1;pi:rpi5-15:MIC1
2026-09-26,12-42-44,ok,ok,4,4552085,24,20116307,0,0,
2026-09-26,12-49-13,ok,ok,4,5112487,24,22717166,0,0,
2026-09-26,12-58-11,ok,partial,4,2910795,22,16544464,0,0,pi:rpi5-11:MIC2
2026-09-26,13-04-26,ok,partial,4,4091913,22,22752349,0,0,pi:rpi5-11:MIC2
2026-09-26,13-12-18,ok,partial,4,4799868,22,24008130,0,0,pi:rpi5-11:MIC2
2026-09-26,13-20-17,ok,partial,4,2426559,20,18198549,0,0,pi:rpi5-11:MIC2;pi:rpi5-12:MIC2
2026-09-26,13-27-48,ok,partial,4,2185642,22,20924675,0,0,pi:rpi5-11:MIC2
2026-09-26,13-35-25,ok,partial,4,3350778,22,21648462,0,0,pi:rpi5-11:MIC2
2026-09-26,13-42-52,ok,partial,4,6559100,22,23549724,0,0,pi:rpi5-11:MIC2
2026-09-26,13-50-37,ok,partial,4,1920404,20,17963858,0,0,pi:rpi5-11:MIC1;pi:rpi5-11:MIC2
2026-09-26,13-58-35,ok,partial,4,107931,22,2094069,0,0,pi:rpi5-11:MIC2
2026-09-26,14-00-13,ok,partial,4,2568497,22,19085055,0,0,pi:rpi5-11:MIC2
2026-09-26,14-06-34,ok,partial,4,2448262,22,18380725,0,0,pi:rpi5-11:MIC2
2026-09-26,14-13-00,ok,partial,4,4051563,22,18815353,0,0,pi:rpi5-11:MIC2
2026-09-26,14-19-12,ok,partial,4,2485201,22,20915664,0,0,pi:rpi5-11:MIC2
2026-09-26,14-26-22,ok,partial,4,4379129,22,19246878,0,0,pi:rpi5-11:MIC2
2026-09-26,14-32-54,ok,partial,4,5091660,20,19626858,0,0,pi:rpi5-11:MIC2;pi:rpi5-14:MIC2
2026-09-26,14-40-27,ok,partial,4,4100522,22,23332282,0,0,pi:rpi5-11:MIC2
2026-09-26,14-48-09,ok,partial,4,3938526,20,15393500,0,0,pi:rpi5-11:MIC2;pi:rpi5-12:MIC2
2026-09-26,14-55-11,ok,partial,4,2075647,22,17205537,0,0,pi:rpi5-11:MIC2
2026-09-26,15-01-47,ok,partial,4,2427025,22,20503043,0,0,pi:rpi5-11:MIC2
2026-09-26,15-09-26,ok,partial,4,3247957,22,19568108,0,0,pi:rpi5-11:MIC2
2026-09-26,15-16-26,ok,partial,4,5533443,22,24669365,0,0,pi:rpi5-11:MIC2
2026-09-26,15-24-21,ok,partial,4,6178592,20,19997642,0,0,pi:rpi5-11:MIC2;pi:rpi5-15:MIC1
2026-09-26,15-31-22,ok,partial,4,7428431,20,22272701,0,0,pi:rpi5-11:MIC2;pi:rpi5-16:MIC2
2026-09-26,15-39-13,ok,partial,4,5934478,20,22981348,0,0,pi:rpi5-11:MIC2;pi:rpi5-15:MIC2
2026-09-26,15-46-57,ok,partial,4,4722746,22,21297611,0,0,pi:rpi5-11:MIC2
2026-09-26,15-53-29,ok,partial,4,3974290,20,19098972,0,0,pi:rpi5-11:MIC2;pi:rpi5-16:MIC1
2026-09-26,16-00-21,ok,partial,4,6026281,22,24399540,0,0,pi:rpi5-11:MIC2
2026-09-26,16-08-11,ok,partial,4,3626523,22,18410488,0,0,pi:rpi5-11:MIC2
2026-09-26,16-14-22,ok,partial,4,3748267,22,18908014,0,0,pi:rpi5-11:MIC2
2026-09-26,16-20-23,ok,partial,4,4249658,22,21271394,0,0,pi:rpi5-11:MIC2
2026-09-26,16-28-26,ok,partial,4,5786189,22,24383252,0,0,pi:rpi5-11:MIC2
2026-09-26,16-37-02,ok,partial,4,3914142,18,18149178,0,0,pi:rpi5-11:MIC2;pi:rpi5-14:MIC2;pi:rpi5-15:MIC2
2026-09-26,16-45-10,ok,partial,4,6551695,20,20353010,0,0,pi:rpi5-11:MIC2;pi:rpi5-14:MIC1
2026-09-26,16-52-44,ok,partial,4,4098178,22,19709888,0,0,pi:rpi5-11:MIC2
2026-09-26,16-59-19,ok,partial,4,2677270,22,22896992,0,0,pi:rpi5-11:MIC2
2026-09-26,17-07-04,ok,partial,4,4246458,22,20443695,0,0,pi:rpi5-11:MIC2
2026-09-26,17-14-42,ok,partial,4,2871860,22,19777165,0,0,pi:rpi5-11:MIC2
2026-09-26,17-21-48,ok,partial,4,5339451,22,26052385,0,0,pi:rpi5-11:MIC2
2026-09-26,17-30-22,ok,partial,4,4202765,22,24084172,0,0,pi:rpi5-11:MIC2
2026-09-26,17-40-00,ok,partial,4,2466896,22,21932495,0,0,pi:rpi5-11:MIC2
2026-09-26,17-47-36,ok,partial,4,3292501,22,23380972,0,0,pi:rpi5-11:MIC2
2026-09-26,17-55-42,ok,partial,4,2309020,22,22150201,0,0,pi:rpi5-11:MIC2
2026-09-26,18-03-13,ok,partial,4,3271784,22,20157247,0,0,pi:rpi5-11:MIC2
2026-09-26,18-10-53,ok,partial,4,5566267,22,24309987,0,0,pi:rpi5-11:MIC2
2026-09-26,18-19-02,ok,partial,4,7441487,20,24301037,0,0,pi:rpi5-11:MIC2;pi:rpi5-13:MIC2
2026-09-26,18-26-30,ok,partial,4,6800659,20,24797410,0,0,pi:rpi5-11:MIC2;pi:rpi5-12:MIC1
2026-09-26,18-34-34,ok,partial,4,4056743,18,19618940,0,0,pi:rpi5-11:MIC2;pi:rpi5-13:MIC2;pi:rpi5-14:MIC1
2026-09-26,18-42-24,ok,partial,4,2966115,22,17792169,0,0,pi:rpi5-11:MIC2
2026-09-27,11-11-56,ok,partial,4,2851127,4,4014307,0,0,pi:rpi5-11:MIC1;pi:rpi5-11:MIC2;pi:rpi5-13:MIC1;pi:rpi5-13:MIC2;pi:rpi5-14:MIC1;pi:rpi5-14:MIC2;pi:rpi5-15:MIC1;pi:rpi5-15:MIC2;pi:rpi5-16:MIC1;pi:rpi5-16:MIC2
2026-09-27,12-43-11,ok,partial,4,7167,8,116546,0,0,pi:rpi5-11:MIC1;pi:rpi5-11:MIC2;pi:rpi5-13:MIC1;pi:rpi5-13:MIC2;pi:rpi5-14:MIC1;pi:rpi5-14:MIC2;pi:rpi5-16:MIC1;pi:rpi5-16:MIC2
2026-09-27,12-46-20,ok,failed,4,13015,0,0,0,0,pi:rpi5-11:MIC1;pi:rpi5-11:MIC2;pi:rpi5-12:MIC1;pi:rpi5-12:MIC2;pi:rpi5-13:MIC1;pi:rpi5-13:MIC2;pi:rpi5-14:MIC1;pi:rpi5-14:MIC2;pi:rpi5-15:MIC1;pi:rpi5-15:MIC2;pi:rpi5-16:MIC1;pi:rpi5-16:MIC2
2026-09-27,12-50-34,ok,partial,4,30279,20,446366,0,0,pi:rpi5-11:MIC1;pi:rpi5-11:MIC2
2026-09-27,12-56-32,ok,failed,4,13865,0,0,0,0,pi:rpi5-11:MIC1;pi:rpi5-11:MIC2;pi:rpi5-12:MIC1;pi:rpi5-12:MIC2;pi:rpi5-13:MIC1;pi:rpi5-13:MIC2;pi:rpi5-14:MIC1;pi:rpi5-14:MIC2;pi:rpi5-15:MIC1;pi:rpi5-15:MIC2;pi:rpi5-16:MIC1;pi:rpi5-16:MIC2
2026-09-27,12-57-51,ok,partial,4,247977,2,527619,0,0,pi:rpi5-11:MIC1;pi:rpi5-11:MIC2;pi:rpi5-12:MIC1;pi:rpi5-12:MIC2;pi:rpi5-13:MIC1;pi:rpi5-13:MIC2;pi:rpi5-14:MIC1;pi:rpi5-14:MIC2;pi:rpi5-15:MIC1;pi:rpi5-15:MIC2;pi:rpi5-16:MIC1
2026-09-27,13-02-33,ok,ok,4,108198,24,11563565,0,0,
2026-09-27,13-07-03,ok,ok,4,82279,24,4888770,0,0,
2026-09-27,13-09-06,ok,ok,4,1856478,24,22503361,0,0,
2026-09-27,13-17-55,ok,ok,4,1870719,24,17765007,0,0,
2026-09-27,13-25-32,ok,ok,4,2882952,24,17721758,0,0,
2026-09-27,13-31-51,ok,partial,4,3371952,20,14113311,0,0,pi:rpi5-15:MIC2;pi:rpi5-16:MIC1
2026-09-27,13-41-14,ok,ok,4,1867751,24,16984896,0,0,
2026-09-27,13-47-56,ok,ok,4,1502296,24,18425672,0,0,
2026-09-27,13-54-57,ok,ok,4,2854652,24,16688090,0,0,
2026-09-27,14-02-00,ok,ok,4,1385042,24,14763586,0,0,
2026-09-27,14-09-22,ok,ok,4,10362,24,452342,0,0,
2026-09-27,14-10-22,ok,ok,4,1933837,24,15737533,0,0,
2026-09-27,14-21-00,ok,ok,4,2435793,24,16668697,0,0,
2026-09-27,14-28-03,ok,partial,4,3255499,22,14105823,0,0,pi:rpi5-12:MIC1
2026-09-27,14-35-06,ok,ok,4,2912901,24,17042991,0,0,
2026-09-27,14-42-10,ok,partial,4,2777230,22,17509322,0,0,pi:rpi5-14:MIC1
2026-09-27,14-49-26,ok,ok,4,2219798,24,18301496,0,0,
2026-09-27,14-57-03,ok,ok,4,2574080,24,18599590,0,0,
2026-09-27,15-03-37,ok,ok,4,2349701,24,16920253,0,0,
2026-09-27,15-09-48,ok,partial,4,2486996,22,15812782,0,0,pi:rpi5-16:MIC2
2026-09-27,15-16-36,ok,ok,4,952925,24,18043745,0,0,
2026-09-27,15-24-06,ok,ok,4,1929856,24,17038274,0,0,
2026-09-27,15-31-46,ok,ok,4,4520095,24,23430472,0,0,
2026-09-27,15-39-43,ok,partial,4,4463854,20,19034200,0,0,pi:rpi5-15:MIC2;pi:rpi5-16:MIC2
2026-09-27,15-48-15,ok,partial,4,2187158,22,16028855,0,0,pi:rpi5-15:MIC1
2026-09-27,15-56-51,ok,partial,4,1442785,22,14498779,0,0,pi:rpi5-15:MIC1
2026-09-27,16-03-30,ok,partial,4,5702090,20,20704613,0,0,pi:rpi5-13:MIC2;pi:rpi5-15:MIC1
2026-09-27,16-13-15,ok,partial,4,4426497,22,23438543,0,0,pi:rpi5-15:MIC1
2026-09-27,16-22-12,ok,partial,4,3449531,22,21918842,0,0,pi:rpi5-15:MIC1
2026-09-27,16-31-14,ok,partial,4,3936180,22,22680572,0,0,pi:rpi5-15:MIC1
2026-09-27,16-41-04,ok,partial,4,3848046,22,21923418,0,0,pi:rpi5-15:MIC1
2026-09-27,16-50-38,ok,partial,4,3357032,20,20990745,0,0,pi:rpi5-13:MIC2;pi:rpi5-15:MIC1
2026-09-27,17-01-48,ok,partial,4,3402409,22,20898258,0,0,pi:rpi5-15:MIC1
2026-09-27,17-11-40,ok,partial,4,5835164,22,21760130,0,0,pi:rpi5-15:MIC1
2026-09-27,17-22-17,ok,partial,4,4979611,20,19357956,0,0,pi:rpi5-14:MIC2;pi:rpi5-15:MIC1
2026-09-27,17-30-19,ok,partial,4,4968475,22,22491679,0,0,pi:rpi5-15:MIC1
2026-09-27,17-39-17,ok,partial,4,3704174,22,22279201,0,0,pi:rpi5-15:MIC1
2026-09-27,17-48-44,ok,partial,4,3598279,22,22062968,0,0,pi:rpi5-15:MIC1
2026-09-27,17-58-01,ok,partial,4,2663558,22,20403522,0,0,pi:rpi5-15:MIC1
2026-09-27,18-08-38,ok,partial,4,2023194,22,20973848,0,0,pi:rpi5-15:MIC1
2026-09-27,18-30-28,ok,partial,4,3017829,22,20709781,0,0,pi:rpi5-15:MIC1
2026-09-27,18-38-17,ok,partial,4,2803701,20,19822890,0,0,pi:rpi5-15:MIC1;pi:rpi5-16:MIC2
2026-09-27,18-46-13,ok,partial,4,2975396,22,19652735,0,0,pi:rpi5-15:MIC1
2026-09-28,11-46-54,ok,partial,4,8583,8,175480,0,0,pi:rpi5-11:MIC1;pi:rpi5-11:MIC2;pi:rpi5-12:MIC1;pi:rpi5-12:MIC2;pi:rpi5-15:MIC1;pi:rpi5-15:MIC2;pi:rpi5-16:MIC1;pi:rpi5-16:MIC2
2026-09-28,12-31-56,ok,partial,4,8653,8,170158,0,0,pi:rpi5-11:MIC1;pi:rpi5-11:MIC2;pi:rpi5-12:MIC1;pi:rpi5-12:MIC2;pi:rpi5-15:MIC1;pi:rpi5-15:MIC2;pi:rpi5-16:MIC1;pi:rpi5-16:MIC2
2026-09-28,12-33-50,ok,failed,4,52728,0,0,0,0,pi:rpi5-11:MIC1;pi:rpi5-11:MIC2;pi:rpi5-12:MIC1;pi:rpi5-12:MIC2;pi:rpi5-13:MIC1;pi:rpi5-13:MIC2;pi:rpi5-14:MIC1;pi:rpi5-14:MIC2;pi:rpi5-15:MIC1;pi:rpi5-15:MIC2;pi:rpi5-16:MIC1;pi:rpi5-16:MIC2
2026-09-28,13-25-41,ok,partial,4,370835,16,6160050,0,0,pi:rpi5-11:MIC1;pi:rpi5-11:MIC2;pi:rpi5-13:MIC1;pi:rpi5-13:MIC2
2026-09-28,13-34-03,ok,partial,4,24729,14,376329,0,0,pi:rpi5-11:MIC1;pi:rpi5-12:MIC1;pi:rpi5-12:MIC2;pi:rpi5-13:MIC1;pi:rpi5-13:MIC2
2026-09-28,13-34-59,ok,partial,4,728056,20,15362145,0,0,pi:rpi5-13:MIC1;pi:rpi5-13:MIC2
2026-09-28,13-41-17,ok,partial,4,179142,20,11768357,0,0,pi:rpi5-13:MIC1;pi:rpi5-13:MIC2
2026-09-28,13-47-50,ok,partial,4,10200,20,484166,0,0,pi:rpi5-13:MIC1;pi:rpi5-13:MIC2
2026-09-28,13-50-14,ok,partial,4,10423,20,525805,0,0,pi:rpi5-13:MIC1;pi:rpi5-13:MIC2
2026-09-28,17-26-31,ok,partial,4,11691,18,265126,0,0,pi:rpi5-13:MIC1;pi:rpi5-13:MIC2;pi:rpi5-16:MIC1
2026-09-28,17-30-06,ok,partial,4,9347,19,157002,0,0,pi:rpi5-11:MIC1;pi:rpi5-16:MIC1
2026-09-28,18-18-52,ok,partial,4,12463,18,363474,0,0,pi:rpi5-11:MIC1;pi:rpi5-12:MIC1;pi:rpi5-16:MIC1
2026-09-28,18-20-39,ok,partial,4,8340,7,6170,0,0,pi:rpi5-11:MIC1;pi:rpi5-12:MIC1;pi:rpi5-15:MIC1;pi:rpi5-16:MIC1;pi:rpi5-16:MIC2
2026-09-28,18-46-05,ok,partial,4,11856,16,360406,0,0,pi:rpi5-11:MIC1;pi:rpi5-12:MIC1;pi:rpi5-15:MIC2;pi:rpi5-16:MIC1
2026-09-28,18-53-45,ok,partial,4,1258124,16,17149406,0,0,pi:rpi5-11:MIC1;pi:rpi5-12:MIC1;pi:rpi5-15:MIC2;pi:rpi5-16:MIC1
2026-09-28,19-01-13,ok,partial,4,442143,16,9791314,0,0,pi:rpi5-11:MIC1;pi:rpi5-12:MIC1;pi:rpi5-15:MIC2;pi:rpi5-16:MIC1
2026-09-28,19-06-46,ok,partial,4,7311518,16,22550617,0,0,pi:rpi5-11:MIC1;pi:rpi5-12:MIC1;pi:rpi5-15:MIC2;pi:rpi5-16:MIC1
2026-09-28,19-15-18,ok,partial,4,7763122,16,19490448,0,0,pi:rpi5-11:MIC1;pi:rpi5-12:MIC1;pi:rpi5-15:MIC2;pi:rpi5-16:MIC1
2026-09-28,19-23-24,ok,partial,4,394181,16,16489339,0,0,pi:rpi5-11:MIC1;pi:rpi5-12:MIC1;pi:rpi5-15:MIC2;pi:rpi5-16:MIC1
2026-09-29,10-58-16,ok,partial,4,204708,12,12296654,0,0,pi:rpi5-13:MIC1;pi:rpi5-13:MIC2;pi:rpi5-14:MIC1;pi:rpi5-14:MIC2;pi:rpi5-16:MIC1;pi:rpi5-16:MIC2
2026-09-29,12-05-42,ok,partial,4,6866,15,71024,0,0,pi:rpi5-14:MIC2;pi:rpi5-15:MIC1
2026-09-29,12-18-21,ok,ok,4,7147183,24,28426623,0,0,
2026-09-29,12-25-58,ok,ok,4,1070750,24,22579081,0,0,
2026-09-29,12-39-44,ok,partial,4,2590169,20,20893543,0,0,pi:rpi5-12:MIC2;pi:rpi5-15:MIC2
2026-09-29,12-47-22,ok,partial,4,944493,22,22494658,0,0,pi:rpi5-12:MIC2
2026-09-29,12-54-48,ok,partial,4,2085404,20,21445144,0,0,pi:rpi5-12:MIC2;pi:rpi5-14:MIC1
2026-09-29,13-02-22,ok,partial,4,1745000,22,22523794,0,0,pi:rpi5-12:MIC2
2026-09-29,13-17-22,ok,partial,4,1727056,22,27691988,0,0,pi:rpi5-12:MIC2
2026-09-29,13-27-12,ok,partial,4,1892629,22,17928988,0,0,pi:rpi5-12:MIC2
2026-09-29,13-33-52,ok,partial,4,2349306,22,16429628,0,0,pi:rpi5-12:MIC2
2026-09-29,13-40-01,ok,partial,4,5014468,22,21042360,0,0,pi:rpi5-12:MIC2
2026-09-29,13-47-09,ok,partial,4,4823643,22,31271270,0,0,pi:rpi5-12:MIC2
2026-09-29,13-58-44,ok,partial,4,8952,10,8892,0,0,pi:rpi5-12:MIC2;pi:rpi5-16:MIC1
2026-09-29,14-05-26,ok,partial,4,345256,18,17524770,0,0,pi:rpi5-11:MIC2;pi:rpi5-12:MIC1;pi:rpi5-12:MIC2
2026-09-29,14-15-10,ok,partial,4,2289195,20,19223431,0,0,pi:rpi5-12:MIC2;pi:rpi5-13:MIC1
2026-09-29,14-25-06,ok,partial,4,369738,22,22028537,0,0,pi:rpi5-12:MIC2
2026-09-29,14-32-57,ok,partial,4,485549,20,20444811,0,0,pi:rpi5-12:MIC2;pi:rpi5-15:MIC1
2026-09-29,14-44-58,failed,partial,0,0,16,30641812,0,0,jetson;pi:rpi5-12:MIC1;pi:rpi5-12:MIC2;pi:rpi5-14:MIC1;pi:rpi5-16:MIC2
2026-09-29,15-57-54,ok,partial,4,2980787,20,21704391,0,0,pi:rpi5-12:MIC2;pi:rpi5-14:MIC1
2026-09-29,16-11-58,ok,partial,4,674195,22,22385105,0,0,pi:rpi5-12:MIC2
2026-09-29,16-28-50,ok,partial,4,980064,16,15122843,0,0,pi:rpi5-12:MIC2;pi:rpi5-13:MIC2;pi:rpi5-16:MIC1;pi:rpi5-16:MIC2
2026-09-29,16-36-40,ok,partial,4,1469217,20,18107015,0,0,pi:rpi5-12:MIC1;pi:rpi5-12:MIC2
2026-09-29,16-46-32,ok,partial,4,3383587,22,24474255,0,0,pi:rpi5-12:MIC2
2026-09-29,16-55-14,ok,partial,4,1552394,20,21413907,0,0,pi:rpi5-12:MIC2;pi:rpi5-15:MIC2
2026-09-29,17-03-04,ok,partial,4,1744776,22,22673281,0,0,pi:rpi5-12:MIC2
2026-09-29,17-16-35,ok,partial,4,2024462,22,20541149,0,0,pi:rpi5-12:MIC2
2026-09-29,17-24-32,ok,partial,4,525540,22,21888662,0,0,pi:rpi5-12:MIC2
2026-09-29,17-37-53,ok,partial,4,1060482,20,19968449,0,0,pi:rpi5-12:MIC2;pi:rpi5-16:MIC1
2026-09-29,17-53-36,ok,partial,4,941457,20,19270634,0,0,pi:rpi5-12:MIC2;pi:rpi5-14:MIC1
2026-09-29,18-00-59,ok,partial,4,3047670,20,25881150,0,0,pi:rpi5-12:MIC2;pi:rpi5-13:MIC1
2026-09-29,18-10-52,ok,partial,4,3406921,20,20876502,0,0,pi:rpi5-12:MIC2;pi:rpi5-13:MIC2
2026-09-29,18-33-08,ok,partial,4,2350156,22,22497249,0,0,pi:rpi5-12:MIC2
2026-09-30,10-54-04,ok,ok,4,14547,24,938035,0,0,
2026-09-30,11-32-26,ok,partial,4,3345479,22,37954391,0,0,pi:rpi5-12:MIC2
2026-09-30,11-49-01,ok,partial,4,3164680,22,45037395,0,0,pi:rpi5-12:MIC1
2026-09-30,12-24-21,ok,ok,4,6870053,24,30440137,0,0,
2026-09-30,12-33-12,ok,ok,4,7599522,24,31048481,0,0,
2026-09-30,12-56-57,ok,ok,4,1756332,24,20182584,0,0,
2026-09-30,13-04-23,ok,ok,4,3662303,24,27170418,0,0,
2026-09-30,13-13-01,ok,ok,4,3412304,24,22734242,0,0,
2026-09-30,13-20-34,ok,partial,4,366863,22,21223493,0,0,pi:rpi5-15:MIC1
2026-09-30,13-34-43,ok,partial,4,4795789,22,37841104,0,0,pi:rpi5-16:MIC2
2026-09-30,13-48-26,ok,ok,4,4803716,24,16830733,0,0,
2026-09-30,13-54-40,ok,ok,4,7673545,24,24989860,0,0,
2026-09-30,14-02-44,ok,ok,4,1537156,24,23006510,0,0,
2026-09-30,14-10-46,ok,ok,4,3018146,24,24465754,0,0,
2026-09-30,14-19-00,ok,ok,4,7751178,24,23763549,0,0,
2026-09-30,14-25-16,ok,ok,4,5872621,24,21769793,0,0,
2026-09-30,14-32-02,ok,ok,4,3516510,24,19765088,0,0,
2026-09-30,14-39-00,ok,partial,4,12578428,22,38511357,0,0,pi:rpi5-16:MIC2
2026-09-30,14-52-43,ok,partial,4,4060929,22,12197131,0,0,pi:rpi5-16:MIC1
2026-09-30,15-05-55,ok,ok,4,2752069,24,18340449,0,0,
2026-09-30,15-11-52,ok,ok,4,8647821,24,27314084,0,0,
2026-09-30,15-20-10,ok,ok,4,1408044,24,21169884,0,0,
2026-09-30,15-27-38,ok,partial,4,2364929,22,20413039,0,0,pi:rpi5-11:MIC2
2026-09-30,15-35-38,ok,ok,4,4663910,24,25004370,0,0,
2026-09-30,15-43-39,ok,partial,4,4705737,22,19528891,0,0,pi:rpi5-16:MIC2
2026-09-30,15-50-22,ok,partial,4,4651870,22,44446185,0,0,pi:rpi5-16:MIC1
2026-09-30,16-11-35,ok,ok,4,4810440,24,32097720,0,0,
2026-09-30,16-22-09,ok,ok,4,2676022,24,16774115,0,0,
2026-09-30,16-28-14,ok,ok,4,3665555,24,16550305,0,0,
2026-09-30,16-34-16,ok,ok,4,1495910,24,17060549,0,0,
2026-09-30,16-40-53,ok,ok,4,3322890,24,18929604,0,0,
2026-09-30,16-47-01,ok,partial,4,4946122,22,23755909,0,0,pi:rpi5-13:MIC2
2026-09-30,16-55-37,ok,partial,4,9409980,22,34583210,0,0,pi:rpi5-14:MIC1
2026-09-30,17-06-58,ok,partial,4,2121459,22,23755819,0,0,pi:rpi5-13:MIC2
2026-09-30,17-16-14,ok,ok,4,3364601,24,21874438,0,0,
2026-09-30,17-23-47,ok,ok,4,3283376,24,17954082,0,0,
2026-09-30,17-37-31,ok,partial,4,2246544,22,16081543,0,0,pi:rpi5-11:MIC1
2026-09-30,17-45-17,ok,ok,4,1875753,24,17323481,0,0,
2026-09-30,18-03-00,ok,ok,4,1917475,24,19568320,0,0,
2026-09-30,18-10-37,ok,partial,4,1271555,22,14945258,0,0,pi:rpi5-13:MIC1
2026-09-30,18-17-28,ok,partial,4,2350528,22,20023015,0,0,pi:rpi5-12:MIC2
2026-09-30,18-25-13,ok,ok,4,2152357,24,18957919,0,0,
2026-09-30,18-33-42,ok,ok,4,3651811,24,20489173,0,0,
2026-09-30,18-40-03,ok,ok,4,624215,24,20022066,0,0,
2026-10-01,11-04-49,ok,partial,4,3368851,20,48696798,0,0,pi:rpi5-12:MIC1;pi:rpi5-14:MIC2
2026-10-01,11-50-11,ok,ok,4,3416780,24,23918240,0,0,
2026-10-01,11-57-44,ok,partial,4,3828234,22,19328816,0,0,pi:rpi5-12:MIC1
2026-10-01,12-04-26,ok,ok,4,3144936,24,23268352,0,0,
2026-10-01,12-12-03,ok,ok,4,3503543,24,30469852,0,0,
2026-10-01,12-31-56,ok,partial,4,2454163,22,20814150,0,0,pi:rpi5-15:MIC1
2026-10-01,12-39-27,ok,ok,4,3026707,24,27899672,0,0,
2026-10-01,12-47-35,ok,ok,4,2525995,24,24499407,0,0,
2026-10-01,12-55-42,ok,ok,4,3508575,24,26662932,0,0,
2026-10-01,13-07-13,ok,ok,4,6048867,24,27940450,0,0,
2026-10-01,13-14-44,ok,ok,4,4161260,24,23934502,0,0,
2026-10-01,13-27-25,ok,partial,4,4478906,22,22013762,0,0,pi:rpi5-13:MIC2
2026-10-01,13-35-23,ok,ok,4,5573750,24,28410572,0,0,
2026-10-01,13-48-38,ok,partial,4,2607648,22,21524843,0,0,pi:rpi5-11:MIC2
2026-10-01,13-56-13,ok,ok,4,3525767,24,23654094,0,0,
2026-10-01,14-03-37,ok,ok,4,5846917,24,28772459,0,0,
2026-10-01,14-12-26,ok,ok,4,3733614,24,22903269,0,0,
2026-10-01,14-20-14,ok,ok,4,3989154,24,22069001,0,0,
2026-10-01,14-28-15,ok,ok,4,4538968,24,24315473,0,0,
2026-10-01,14-35-49,ok,ok,4,4668273,24,23035160,0,0,
2026-10-01,14-44-01,ok,partial,4,3308031,22,22621870,0,0,pi:rpi5-14:MIC1
2026-10-01,14-52-14,ok,partial,4,3558081,22,24360712,0,0,pi:rpi5-13:MIC2
2026-10-01,15-00-09,ok,ok,4,3314959,24,25115843,0,0,
2026-10-01,15-08-16,ok,ok,4,3261998,24,23597213,0,0,
2026-10-01,15-15-52,ok,partial,4,4189903,22,24346358,0,0,pi:rpi5-11:MIC2
2026-10-01,15-24-03,ok,ok,4,3089091,24,25280747,0,0,
2026-10-01,15-32-07,ok,partial,4,1806685,22,20874666,0,0,pi:rpi5-11:MIC1
2026-10-01,15-47-53,ok,partial,4,4881844,22,22948864,0,0,pi:rpi5-15:MIC2
2026-10-01,15-55-22,ok,partial,4,5486560,22,24164848,0,0,pi:rpi5-16:MIC1
2026-10-01,16-02-58,ok,ok,4,4609049,24,48523341,0,0,
2026-10-01,16-17-33,ok,ok,4,4087662,24,27237747,0,0,
2026-10-01,16-26-40,ok,partial,4,2878003,22,22440077,0,0,pi:rpi5-15:MIC1
2026-10-01,16-34-23,ok,ok,4,2175242,24,23464872,0,0,
2026-10-01,16-41-57,ok,ok,4,2710788,24,22154334,0,0,
2026-10-01,16-49-28,ok,partial,4,2611719,22,21483189,0,0,pi:rpi5-12:MIC1
2026-10-01,16-57-51,ok,partial,4,1534189,20,18511388,0,0,pi:rpi5-12:MIC1;pi:rpi5-16:MIC1
2026-10-01,17-05-31,ok,partial,4,2981152,22,22028516,0,0,pi:rpi5-12:MIC1
2026-10-01,17-13-37,ok,partial,4,2648754,22,20675766,0,0,pi:rpi5-12:MIC1
2026-10-01,17-21-30,ok,partial,4,1544377,22,15382380,0,0,pi:rpi5-12:MIC1
2026-10-01,17-27-39,ok,partial,4,3805798,22,20465449,0,0,pi:rpi5-12:MIC1
2026-10-01,17-35-07,ok,partial,4,3471730,22,34253163,0,0,pi:rpi5-12:MIC1
2026-10-01,17-47-08,ok,partial,4,1904654,22,17585204,0,0,pi:rpi5-12:MIC1
2026-10-01,17-54-04,ok,partial,4,3660584,20,15704041,0,0,pi:rpi5-12:MIC1;pi:rpi5-16:MIC2
2026-10-01,18-00-21,ok,partial,4,2231106,22,17803972,0,0,pi:rpi5-12:MIC1
2026-10-01,18-06-37,ok,partial,4,2244909,22,15893193,0,0,pi:rpi5-12:MIC1
2026-10-01,18-15-08,ok,partial,4,2848638,22,20094586,0,0,pi:rpi5-12:MIC1
2026-10-01,18-37-42,ok,partial,4,2886059,20,19259628,0,0,pi:rpi5-12:MIC1;pi:rpi5-14:MIC2
2026-10-02,10-40-57,ok,ok,4,233342,24,25165996,0,0,
2026-10-02,11-04-45,ok,ok,4,470102,24,23228820,0,0,
2026-10-02,11-30-20,ok,ok,4,2326425,24,26123712,0,0,
2026-10-02,11-48-19,ok,ok,4,2725040,24,24294191,0,0,
2026-10-02,12-05-52,ok,partial,4,1328265,22,17045389,0,0,pi:rpi5-13:MIC1
2026-10-02,12-20-47,ok,ok,4,2320022,24,21308938,0,0,
2026-10-02,12-30-15,ok,ok,4,1552324,24,16429356,0,0,
2026-10-02,12-36-58,ok,ok,4,3245555,24,26054061,0,0,
2026-10-02,12-46-16,ok,ok,4,2937595,24,23743897,0,0,
2026-10-02,12-59-31,ok,ok,4,647596,24,10015774,0,0,
2026-10-02,13-10-24,ok,ok,4,3194007,24,23701228,0,0,
2026-10-02,13-17-52,ok,ok,4,2392660,24,23122180,0,0,
2026-10-02,13-25-58,ok,ok,4,2145187,24,22791833,0,0,
2026-10-02,13-33-51,ok,ok,4,3132989,24,28194640,0,0,
2026-10-02,13-44-07,ok,partial,4,2103242,22,23597362,0,0,pi:rpi5-15:MIC2
2026-10-02,13-56-07,ok,ok,4,2591857,24,22609585,0,0,
2026-10-02,14-03-41,ok,ok,4,4378185,24,26332522,0,0,
2026-10-02,14-11-37,ok,partial,4,3763187,20,20865104,0,0,pi:rpi5-14:MIC1;pi:rpi5-16:MIC2
2026-10-02,14-19-07,ok,partial,4,7081597,18,20966343,0,0,pi:rpi5-11:MIC2;pi:rpi5-14:MIC1;pi:rpi5-16:MIC1
2026-10-02,14-27-31,ok,partial,4,6599958,22,25829740,0,0,pi:rpi5-14:MIC1
2026-10-02,14-35-23,ok,partial,4,2444253,22,24148169,0,0,pi:rpi5-14:MIC1
2026-10-02,14-43-35,ok,partial,4,5116462,22,22673703,0,0,pi:rpi5-14:MIC1
2026-10-02,14-51-22,ok,partial,4,5800880,20,23560977,0,0,pi:rpi5-14:MIC1;pi:rpi5-15:MIC1
2026-10-02,14-59-15,ok,partial,4,5901100,22,22339650,0,0,pi:rpi5-14:MIC1
2026-10-02,15-05-57,ok,partial,4,8115875,22,29134560,0,0,pi:rpi5-14:MIC1
2026-10-02,15-14-31,ok,partial,4,875001,20,18625205,0,0,pi:rpi5-13:MIC1;pi:rpi5-14:MIC1
2026-10-02,15-21-47,ok,partial,4,6065161,14,30690885,0,0,pi:rpi5-11:MIC1;pi:rpi5-13:MIC2;pi:rpi5-14:MIC1;pi:rpi5-15:MIC2;pi:rpi5-16:MIC2
2026-10-02,15-56-40,ok,partial,4,4411154,22,24079778,0,0,pi:rpi5-14:MIC1
2026-10-02,16-16-26,ok,partial,4,4743254,22,44625822,0,0,pi:rpi5-14:MIC1
2026-10-02,16-32-05,ok,partial,4,5190827,20,21070266,0,0,pi:rpi5-12:MIC2;pi:rpi5-14:MIC1
2026-10-02,16-39-43,ok,partial,4,3290852,22,37628186,0,0,pi:rpi5-14:MIC1
2026-10-02,16-59-02,ok,partial,4,2569865,22,23254580,0,0,pi:rpi5-14:MIC1
2026-10-02,17-11-03,ok,partial,4,1349577,22,19778022,0,0,pi:rpi5-14:MIC1
2026-10-02,17-22-22,ok,partial,4,318005,20,18561998,0,0,pi:rpi5-14:MIC1;pi:rpi5-15:MIC1
2026-10-02,17-44-06,ok,partial,4,312363,20,9266646,0,0,pi:rpi5-11:MIC2;pi:rpi5-14:MIC1
2026-10-02,17-57-55,ok,partial,4,1845923,22,17814519,0,0,pi:rpi5-14:MIC1
2026-10-02,18-04-20,ok,partial,4,2447875,18,14395804,0,0,pi:rpi5-13:MIC2;pi:rpi5-14:MIC1;pi:rpi5-14:MIC2
2026-10-02,18-14-59,ok,partial,4,2254541,22,20284169,0,0,pi:rpi5-14:MIC1
2026-10-02,18-22-30,ok,partial,4,2780081,22,21822325,0,0,pi:rpi5-14:MIC1
2026-10-02,18-31-13,ok,partial,4,3069462,22,21319519,0,0,pi:rpi5-14:MIC1
2026-10-02,18-38-18,ok,partial,4,4500357,22,24603460,0,0,pi:rpi5-14:MIC1
2026-10-02,18-45-43,ok,partial,4,4502568,20,22691255,0,0,pi:rpi5-11:MIC2;pi:rpi5-14:MIC1
2026-10-02,18-53-14,ok,partial,4,91427,22,2359552,0,0,pi:rpi5-14:MIC1
2026-10-03,10-39-27,ok,ok,4,57780,24,1267256,0,0,
2026-10-03,11-07-32,ok,partial,4,1574432,22,20908528,0,0,pi:rpi5-12:MIC2
2026-10-03,11-15-01,ok,ok,4,2020443,24,19597065,0,0,
2026-10-03,11-22-40,ok,partial,4,460904,22,22036988,0,0,pi:rpi5-16:MIC1
2026-10-03,11-35-42,ok,partial,4,9206989,22,25852585,0,0,pi:rpi5-14:MIC1
2026-10-03,11-43-53,ok,ok,4,1372011,24,21948126,0,0,
2026-10-03,11-51-38,ok,partial,4,4743183,22,28404873,0,0,pi:rpi5-16:MIC2
2026-10-03,12-01-07,ok,partial,4,4012724,22,22625841,0,0,pi:rpi5-16:MIC1
2026-10-03,12-08-53,ok,partial,4,3654373,22,18771000,0,0,pi:rpi5-14:MIC2
2026-10-03,12-15-05,ok,ok,4,2167021,24,23103718,0,0,
2026-10-03,12-22-35,ok,partial,4,6388599,22,44901583,0,0,pi:rpi5-15:MIC1
2026-10-03,13-00-07,ok,ok,4,1386873,24,23247803,0,0,
2026-10-03,13-08-51,ok,ok,4,3971629,24,23146427,0,0,
2026-10-03,13-16-33,ok,ok,4,3761708,24,20436227,0,0,
2026-10-03,13-24-45,ok,partial,4,1325458,22,19176690,0,0,pi:rpi5-12:MIC1
2026-10-03,13-32-15,ok,ok,4,3608430,24,23543256,0,0,
2026-10-03,13-39-48,ok,partial,4,6002139,22,24285451,0,0,pi:rpi5-13:MIC1
2026-10-03,13-47-37,ok,partial,4,6525910,22,26592216,0,0,pi:rpi5-13:MIC1
2026-10-03,13-56-06,ok,partial,4,4076336,22,22962282,0,0,pi:rpi5-13:MIC1
2026-10-03,14-07-02,ok,partial,4,5235176,20,21891218,0,0,pi:rpi5-12:MIC1;pi:rpi5-13:MIC1
2026-10-03,14-15-05,ok,partial,4,8113632,22,26001137,0,0,pi:rpi5-13:MIC1
2026-10-03,14-22-43,ok,partial,4,7082274,20,24390565,0,0,pi:rpi5-12:MIC2;pi:rpi5-13:MIC1
2026-10-03,14-30-59,ok,partial,4,2624609,22,22069968,0,0,pi:rpi5-13:MIC1
2026-10-03,14-38-27,ok,partial,4,4791026,22,24303262,0,0,pi:rpi5-13:MIC1
2026-10-03,14-45-59,ok,partial,4,6157656,20,23239803,0,0,pi:rpi5-13:MIC1;pi:rpi5-15:MIC1
2026-10-03,14-54-22,ok,partial,4,3615592,22,24247217,0,0,pi:rpi5-13:MIC1
2026-10-03,15-03-18,ok,partial,4,3847460,22,22016112,0,0,pi:rpi5-13:MIC1
2026-10-03,15-11-57,ok,partial,4,4223599,22,25001794,0,0,pi:rpi5-13:MIC1
2026-10-03,15-20-08,ok,partial,4,6271274,22,25441513,0,0,pi:rpi5-13:MIC1
2026-10-03,15-28-23,ok,partial,4,3146390,20,19574018,0,0,pi:rpi5-13:MIC1;pi:rpi5-15:MIC1
2026-10-03,15-36-17,ok,partial,4,4041250,20,20678568,0,0,pi:rpi5-13:MIC1;pi:rpi5-15:MIC1
2026-10-03,15-44-52,ok,partial,4,3777347,22,21705570,0,0,pi:rpi5-13:MIC1
2026-10-03,15-52-47,ok,partial,4,4099952,22,21270592,0,0,pi:rpi5-13:MIC1
2026-10-03,16-00-17,ok,partial,4,6089782,22,32004261,0,0,pi:rpi5-13:MIC1
2026-10-03,16-47-21,ok,partial,4,12777,4,70237,0,0,pi:rpi5-11:MIC1;pi:rpi5-11:MIC2;pi:rpi5-12:MIC1;pi:rpi5-12:MIC2;pi:rpi5-13:MIC1;pi:rpi5-13:MIC2;pi:rpi5-14:MIC1;pi:rpi5-14:MIC2;pi:rpi5-16:MIC1;pi:rpi5-16:MIC2
2026-10-03,16-48-19,ok,partial,4,778151,4,2165580,0,0,pi:rpi5-11:MIC1;pi:rpi5-11:MIC2;pi:rpi5-12:MIC1;pi:rpi5-12:MIC2;pi:rpi5-13:MIC1;pi:rpi5-13:MIC2;pi:rpi5-14:MIC1;pi:rpi5-14:MIC2;pi:rpi5-16:MIC1;pi:rpi5-16:MIC2
2026-10-03,16-52-57,ok,partial,4,498142,4,615073,0,0,pi:rpi5-11:MIC1;pi:rpi5-11:MIC2;pi:rpi5-12:MIC1;pi:rpi5-12:MIC2;pi:rpi5-13:MIC1;pi:rpi5-13:MIC2;pi:rpi5-14:MIC1;pi:rpi5-14:MIC2;pi:rpi5-16:MIC1;pi:rpi5-16:MIC2
2026-10-03,16-54-53,ok,partial,4,1895391,4,3162839,0,0,pi:rpi5-11:MIC1;pi:rpi5-11:MIC2;pi:rpi5-12:MIC1;pi:rpi5-12:MIC2;pi:rpi5-13:MIC1;pi:rpi5-13:MIC2;pi:rpi5-14:MIC1;pi:rpi5-14:MIC2;pi:rpi5-16:MIC1;pi:rpi5-16:MIC2
2026-10-03,17-01-04,ok,partial,4,3006527,4,4865054,0,0,pi:rpi5-11:MIC1;pi:rpi5-11:MIC2;pi:rpi5-12:MIC1;pi:rpi5-12:MIC2;pi:rpi5-13:MIC1;pi:rpi5-13:MIC2;pi:rpi5-14:MIC1;pi:rpi5-14:MIC2;pi:rpi5-16:MIC1;pi:rpi5-16:MIC2
2026-10-03,17-09-25,ok,partial,4,3141634,4,3610770,0,0,pi:rpi5-11:MIC1;pi:rpi5-11:MIC2;pi:rpi5-12:MIC1;pi:rpi5-12:MIC2;pi:rpi5-13:MIC1;pi:rpi5-13:MIC2;pi:rpi5-14:MIC1;pi:rpi5-14:MIC2;pi:rpi5-16:MIC1;pi:rpi5-16:MIC2
2026-10-03,17-30-28,ok,partial,4,29308,4,107213,0,0,pi:rpi5-11:MIC1;pi:rpi5-11:MIC2;pi:rpi5-12:MIC1;pi:rpi5-12:MIC2;pi:rpi5-13:MIC1;pi:rpi5-13:MIC2;pi:rpi5-15:MIC1;pi:rpi5-15:MIC2;pi:rpi5-16:MIC1;pi:rpi5-16:MIC2
2026-10-03,17-31-19,ok,partial,4,65333,4,97165,0,0,pi:rpi5-11:MIC1;pi:rpi5-11:MIC2;pi:rpi5-12:MIC1;pi:rpi5-12:MIC2;pi:rpi5-13:MIC1;pi:rpi5-13:MIC2;pi:rpi5-15:MIC1;pi:rpi5-15:MIC2;pi:rpi5-16:MIC1;pi:rpi5-16:MIC2
2026-10-03,17-32-09,ok,partial,4,5319897,4,5476010,0,0,pi:rpi5-11:MIC1;pi:rpi5-11:MIC2;pi:rpi5-12:MIC1;pi:rpi5-12:MIC2;pi:rpi5-13:MIC1;pi:rpi5-13:MIC2;pi:rpi5-15:MIC1;pi:rpi5-15:MIC2;pi:rpi5-16:MIC1;pi:rpi5-16:MIC2
2026-10-03,17-40-20,ok,partial,4,7814713,22,28995372,0,0,pi:rpi5-11:MIC1
2026-10-03,17-47-47,ok,ok,4,7485908,24,29042583,0,0,
2026-10-03,17-55-24,ok,ok,4,5177599,24,27396220,0,0,
2026-10-03,18-04-03,ok,ok,4,4724359,24,28179418,0,0,
2026-10-03,18-12-18,ok,partial,4,4722274,22,25660526,0,0,pi:rpi5-11:MIC1
2026-10-03,18-20-35,ok,partial,4,3196558,22,22800461,0,0,pi:rpi5-16:MIC1
2026-10-03,18-28-55,ok,ok,4,3907541,24,27776546,0,0,
2026-10-03,18-37-04,ok,ok,4,2982110,24,24458777,0,0,
2026-10-04,10-44-03,ok,ok,4,11287,24,459503,0,0,
2026-10-04,10-47-03,ok,ok,4,933695,24,17946782,0,0,
2026-10-04,11-07-29,ok,ok,4,2502266,24,20925848,0,0,
2026-10-04,11-19-19,ok,ok,4,1060490,24,23065860,0,0,
2026-10-04,11-35-47,ok,ok,4,2142696,24,22776207,0,0,
2026-10-04,11-43-26,ok,ok,4,1374498,24,18366497,0,0,
2026-10-04,11-49-29,ok,ok,4,1822571,24,20378855,0,0,
2026-10-04,11-57-26,ok,ok,4,983484,24,17451271,0,0,
2026-10-04,12-05-08,ok,ok,4,2600147,24,23269778,0,0,
2026-10-04,12-14-40,ok,partial,4,2273720,22,19789640,0,0,pi:rpi5-16:MIC2
2026-10-04,12-21-37,ok,partial,4,3383370,22,19645234,0,0,pi:rpi5-14:MIC1
2026-10-04,12-28-24,ok,partial,4,3745364,22,20548269,0,0,pi:rpi5-15:MIC2
2026-10-04,12-35-52,ok,ok,4,1759032,24,34873664,0,0,
2026-10-04,12-47-20,ok,ok,4,2827744,24,24310766,0,0,
2026-10-04,12-54-45,ok,ok,4,3498986,24,21128883,0,0,
2026-10-04,13-01-27,ok,ok,4,2205332,24,21804872,0,0,
2026-10-04,13-08-29,ok,partial,4,3270141,20,18450377,0,0,pi:rpi5-13:MIC2;pi:rpi5-14:MIC1
2026-10-04,13-15-40,ok,partial,4,3731921,22,19640967,0,0,pi:rpi5-15:MIC1
2026-10-04,13-22-25,ok,ok,4,4736480,24,24910937,0,0,
2026-10-04,13-30-23,ok,ok,4,3105772,24,21667061,0,0,
2026-10-04,13-37-47,ok,ok,4,2229324,24,21823390,0,0,
2026-10-04,13-46-39,ok,partial,4,899342,22,21183466,0,0,pi:rpi5-12:MIC2
2026-10-04,13-55-10,ok,ok,4,2156560,24,19505438,0,0,
2026-10-04,14-02-12,ok,partial,4,3391762,20,15622639,0,0,pi:rpi5-13:MIC1;pi:rpi5-15:MIC1
2026-10-04,14-08-38,ok,partial,4,4866567,22,18652686,0,0,pi:rpi5-12:MIC1
2026-10-04,14-14-53,ok,ok,4,4526229,24,20519384,0,0,
2026-10-04,14-32-29,ok,partial,4,2252370,22,22152671,0,0,pi:rpi5-12:MIC2
2026-10-04,14-40-25,ok,ok,4,1733155,24,16970188,0,0,
2026-10-04,14-46-26,ok,ok,4,3493377,24,23270614,0,0,
2026-10-04,14-54-26,ok,partial,4,1381574,20,18933833,0,0,pi:rpi5-11:MIC2;pi:rpi5-12:MIC2
2026-10-04,15-01-58,ok,ok,4,3466559,24,22428095,0,0,
2026-10-04,15-09-01,ok,partial,4,439264,22,4096645,0,0,pi:rpi5-14:MIC1
2026-10-04,15-11-47,ok,ok,4,3873982,24,21659450,0,0,
2026-10-04,15-19-19,ok,ok,4,5866355,24,27481302,0,0,
2026-10-04,15-27-13,ok,ok,4,4289595,24,24340504,0,0,
2026-10-04,15-35-09,ok,ok,4,5104584,24,25412591,0,0,
2026-10-04,15-42-57,ok,partial,4,6558025,22,24221237,0,0,pi:rpi5-14:MIC2
2026-10-04,15-51-20,ok,ok,4,5429127,24,25590885,0,0,
2026-10-04,15-58-59,ok,partial,4,7411441,20,24994808,0,0,pi:rpi5-12:MIC2;pi:rpi5-15:MIC2
2026-10-04,16-06-55,ok,ok,4,4710925,24,25051897,0,0,
2026-10-04,16-14-29,ok,ok,4,3861989,24,19398886,0,0,
2026-10-04,16-20-52,ok,partial,4,4717952,22,21301756,0,0,pi:rpi5-11:MIC2
2026-10-04,16-27-30,ok,ok,4,5828920,24,23200423,0,0,
2026-10-04,16-33-58,ok,ok,4,5944233,24,25648965,0,0,
2026-10-04,16-41-41,ok,partial,4,6750597,22,24930599,0,0,pi:rpi5-16:MIC1
2026-10-04,16-49-22,ok,partial,4,5706185,22,24555240,0,0,pi:rpi5-15:MIC1
2026-10-04,16-57-24,ok,ok,4,3469114,24,30649601,0,0,
2026-10-04,17-06-33,ok,partial,4,3051943,22,17686046,0,0,pi:rpi5-14:MIC2
2026-10-04,17-13-14,ok,ok,4,2327139,24,17613139,0,0,
2026-10-04,17-19-20,ok,ok,4,6966592,24,27533760,0,0,
2026-10-04,17-27-10,ok,ok,4,4550433,24,24431108,0,0,
2026-10-04,17-36-22,ok,partial,4,2755603,22,17303497,0,0,pi:rpi5-15:MIC2
