date,time,profile_name,tutorial_entered_at,play_entered_at,play_ended_at,total_game_time_s,score_a,score_b,a_joint1_distance_rad,a_joint2_distance_rad,a_joint3_distance_rad,a_joint4_distance_rad,a_joint5_distance_rad,a_joint6_distance_rad,b_joint1_distance_rad,b_joint2_distance_rad,b_joint3_distance_rad,b_joint4_distance_rad,b_joint5_distance_rad,b_joint6_distance_rad
2026-07-08,12-29-19,two_teams,2026-07-08T12:29:19.286624+08:00,2026-07-08T12:29:19.819877+08:00,2026-07-08T12:34:28.314814+08:00,309.028,308,52,10.009943,15.163501,23.888104,47.027461,9.537439,4.800468,2.448618,0.378298,0.446363,0.341273,0.394277,0.245223
2026-07-08,12-42-44,two_teams,2026-07-08T12:42:44.009932+08:00,2026-07-08T12:42:46.077913+08:00,2026-07-08T12:47:46.313802+08:00,302.304,45,459,0.352283,0.268853,0.265991,0.287500,0.289938,0.213328,4.014281,15.968725,21.960220,49.312459,3.596318,3.441039
2026-07-08,13-25-59,two_teams,2026-07-08T13:25:59.634594+08:00,2026-07-08T13:26:01.184631+08:00,2026-07-08T13:26:34.685888+08:00,35.051,0,0,1.547134,0.953540,0.752134,1.674293,2.970655,0.025178,0.032757,0.037660,0.036319,0.034304,0.044060,0.027383
2026-07-08,13-27-40,two_teams,2026-07-08T13:27:40.186368+08:00,2026-07-08T13:29:10.203562+08:00,2026-07-08T13:34:10.287290+08:00,390.101,13,72,7.458018,7.205513,13.238663,11.463073,8.591582,4.609473,4.693820,5.251681,4.969895,11.631833,8.288462,14.620651
2026-07-08,13-35-14,two_teams,2026-07-08T13:35:14.936978+08:00,2026-07-08T13:36:44.963511+08:00,2026-07-08T13:37:02.325757+08:00,107.389,0,0,0.335765,0.111089,0.111621,0.136483,0.116355,0.078722,0.113768,0.123399,0.126665,0.120186,0.157681,0.106555
2026-07-08,13-38-14,two_teams,2026-07-08T13:38:14.179473+08:00,2026-07-08T13:38:15.446444+08:00,2026-07-08T13:38:17.756362+08:00,3.577,0,0,0.004269,0.004142,0.004744,0.003873,0.008505,0.004964,0.003518,0.004633,0.006896,0.004144,0.019853,0.008949
2026-07-08,13-42-06,two_teams,2026-07-08T13:42:06.655274+08:00,2026-07-08T13:42:08.755927+08:00,2026-07-08T13:42:30.815888+08:00,24.161,0,0,0.031654,0.023746,0.031004,0.025989,0.037528,0.023781,0.026048,0.026792,0.036769,0.027485,0.048545,0.027305
2026-07-08,13-43-16,two_teams,2026-07-08T13:43:16.640088+08:00,2026-07-08T13:44:46.657981+08:00,2026-07-08T13:49:46.767653+08:00,390.128,96,43,13.287127,12.518657,12.958295,23.325736,6.200818,4.869700,10.082326,9.570194,5.908839,28.226650,6.305898,12.273183
2026-07-08,13-52-56,two_teams,2026-07-08T13:52:56.168485+08:00,2026-07-08T13:54:26.177192+08:00,2026-07-08T13:59:26.293975+08:00,390.125,177,124,11.138943,11.078524,5.529813,10.589154,6.063403,6.791500,5.423341,5.545491,6.214921,14.289963,8.138270,15.840715
2026-07-08,14-01-38,two_teams,2026-07-08T14:01:38.682026+08:00,2026-07-08T14:03:08.707061+08:00,2026-07-08T14:08:08.804127+08:00,390.122,19,148,5.741762,3.318348,11.081779,6.189178,5.664019,5.350450,7.832921,14.334751,11.495960,6.439973,16.317522,21.224109
2026-07-08,14-09-13,two_teams,2026-07-08T14:09:13.802761+08:00,2026-07-08T14:10:19.247167+08:00,2026-07-08T14:15:19.375658+08:00,365.573,75,15,5.994277,4.342263,7.908668,10.549213,4.608932,4.232064,4.172914,4.191923,6.347241,10.345892,9.249295,13.286302
2026-07-08,14-22-07,two_teams,2026-07-08T14:22:07.089429+08:00,2026-07-08T14:23:37.096080+08:00,2026-07-08T14:28:37.188527+08:00,390.099,165,9,12.029693,12.762778,16.420301,29.144093,27.461205,14.685683,15.718438,8.165340,1.669743,2.192574,3.767736,4.466305
2026-07-08,14-32-51,two_teams,2026-07-08T14:32:51.218811+08:00,2026-07-08T14:34:21.243584+08:00,2026-07-08T14:39:21.337052+08:00,390.118,15,99,2.975229,4.371991,4.712093,3.038440,10.694348,9.565435,6.045369,7.350961,6.860966,12.191142,14.866486,5.920074
2026-07-08,14-40-41,two_teams,2026-07-08T14:40:41.739156+08:00,2026-07-08T14:42:11.763760+08:00,2026-07-08T14:47:11.858845+08:00,390.120,4,24,2.559101,0.417231,0.394711,0.399255,0.383264,0.275031,7.228359,5.110548,3.945897,8.571012,5.556508,4.885928
2026-07-08,15-10-58,two_teams,2026-07-08T15:10:58.363208+08:00,2026-07-08T15:12:28.372949+08:00,2026-07-08T15:27:34.872783+08:00,996.510,28,112,2.199355,4.900027,2.193940,2.748858,4.212381,3.960733,8.198806,10.350848,19.152912,18.030079,5.091819,5.162874
2026-07-08,15-30-53,two_teams,2026-07-08T15:30:53.555025+08:00,2026-07-08T15:32:23.563168+08:00,2026-07-08T15:37:23.643701+08:00,390.089,7,0,15.215491,17.147062,7.292446,21.253338,17.071177,18.402331,3.928022,4.529414,12.057453,6.231960,14.831898,17.935480
2026-07-08,15-38-27,two_teams,2026-07-08T15:38:27.432671+08:00,2026-07-08T15:39:57.458837+08:00,2026-07-08T15:44:57.587585+08:00,390.155,180,81,22.941727,20.488828,13.326112,31.108926,17.246827,9.249739,8.866675,19.536281,18.214282,12.238221,10.915242,36.605602
2026-07-08,15-46-07,two_teams,2026-07-08T15:46:07.786174+08:00,2026-07-08T15:47:37.811720+08:00,2026-07-08T15:52:37.886333+08:00,390.100,105,502,0.502275,0.362629,0.357420,0.394913,0.391560,0.285696,5.911858,5.530074,5.185835,7.287469,5.209879,6.320096
2026-07-08,15-53-43,two_teams,2026-07-08T15:53:43.647012+08:00,2026-07-08T15:55:13.656923+08:00,2026-07-08T16:00:13.773013+08:00,390.126,44,127,1.481097,1.301120,0.991079,1.875223,4.066852,3.425178,2.554336,2.062452,1.915187,3.020342,4.833556,5.140992
2026-07-08,16-04-13,two_teams,2026-07-08T16:04:13.265000+08:00,2026-07-08T16:05:43.279274+08:00,2026-07-08T16:10:43.527675+08:00,390.263,6,0,2.580949,2.140232,1.170772,0.505690,0.405952,0.287187,2.228963,1.370332,1.062125,1.874344,1.277084,0.340362
2026-07-08,16-11-38,two_teams,2026-07-08T16:11:38.194244+08:00,2026-07-08T16:13:08.222947+08:00,2026-07-08T16:18:08.326155+08:00,390.132,5,0,1.856681,1.346371,1.109857,1.864879,3.522438,4.276470,0.404791,0.425152,0.406151,0.420087,0.499654,0.313871
2026-07-08,16-19-29,two_teams,2026-07-08T16:19:29.525357+08:00,2026-07-08T16:20:15.670748+08:00,2026-07-08T16:25:15.793912+08:00,346.269,21,57,5.594247,6.894600,8.534763,2.184670,10.630233,6.946810,8.965913,10.824354,12.777950,13.726002,24.202676,15.742348
2026-07-08,16-30-47,two_teams,2026-07-08T16:30:47.804899+08:00,2026-07-08T16:32:17.829899+08:00,2026-07-08T16:37:17.991348+08:00,390.186,83,22,3.208642,6.369584,6.336476,10.328759,7.382584,12.551012,5.582381,9.250278,9.145256,18.561696,21.295208,27.437099
2026-07-08,16-38-14,two_teams,2026-07-08T16:38:14.598458+08:00,2026-07-08T16:39:44.624187+08:00,2026-07-08T16:45:01.636676+08:00,407.038,76,75,4.040707,8.040409,10.062703,9.942627,18.310594,25.739549,22.132724,9.932816,8.039025,4.843032,16.808635,15.174637
2026-07-08,16-46-53,two_teams,2026-07-08T16:46:53.425427+08:00,2026-07-08T16:48:23.434959+08:00,2026-07-08T16:53:23.570648+08:00,390.145,16,9,4.030075,5.424904,4.178860,13.043820,16.287438,32.594445,4.704124,6.075896,7.120890,11.105726,7.282095,11.291645
2026-07-08,16-54-21,two_teams,2026-07-08T16:54:21.904422+08:00,2026-07-08T16:55:51.931673+08:00,2026-07-08T17:00:52.055272+08:00,390.151,66,0,7.020076,6.635491,8.566083,15.783856,13.593198,13.205499,1.674567,1.928454,0.519602,0.468441,0.512316,0.310885
2026-07-08,17-05-31,two_teams,2026-07-08T17:05:31.319610+08:00,2026-07-08T17:07:01.329834+08:00,2026-07-08T17:12:01.493283+08:00,390.174,12,73,6.499845,10.651228,11.632584,9.379348,21.604423,20.730228,6.741539,5.229209,6.369868,9.820663,10.435924,11.921287
2026-07-08,17-14-38,two_teams,2026-07-08T17:14:38.874724+08:00,2026-07-08T17:16:08.884076+08:00,2026-07-08T17:18:53.356821+08:00,254.482,0,0,4.091624,3.693882,3.070878,4.394331,10.037046,12.317078,3.679716,7.313985,5.166523,8.367414,9.785527,3.477093
2026-07-08,17-19-57,two_teams,2026-07-08T17:19:57.078290+08:00,2026-07-08T17:21:09.049887+08:00,2026-07-08T17:28:16.652824+08:00,499.575,8,65,2.714963,8.763639,11.995230,9.728857,10.673675,16.869602,5.707785,7.182641,11.566090,21.620557,11.854969,8.825690
2026-07-08,17-33-24,two_teams,2026-07-08T17:33:24.227238+08:00,2026-07-08T17:34:54.252842+08:00,2026-07-08T17:39:54.381927+08:00,390.155,9,0,1.423978,2.515275,1.457670,1.959848,0.397766,0.303422,5.505723,4.883554,3.456852,6.775983,6.094732,6.316683
2026-07-08,17-54-06,two_teams,2026-07-08T17:54:06.944091+08:00,2026-07-08T17:55:36.968588+08:00,2026-07-08T18:00:37.102361+08:00,390.158,6,0,9.502666,4.620710,5.880552,14.677064,9.982491,13.786097,0.433195,0.431829,0.473880,0.420587,0.506125,0.328664
2026-07-08,18-01-27,two_teams,2026-07-08T18:01:27.060267+08:00,2026-07-08T18:02:57.071039+08:00,2026-07-08T18:07:57.146372+08:00,390.086,4,0,7.395147,5.043681,12.819573,19.125790,12.694373,8.402020,5.058159,6.164988,6.027839,18.245936,9.108790,7.716187
2026-07-08,18-11-29,two_teams,2026-07-08T18:11:29.947510+08:00,2026-07-08T18:12:59.954503+08:00,2026-07-08T18:18:00.045041+08:00,390.098,10,0,9.138260,13.984630,12.136987,21.246265,18.511956,24.734643,4.272607,2.014111,1.198534,1.962134,3.707724,3.504785
2026-07-08,18-25-30,two_teams,2026-07-08T18:25:30.889259+08:00,2026-07-08T18:27:00.897735+08:00,2026-07-08T18:32:01.056142+08:00,390.167,0,0,0.522755,0.382627,0.388975,0.403989,0.408741,0.294027,0.461915,0.427934,0.464895,0.418583,0.522421,0.322603
2026-07-08,18-44-08,two_teams,2026-07-08T18:44:08.277532+08:00,2026-07-08T18:45:38.291754+08:00,2026-07-08T18:50:38.446677+08:00,390.169,8,0,4.359618,1.384824,1.109790,2.067445,3.527419,16.095102,8.961392,3.173353,7.621625,4.145542,8.741627,5.876899
2026-07-09,10-15-00,two_teams,2026-07-09T10:15:00.136829+08:00,2026-07-09T10:15:00.804097+08:00,2026-07-09T10:15:01.288937+08:00,1.152,0,0,0.003088,0.065906,0.070239,0.001915,0.103398,0.103339,0.001679,0.064506,0.066948,0.094114,0.098597,0.002499
2026-07-09,10-56-22,two_teams,2026-07-09T10:56:22.078129+08:00,2026-07-09T10:57:52.094210+08:00,2026-07-09T11:02:52.246757+08:00,390.169,4,30,0.493165,0.384881,0.416215,0.395735,0.393528,0.287497,0.439796,0.437826,0.679426,0.424668,0.496238,0.319863
2026-07-09,11-10-39,two_teams,2026-07-09T11:10:39.828176+08:00,2026-07-09T11:12:09.843801+08:00,2026-07-09T11:19:03.216840+08:00,503.389,11,0,0.624829,0.467227,0.479421,0.502331,0.482463,0.348564,1.517319,5.879930,1.529445,2.202778,9.313450,3.647012
2026-07-09,11-20-08,two_teams,2026-07-09T11:20:08.052150+08:00,2026-07-09T11:21:38.064037+08:00,2026-07-09T11:26:38.213897+08:00,390.162,49,10,8.790589,5.288789,7.798554,26.705453,15.555419,25.048962,8.450529,4.658905,4.869963,4.460759,15.967260,21.564724
2026-07-09,11-27-38,two_teams,2026-07-09T11:27:38.288717+08:00,2026-07-09T11:29:08.298629+08:00,2026-07-09T11:34:08.462514+08:00,390.174,7,0,3.329565,7.817454,10.137999,27.958113,12.588334,13.059977,5.168846,9.652671,9.555366,28.308102,5.797884,5.742361
2026-07-09,11-36-37,two_teams,2026-07-09T11:36:37.948821+08:00,2026-07-09T11:37:43.472913+08:00,2026-07-09T11:41:24.459156+08:00,286.510,6,0,5.625186,5.464745,5.304301,6.983003,9.722715,10.809737,3.219368,3.253738,3.432150,6.459240,7.952562,7.536054
2026-07-09,11-42-22,two_teams,2026-07-09T11:42:22.168982+08:00,2026-07-09T11:43:04.658057+08:00,2026-07-09T11:48:04.744001+08:00,342.575,160,110,8.546237,11.669251,13.547434,25.774279,30.324061,51.163975,7.522893,13.619607,25.885965,37.060772,6.601211,19.878633
2026-07-09,11-49-40,two_teams,2026-07-09T11:49:40.860727+08:00,2026-07-09T11:51:10.869718+08:00,2026-07-09T11:56:10.986120+08:00,390.125,0,0,0.511276,0.376799,0.368427,0.413181,0.402934,0.292531,0.499825,0.440537,0.422544,0.437202,0.518917,0.326616
2026-07-09,11-56-56,two_teams,2026-07-09T11:56:56.747346+08:00,2026-07-09T11:58:26.768672+08:00,2026-07-09T12:03:26.840223+08:00,390.093,0,0,0.483859,0.378646,0.362962,0.410388,0.400002,0.293012,0.450925,0.427380,0.412623,0.419006,0.511861,0.332328
2026-07-09,12-46-31,two_teams,2026-07-09T12:46:31.337247+08:00,2026-07-09T12:48:01.354253+08:00,2026-07-09T12:53:01.532708+08:00,390.195,0,4,0.501744,0.392661,0.422468,0.412352,0.397054,0.292161,0.444337,0.451012,0.642311,0.438819,0.520516,0.336450
2026-07-09,12-57-49,two_teams,2026-07-09T12:57:49.733489+08:00,2026-07-09T12:59:19.769603+08:00,2026-07-09T13:04:19.945611+08:00,390.212,13,79,3.800384,4.546897,10.916228,13.591564,23.167003,12.594880,3.492433,4.116979,3.433283,5.328664,4.795669,9.649999
2026-07-09,13-05-58,two_teams,2026-07-09T13:05:58.582348+08:00,2026-07-09T13:07:28.591121+08:00,2026-07-09T13:12:28.659148+08:00,390.077,6,72,5.768007,0.486548,0.499540,0.433479,0.396411,0.277404,4.660511,9.535917,7.139880,8.905096,4.433085,4.263138
2026-07-09,13-13-35,two_teams,2026-07-09T13:13:35.922976+08:00,2026-07-09T13:15:05.952336+08:00,2026-07-09T13:20:06.087100+08:00,390.164,71,8,7.644854,7.246401,4.996674,15.348037,4.641375,4.547591,0.421751,0.418364,0.400026,0.400575,0.492140,0.333157
2026-07-09,13-23-47,two_teams,2026-07-09T13:23:47.852304+08:00,2026-07-09T13:25:17.860948+08:00,2026-07-09T13:30:18.028723+08:00,390.176,27,0,2.298306,4.726727,7.354886,4.568638,3.566014,3.449362,0.427234,0.414831,0.402628,0.416015,0.482007,0.309440
2026-07-09,13-34-56,two_teams,2026-07-09T13:34:56.860564+08:00,2026-07-09T13:36:26.886128+08:00,2026-07-09T13:41:27.056042+08:00,390.195,18,58,14.235160,7.919825,4.797550,5.879668,13.831426,14.807524,8.063821,6.224042,6.076106,7.362902,12.999822,12.323122
2026-07-09,13-42-23,two_teams,2026-07-09T13:42:23.327330+08:00,2026-07-09T13:43:53.334697+08:00,2026-07-09T13:48:53.514560+08:00,390.187,17,28,8.277750,10.070604,5.347503,14.213029,12.852702,14.503013,5.867351,3.467798,5.282111,6.736103,5.287853,5.044378
2026-07-09,13-49-46,two_teams,2026-07-09T13:49:46.347167+08:00,2026-07-09T13:51:16.372436+08:00,2026-07-09T13:56:16.507913+08:00,390.161,83,246,5.363186,8.110483,9.013675,23.765205,11.836026,7.697818,9.201198,19.128352,30.342506,50.358722,16.941160,19.055564
2026-07-09,14-17-15,two_teams,2026-07-09T14:17:15.617358+08:00,2026-07-09T14:18:45.627118+08:00,2026-07-09T14:23:45.801465+08:00,390.184,6,0,6.511997,2.720046,2.220158,3.603475,5.373120,4.017308,1.902794,0.467942,0.554367,0.424757,0.493237,0.319590
2026-07-09,14-35-56,two_teams,2026-07-09T14:35:56.974319+08:00,2026-07-09T14:37:26.984109+08:00,2026-07-09T14:42:27.106369+08:00,390.132,7,0,3.927919,1.819118,1.118239,1.926626,3.576680,3.593687,0.437875,0.435486,0.500732,0.422946,0.512350,0.330122
2026-07-09,14-43-21,two_teams,2026-07-09T14:43:21.181856+08:00,2026-07-09T14:44:51.214555+08:00,2026-07-09T14:49:51.300208+08:00,390.118,5,0,7.898567,4.800669,3.917303,11.329873,15.058122,8.245540,0.445242,0.422381,0.404388,0.416977,0.498320,0.318859
2026-07-09,14-51-12,two_teams,2026-07-09T14:51:12.182365+08:00,2026-07-09T14:52:42.194991+08:00,2026-07-09T14:57:42.324727+08:00,390.142,19,52,0.462317,0.353885,0.347803,0.386577,0.383195,0.279995,7.679340,4.841165,6.565555,7.549584,11.665335,16.727678
2026-07-09,14-58-58,two_teams,2026-07-09T14:58:58.459967+08:00,2026-07-09T15:00:28.468588+08:00,2026-07-09T15:05:28.561728+08:00,390.102,37,0,6.835810,9.359197,14.395849,19.099661,12.011140,10.770439,7.313890,6.739842,7.547908,3.881300,6.211085,5.645423
2026-07-09,15-06-29,two_teams,2026-07-09T15:06:29.643758+08:00,2026-07-09T15:07:59.669269+08:00,2026-07-09T15:12:59.752513+08:00,390.109,11,0,10.559515,3.230641,4.892974,25.450984,8.770977,12.871362,7.802944,5.297161,6.933913,10.170383,9.815661,8.805297
2026-07-09,15-14-06,two_teams,2026-07-09T15:14:06.859841+08:00,2026-07-09T15:15:36.885930+08:00,2026-07-09T15:20:37.000008+08:00,390.140,46,118,4.964026,5.267060,8.428947,13.447371,19.671190,12.425971,5.384990,4.986615,6.874797,21.338616,14.564222,9.155349
2026-07-09,15-22-47,two_teams,2026-07-09T15:22:47.931295+08:00,2026-07-09T15:24:17.956120+08:00,2026-07-09T15:29:18.020627+08:00,390.089,0,0,16.464189,7.384294,12.061053,8.920806,8.529332,4.892868,8.182729,4.258447,3.566889,7.930741,4.866318,9.698486
2026-07-09,15-30-09,two_teams,2026-07-09T15:30:09.840510+08:00,2026-07-09T15:31:39.851109+08:00,2026-07-09T15:36:39.966260+08:00,390.126,42,0,9.224270,12.821688,8.029994,23.126243,18.608375,29.393092,7.822474,10.112381,9.771533,6.546067,10.198280,24.109060
2026-07-09,15-37-39,two_teams,2026-07-09T15:37:39.493925+08:00,2026-07-09T15:39:09.500714+08:00,2026-07-09T15:44:09.566214+08:00,390.072,49,6,15.328792,7.690006,9.302723,7.642620,9.598090,14.313525,13.033707,12.763119,13.217450,11.674777,19.697811,13.790967
2026-07-09,15-45-12,two_teams,2026-07-09T15:45:12.094966+08:00,2026-07-09T15:46:42.122365+08:00,2026-07-09T15:51:42.204436+08:00,390.109,64,124,6.670807,6.713673,3.816041,2.587798,5.919379,4.353437,13.255403,14.056732,16.290567,23.890029,4.355611,3.732287
2026-07-09,15-52-44,two_teams,2026-07-09T15:52:44.228594+08:00,2026-07-09T15:54:14.254370+08:00,2026-07-09T15:59:14.360504+08:00,390.132,0,0,9.348361,7.269905,7.408736,7.147799,14.294033,11.822053,7.324659,2.776194,3.860851,9.366501,5.666327,10.119364
2026-07-09,16-08-44,two_teams,2026-07-09T16:08:44.944429+08:00,2026-07-09T16:10:14.970609+08:00,2026-07-09T16:15:15.085505+08:00,390.141,58,11,3.827128,8.047228,8.465172,6.179393,20.138607,10.273130,3.744262,4.276901,1.872437,2.735687,3.986285,3.475098
2026-07-09,16-16-08,two_teams,2026-07-09T16:16:08.850584+08:00,2026-07-09T16:17:38.860689+08:00,2026-07-09T16:22:38.980422+08:00,390.130,8,0,5.521466,16.783176,14.177322,13.161008,19.916845,18.855591,6.256329,11.304795,13.778462,8.492168,9.999161,17.529250
2026-07-09,16-27-13,two_teams,2026-07-09T16:27:13.974421+08:00,2026-07-09T16:28:43.997214+08:00,2026-07-09T16:33:44.117086+08:00,390.143,75,0,9.355647,9.133328,9.080916,14.704282,7.627017,7.600882,3.831270,6.089900,4.672111,9.633110,4.187286,3.483183
2026-07-09,16-42-46,two_teams,2026-07-09T16:42:46.395871+08:00,2026-07-09T16:44:16.422693+08:00,2026-07-09T16:49:16.555451+08:00,390.160,21,0,8.298018,10.018124,11.098680,14.016623,15.065509,11.462612,0.425638,0.414615,0.460705,0.412889,0.489021,0.321218
2026-07-09,16-58-17,two_teams,2026-07-09T16:58:17.599354+08:00,2026-07-09T16:59:47.609065+08:00,2026-07-09T17:04:47.699988+08:00,390.101,20,0,5.940277,10.754036,12.197104,17.132230,15.326295,12.172085,0.417083,0.418479,0.451567,0.419798,0.498439,0.311259
2026-07-09,17-33-12,two_teams,2026-07-09T17:33:12.614537+08:00,2026-07-09T17:34:42.641227+08:00,2026-07-09T17:57:44.158752+08:00,1471.544,12,8,6.608291,6.148527,4.419783,8.047930,11.684079,5.242219,5.204718,10.799914,9.842235,11.721500,5.266657,4.552808
2026-07-09,17-58-49,two_teams,2026-07-09T17:58:49.154711+08:00,2026-07-09T18:00:19.180466+08:00,2026-07-09T18:05:19.197871+08:00,390.043,0,0,0.498220,0.382811,0.367708,0.413686,0.400721,0.300905,0.445067,0.439629,0.427574,0.433693,0.526376,0.330382
2026-07-09,18-08-31,two_teams,2026-07-09T18:08:31.229110+08:00,2026-07-09T18:10:01.249936+08:00,2026-07-09T18:15:01.350922+08:00,390.122,6,0,1.840054,1.361474,1.107778,1.968253,3.819521,3.952551,0.408552,0.421142,0.421607,0.409460,0.496976,0.328305
2026-07-09,18-36-06,two_teams,2026-07-09T18:36:06.833155+08:00,2026-07-09T18:37:36.844041+08:00,2026-07-09T18:42:36.962953+08:00,390.130,17,0,10.529329,13.508660,10.465929,15.600539,15.687115,34.671077,0.424336,0.420021,0.480772,0.410244,0.490162,0.314020
2026-07-09,18-44-00,two_teams,2026-07-09T18:44:00.770973+08:00,2026-07-09T18:45:30.781189+08:00,2026-07-09T18:50:39.849691+08:00,399.079,0,0,1.472725,2.080667,1.809929,2.729833,9.620136,5.450638,0.410935,0.434196,0.413569,0.437963,0.518990,0.325022
2026-07-10,11-04-24,two_teams,2026-07-10T11:04:24.277879+08:00,2026-07-10T11:05:52.177530+08:00,2026-07-10T11:10:52.323263+08:00,388.045,39,0,5.293990,7.498400,6.953037,9.195475,3.578319,3.496914,1.538037,2.621781,4.283213,2.674349,5.075724,8.188116
2026-07-10,11-12-08,two_teams,2026-07-10T11:12:08.309238+08:00,2026-07-10T11:13:19.086949+08:00,2026-07-10T11:18:19.219673+08:00,370.910,49,0,2.990401,3.655425,3.105170,10.394610,3.562638,6.666330,2.173839,3.399254,4.489429,6.094137,6.675231,13.279509
2026-07-10,11-19-46,two_teams,2026-07-10T11:19:46.636544+08:00,2026-07-10T11:21:16.645781+08:00,2026-07-10T11:26:16.769873+08:00,390.133,9,0,2.515262,0.412521,0.414674,0.407566,0.404374,0.291691,1.172603,0.436573,0.413997,0.416913,0.487088,0.320277
2026-07-10,11-27-16,two_teams,2026-07-10T11:27:16.134252+08:00,2026-07-10T11:28:14.454144+08:00,2026-07-10T11:33:33.037207+08:00,376.903,50,43,19.876042,12.659344,15.418900,22.405662,16.625122,25.859966,6.959104,15.955610,31.280997,22.119532,7.397216,3.810641
2026-07-10,11-36-16,two_teams,2026-07-10T11:36:16.743778+08:00,2026-07-10T11:37:17.484604+08:00,2026-07-10T11:42:17.608240+08:00,360.864,0,0,4.533800,3.105149,4.941455,6.500728,4.776471,4.479599,1.774475,4.921399,7.254964,3.228992,5.675194,3.526564
2026-07-10,11-46-15,two_teams,2026-07-10T11:46:15.612649+08:00,2026-07-10T11:47:45.622010+08:00,2026-07-10T11:52:45.649874+08:00,390.037,0,0,0.499076,0.376890,0.364580,0.398881,0.388542,0.288839,0.423491,0.427315,0.437702,0.415048,0.493380,0.321583
2026-07-10,11-58-05,two_teams,2026-07-10T11:58:05.914622+08:00,2026-07-10T11:59:03.545452+08:00,2026-07-10T12:04:03.646178+08:00,357.732,101,0,4.708127,4.519278,7.965966,21.770075,6.560832,8.094694,5.737410,6.950799,9.614635,14.578131,12.829815,6.710050
2026-07-10,12-05-58,two_teams,2026-07-10T12:05:58.754704+08:00,2026-07-10T12:07:28.763040+08:00,2026-07-10T12:12:28.893119+08:00,390.138,28,0,10.893928,5.429982,9.439368,11.380565,15.555871,13.918214,7.223025,4.439767,7.482082,6.175249,6.100352,5.197702
2026-07-10,12-13-47,two_teams,2026-07-10T12:13:47.288731+08:00,2026-07-10T12:15:17.298398+08:00,2026-07-10T12:20:17.324217+08:00,390.035,4,0,1.424014,1.296250,1.035542,1.855704,3.548269,3.834543,1.356892,1.394794,1.112632,1.933391,3.666486,3.505075
2026-07-10,12-44-56,two_teams,2026-07-10T12:44:56.878310+08:00,2026-07-10T12:45:56.007762+08:00,2026-07-10T12:50:56.073815+08:00,359.196,12,0,6.052497,4.141769,6.767544,9.902838,8.104555,9.843368,3.724760,6.465513,5.189563,5.582182,6.352937,4.666715
2026-07-10,12-51-52,two_teams,2026-07-10T12:51:52.073756+08:00,2026-07-10T12:53:22.082556+08:00,2026-07-10T12:58:22.244420+08:00,390.171,0,15,2.824330,2.934879,4.077974,3.131490,4.502326,4.361259,6.030251,6.603428,10.608903,6.146330,6.065380,4.417506
2026-07-10,13-00-27,two_teams,2026-07-10T13:00:27.321493+08:00,2026-07-10T13:01:57.347651+08:00,2026-07-10T13:06:57.362884+08:00,390.041,0,0,1.023373,0.387510,0.382559,0.414130,0.398361,0.287856,0.430463,0.427391,0.413895,0.423432,0.503394,0.328672
2026-07-10,13-08-03,two_teams,2026-07-10T13:08:03.047391+08:00,2026-07-10T13:09:33.078076+08:00,2026-07-10T13:14:33.167395+08:00,390.120,0,0,10.963506,5.892963,8.491895,7.750192,12.196992,25.666097,8.237054,1.565418,1.116417,0.561172,0.540974,0.325351
2026-07-10,13-15-30,two_teams,2026-07-10T13:15:30.263381+08:00,2026-07-10T13:17:00.272627+08:00,2026-07-10T13:22:00.401942+08:00,390.139,73,6,11.249184,9.688287,14.090698,21.842236,20.612218,21.472035,3.637555,8.210235,6.822744,9.902904,28.572254,19.379240
2026-07-10,13-23-05,two_teams,2026-07-10T13:23:05.515660+08:00,2026-07-10T13:24:35.539869+08:00,2026-07-10T13:29:35.625160+08:00,390.109,52,124,11.208506,8.188163,17.967230,27.189329,17.283258,24.659186,13.119226,9.466162,11.082093,10.592854,9.672332,11.816239
2026-07-10,13-30-43,two_teams,2026-07-10T13:30:43.008793+08:00,2026-07-10T13:32:13.018997+08:00,2026-07-10T13:37:13.111804+08:00,390.103,7,71,1.968841,3.637202,3.495286,9.310802,9.777868,22.376869,6.258900,9.832262,7.296704,19.990745,18.766250,14.384776
2026-07-10,13-38-28,two_teams,2026-07-10T13:38:28.030900+08:00,2026-07-10T13:39:58.055169+08:00,2026-07-10T13:44:58.184018+08:00,390.153,12,121,11.418270,7.112892,12.740391,12.974609,18.496476,16.353206,3.895084,9.337675,5.840828,19.018767,6.838659,12.569971
2026-07-10,13-56-03,two_teams,2026-07-10T13:56:03.247389+08:00,2026-07-10T13:57:33.272378+08:00,2026-07-10T14:02:33.354929+08:00,390.108,44,5,6.272827,17.712730,5.489172,24.716420,19.416297,9.571264,0.449720,0.420212,0.459420,0.407753,0.486170,0.316204
2026-07-10,14-05-24,two_teams,2026-07-10T14:05:24.683766+08:00,2026-07-10T14:06:54.692928+08:00,2026-07-10T14:11:54.824935+08:00,390.141,32,4,3.896542,2.899852,5.913587,7.521440,10.754672,24.644286,0.390478,0.419698,0.409692,0.413795,0.505748,0.309081
2026-07-10,14-15-10,two_teams,2026-07-10T14:15:10.745099+08:00,2026-07-10T14:16:40.769166+08:00,2026-07-10T14:21:40.885622+08:00,390.141,81,42,8.475471,9.704846,11.516996,19.023633,3.878810,3.844777,5.106834,6.289545,13.566957,16.155576,12.633128,17.410817
2026-07-10,14-30-45,two_teams,2026-07-10T14:30:45.156713+08:00,2026-07-10T14:32:15.181716+08:00,2026-07-10T14:37:15.290660+08:00,390.134,76,14,3.030340,8.416548,15.809957,28.549810,3.571170,3.576756,0.440306,0.424098,0.444333,0.419608,0.494852,0.314097
2026-07-10,14-38-57,two_teams,2026-07-10T14:38:57.498838+08:00,2026-07-10T14:40:27.525792+08:00,2026-07-10T14:45:27.623197+08:00,390.124,101,49,2.396942,7.726057,14.898873,26.134710,18.470359,4.819511,7.266647,9.252479,6.907995,9.619509,10.312096,13.958720
2026-07-10,14-46-27,two_teams,2026-07-10T14:46:27.308773+08:00,2026-07-10T14:47:57.319287+08:00,2026-07-10T14:52:57.397024+08:00,390.088,11,0,8.639726,12.615379,13.278000,6.988257,11.854011,16.884509,0.630733,0.420784,0.400456,0.416718,0.494201,0.314678
2026-07-10,14-55-21,two_teams,2026-07-10T14:55:21.391124+08:00,2026-07-10T14:56:51.417666+08:00,2026-07-10T15:01:51.530290+08:00,390.139,0,0,0.483082,0.384530,0.368015,0.416342,0.407274,0.300507,0.417411,0.449048,0.426543,0.445748,0.529817,0.336779
2026-07-10,15-07-38,two_teams,2026-07-10T15:07:38.178244+08:00,2026-07-10T15:09:08.221430+08:00,2026-07-10T15:14:08.331212+08:00,390.153,113,86,5.831377,5.845818,14.391038,25.728808,15.375044,8.562738,3.277561,4.447623,7.079604,9.583828,10.944517,11.342737
2026-07-10,15-15-24,two_teams,2026-07-10T15:15:24.546180+08:00,2026-07-10T15:16:54.555422+08:00,2026-07-10T15:21:54.698292+08:00,390.152,5,16,0.483538,0.367538,0.355073,0.395645,0.372274,0.279574,6.738925,4.179230,3.183098,5.750972,24.502711,8.808708
2026-07-10,15-30-39,two_teams,2026-07-10T15:30:39.055901+08:00,2026-07-10T15:32:09.069402+08:00,2026-07-10T15:37:09.211838+08:00,390.156,11,0,5.062824,11.675536,16.938087,12.018265,33.913098,20.575240,0.410557,0.410937,0.477252,0.412770,0.508274,0.317353
2026-07-10,15-38-58,two_teams,2026-07-10T15:38:58.272074+08:00,2026-07-10T15:40:28.283872+08:00,2026-07-10T15:45:28.375727+08:00,390.104,38,0,6.940970,8.448648,5.418138,10.500465,11.149818,25.275027,21.767921,9.982488,5.300673,9.476268,19.254916,16.494139
2026-07-10,15-46-27,two_teams,2026-07-10T15:46:27.190772+08:00,2026-07-10T15:47:57.216164+08:00,2026-07-10T15:52:57.336661+08:00,390.146,0,50,5.519740,7.656348,16.834386,20.938253,20.110327,17.123857,0.387891,0.417464,0.398575,0.413223,0.481371,0.310829
2026-07-10,15-54-02,two_teams,2026-07-10T15:54:02.412073+08:00,2026-07-10T15:55:32.425996+08:00,2026-07-10T16:00:32.507263+08:00,390.095,66,5,1.899482,3.119130,6.124874,9.881799,12.706540,28.879630,0.365597,0.416534,0.396607,0.407379,0.482537,0.329414
2026-07-10,16-02-09,two_teams,2026-07-10T16:02:09.836269+08:00,2026-07-10T16:03:39.860652+08:00,2026-07-10T16:08:39.958284+08:00,390.122,0,4,7.413006,13.189466,13.495315,9.603836,14.691059,10.500595,8.751432,2.700250,2.220914,3.491894,5.001022,4.932939
2026-07-10,16-09-35,two_teams,2026-07-10T16:09:35.576239+08:00,2026-07-10T16:11:05.603085+08:00,2026-07-10T16:16:05.706168+08:00,390.130,140,120,11.754414,10.902357,11.218638,21.395687,7.169113,5.041109,6.910667,6.484246,11.096436,13.427308,6.258643,7.412597
2026-07-10,16-17-11,two_teams,2026-07-10T16:17:11.516822+08:00,2026-07-10T16:18:27.708904+08:00,2026-07-10T16:23:27.780479+08:00,376.264,15,18,5.407550,5.799880,14.199727,11.955436,7.846871,9.789412,9.618767,7.168505,5.437669,18.052292,17.617774,15.396434
2026-07-10,16-24-23,two_teams,2026-07-10T16:24:23.257654+08:00,2026-07-10T16:25:53.265683+08:00,2026-07-10T16:30:53.339262+08:00,390.082,4,0,5.186669,5.977075,12.956077,20.990400,13.339522,20.972045,1.265245,1.316218,0.966287,0.453259,0.489203,0.315406
2026-07-10,16-32-06,two_teams,2026-07-10T16:32:06.328335+08:00,2026-07-10T16:32:54.340600+08:00,2026-07-10T16:37:48.942703+08:00,342.614,120,36,6.484756,8.240625,8.955172,13.083786,9.396098,8.775096,4.441847,3.524921,7.401963,11.723995,5.024086,7.074678
2026-07-10,16-45-30,two_teams,2026-07-10T16:45:30.774484+08:00,2026-07-10T16:47:00.781671+08:00,2026-07-10T16:47:51.585779+08:00,140.811,0,0,0.176305,0.146071,0.168537,0.151624,0.145187,0.107643,0.156604,0.160546,0.192941,0.162303,0.182979,0.122344
2026-07-10,16-53-38,two_teams,2026-07-10T16:53:38.213825+08:00,2026-07-10T16:55:08.217074+08:00,2026-07-10T16:56:27.787333+08:00,169.574,0,0,1.496848,0.193573,0.211497,0.182733,0.176420,0.126256,0.180735,0.195839,0.216272,0.187996,0.221491,0.144533
2026-07-10,16-57-14,two_teams,2026-07-10T16:57:14.965403+08:00,2026-07-10T16:57:58.652171+08:00,2026-07-10T17:02:58.802836+08:00,343.837,32,58,2.105568,1.562538,0.923180,1.795508,3.467190,3.478782,9.190283,12.927282,5.327878,27.903506,10.024049,10.885673
2026-07-10,17-05-48,two_teams,2026-07-10T17:05:48.572343+08:00,2026-07-10T17:07:18.598551+08:00,2026-07-10T17:09:20.627152+08:00,212.055,0,0,2.438003,1.249168,0.944516,1.829542,3.523880,3.350485,0.232322,0.239810,0.274223,0.232534,0.285509,0.183059
2026-07-10,17-11-48,two_teams,2026-07-10T17:11:48.487937+08:00,2026-07-10T17:13:18.509669+08:00,2026-07-10T17:18:18.631465+08:00,390.144,0,0,7.891460,3.806566,4.868523,13.742017,7.466223,7.719642,6.494413,4.912630,6.817804,14.832862,12.255882,11.667135
2026-07-10,17-20-29,two_teams,2026-07-10T17:20:29.002691+08:00,2026-07-10T17:21:19.578855+08:00,2026-07-10T17:26:19.696974+08:00,350.694,0,0,10.652375,4.648329,2.030472,9.620158,6.521258,7.024810,0.367037,0.376698,0.360975,0.363263,0.438993,0.287423
2026-07-10,17-27-38,two_teams,2026-07-10T17:27:38.079512+08:00,2026-07-10T17:29:08.091838+08:00,2026-07-10T17:34:08.245624+08:00,390.166,125,194,6.164547,10.082375,14.480081,11.749017,3.704395,3.461223,5.244063,6.947184,4.719877,20.520000,3.962966,4.021830
2026-07-10,17-35-13,two_teams,2026-07-10T17:35:13.187631+08:00,2026-07-10T17:36:43.200545+08:00,2026-07-10T17:41:43.350728+08:00,390.163,0,0,0.514017,0.381062,0.368309,0.414268,0.402049,0.288940,0.433156,0.436193,0.422518,0.426571,0.518209,0.352370
2026-07-10,17-42-28,two_teams,2026-07-10T17:42:28.489980+08:00,2026-07-10T17:43:58.508679+08:00,2026-07-10T17:48:58.624984+08:00,390.135,5,10,0.432851,0.352680,0.339803,0.383734,0.382086,0.274196,1.638198,3.191893,3.374988,6.415289,5.713985,5.064730
2026-07-10,17-50-20,two_teams,2026-07-10T17:50:20.461536+08:00,2026-07-10T17:51:25.338145+08:00,2026-07-10T17:56:25.414345+08:00,364.953,6,12,0.404456,0.329450,0.319373,0.364646,0.350849,0.250105,5.301819,5.108307,8.361535,9.145170,8.126690,7.257173
2026-07-10,17-58-09,two_teams,2026-07-10T17:58:09.274718+08:00,2026-07-10T17:59:08.039151+08:00,2026-07-10T18:04:24.482669+08:00,375.208,12,61,0.457645,0.339147,0.331771,0.384907,0.366039,0.261158,8.023254,4.578573,4.209389,6.407862,10.399177,13.728476
2026-07-10,18-05-53,two_teams,2026-07-10T18:05:53.914571+08:00,2026-07-10T18:07:23.943759+08:00,2026-07-10T18:15:25.567765+08:00,571.653,0,0,0.728502,0.573343,0.556546,0.617791,0.597424,0.438834,0.569573,0.651155,0.625649,0.654166,0.766824,0.497371
2026-07-10,18-17-03,two_teams,2026-07-10T18:17:03.975592+08:00,2026-07-10T18:17:26.813565+08:00,2026-07-10T18:22:26.924845+08:00,322.949,19,59,6.305120,6.853549,5.923510,6.854553,3.915899,3.770661,5.172643,7.998596,8.027612,12.584770,8.809049,8.557002
2026-07-10,18-24-39,two_teams,2026-07-10T18:24:39.356340+08:00,2026-07-10T18:26:09.383868+08:00,2026-07-10T18:27:48.970686+08:00,189.614,0,0,0.233281,0.189046,0.187396,0.208827,0.195784,0.145886,0.212459,0.218833,0.218520,0.211801,0.246140,0.166086
2026-07-10,18-28-47,two_teams,2026-07-10T18:28:47.973419+08:00,2026-07-10T18:30:17.998589+08:00,2026-07-10T18:35:18.194962+08:00,390.222,0,0,3.594925,4.017364,3.439559,4.849204,5.479756,8.464976,1.945868,1.376054,1.044538,1.891194,3.673344,3.704164
2026-07-10,18-40-24,two_teams,2026-07-10T18:40:24.399350+08:00,2026-07-10T18:40:52.563660+08:00,2026-07-10T18:45:20.333431+08:00,295.934,86,6,6.733767,5.316103,4.741720,6.294037,5.862705,6.689804,0.275773,0.305544,0.327122,0.298157,0.377004,0.237831
2026-07-10,18-46-37,two_teams,2026-07-10T18:46:37.466974+08:00,2026-07-10T18:46:59.160088+08:00,2026-07-10T18:51:59.274174+08:00,321.807,49,8,7.767754,9.420081,5.971043,10.045371,12.485418,11.160964,1.222851,1.462998,0.912941,1.936906,3.606549,3.570888
2026-07-10,18-53-05,two_teams,2026-07-10T18:53:05.119296+08:00,2026-07-10T18:53:49.962001+08:00,2026-07-10T18:56:58.082515+08:00,232.963,37,0,1.912409,4.052958,1.635806,1.868519,9.723834,6.273873,0.225947,0.247212,0.237111,0.253993,0.296031,0.183892
2026-07-11,11-27-30,two_teams,2026-07-11T11:27:30.617953+08:00,2026-07-11T11:29:00.634782+08:00,2026-07-11T11:34:00.800748+08:00,390.183,4,40,3.283697,3.273911,3.405581,3.678177,3.539068,3.442552,5.624497,3.538282,5.526158,8.009784,5.802701,10.959059
2026-07-11,11-35-00,two_teams,2026-07-11T11:35:00.375616+08:00,2026-07-11T11:36:30.401713+08:00,2026-07-11T11:41:30.535580+08:00,390.160,41,11,4.723579,6.031660,4.280184,8.423799,14.698738,15.278569,8.218839,10.120029,10.072665,17.643541,10.065959,8.997723
2026-07-11,11-42-23,two_teams,2026-07-11T11:42:23.117027+08:00,2026-07-11T11:43:53.126522+08:00,2026-07-11T11:48:53.247254+08:00,390.130,43,0,7.479274,4.889291,21.429805,20.083962,10.221773,6.811092,0.418874,0.416611,0.398685,0.414061,0.491025,0.305460
2026-07-11,11-53-53,two_teams,2026-07-11T11:53:53.516947+08:00,2026-07-11T11:55:23.536376+08:00,2026-07-11T12:00:23.640668+08:00,390.124,254,44,10.385532,9.986249,18.398896,33.501709,4.169376,3.503469,0.415428,0.417190,0.407999,0.415528,0.480140,0.304802
2026-07-11,12-04-02,two_teams,2026-07-11T12:04:02.588277+08:00,2026-07-11T12:05:32.613338+08:00,2026-07-11T12:10:32.735152+08:00,390.147,0,0,0.489231,0.375068,0.378944,0.405371,0.397401,0.291573,0.440688,0.431928,0.429487,0.423962,0.505135,0.319686
2026-07-11,12-12-35,two_teams,2026-07-11T12:12:35.742852+08:00,2026-07-11T12:14:05.778391+08:00,2026-07-11T12:19:05.879811+08:00,390.137,0,6,0.497229,0.359533,0.356447,0.391312,0.387630,0.292438,3.937797,6.198103,7.898056,10.668275,6.822746,4.596164
2026-07-11,12-20-15,two_teams,2026-07-11T12:20:15.658537+08:00,2026-07-11T12:21:45.667156+08:00,2026-07-11T12:26:45.753895+08:00,390.095,9,25,0.471071,0.359465,0.350412,0.384146,0.372547,0.274176,9.733040,4.360104,10.687725,11.752142,3.787265,3.596679
2026-07-11,12-29-22,two_teams,2026-07-11T12:29:22.212531+08:00,2026-07-11T12:30:52.237445+08:00,2026-07-11T12:35:52.380049+08:00,390.168,25,0,6.057450,8.453952,9.173695,12.762641,7.595780,8.847538,3.464368,10.989305,10.999693,5.264965,4.675249,15.526231
2026-07-11,12-36-52,two_teams,2026-07-11T12:36:52.902157+08:00,2026-07-11T12:38:22.910404+08:00,2026-07-11T12:43:23.033763+08:00,390.132,24,98,0.468154,0.359810,0.349307,0.385558,0.376661,0.277187,5.988447,6.500343,8.446163,13.190985,5.053584,6.945081
2026-07-11,12-44-21,two_teams,2026-07-11T12:44:21.492160+08:00,2026-07-11T12:45:51.501253+08:00,2026-07-11T12:50:51.631665+08:00,390.140,57,5,6.979361,5.927392,7.755297,12.118241,8.364297,7.652365,23.407056,17.342931,9.363038,7.150377,3.854055,7.606340
2026-07-11,12-59-16,two_teams,2026-07-11T12:59:16.659436+08:00,2026-07-11T13:00:46.685571+08:00,2026-07-11T13:05:46.786566+08:00,390.127,0,0,0.498424,0.377257,0.398767,0.402670,0.404319,0.294120,2.417485,0.484639,0.495814,0.446283,0.515803,0.327873
2026-07-11,13-08-10,two_teams,2026-07-11T13:08:10.918380+08:00,2026-07-11T13:09:40.933713+08:00,2026-07-11T13:14:41.044101+08:00,390.126,0,0,4.493901,3.800363,4.346447,9.048028,6.619311,8.238330,10.019361,5.719972,9.833702,10.119264,14.061486,10.620595
2026-07-11,13-15-35,two_teams,2026-07-11T13:15:35.141374+08:00,2026-07-11T13:17:05.167617+08:00,2026-07-11T13:22:05.258771+08:00,390.117,70,152,6.209595,4.702516,4.845370,12.684989,11.111633,5.583343,13.335135,10.225559,12.406085,15.442250,13.140316,12.967572
2026-07-11,13-39-08,two_teams,2026-07-11T13:39:08.619659+08:00,2026-07-11T13:40:38.644559+08:00,2026-07-11T13:45:38.814429+08:00,390.195,7,0,4.068800,1.613991,4.317096,2.178933,7.019041,3.789037,15.097288,1.672142,1.383224,5.142304,0.572233,0.331835
2026-07-11,13-46-30,two_teams,2026-07-11T13:46:30.238509+08:00,2026-07-11T13:48:00.252005+08:00,2026-07-11T13:53:13.300833+08:00,403.062,79,4,7.764528,6.429800,7.183508,14.681121,8.423200,8.306686,10.073308,9.806813,12.227245,12.238169,10.542886,10.454114
2026-07-11,13-54-15,two_teams,2026-07-11T13:54:15.188882+08:00,2026-07-11T13:55:45.214727+08:00,2026-07-11T14:00:45.325463+08:00,390.137,141,57,13.907693,10.157515,16.109900,12.071502,23.785812,49.673323,7.779517,9.848248,9.664823,15.729475,31.533980,30.262102
2026-07-11,14-01-51,two_teams,2026-07-11T14:01:51.608361+08:00,2026-07-11T14:03:20.116311+08:00,2026-07-11T14:08:34.006878+08:00,402.399,81,90,6.408358,8.380508,9.986118,15.432359,12.255804,13.567614,12.519069,9.625570,11.575375,10.639679,12.463280,19.272696
2026-07-11,14-09-32,two_teams,2026-07-11T14:09:32.147909+08:00,2026-07-11T14:11:02.171006+08:00,2026-07-11T14:16:02.341333+08:00,390.193,333,55,6.686334,5.544167,3.644317,6.158528,8.391722,12.909202,5.673170,4.954025,4.630744,6.087238,4.640699,6.342063
2026-07-11,14-17-16,two_teams,2026-07-11T14:17:16.184029+08:00,2026-07-11T14:18:46.209096+08:00,2026-07-11T14:23:46.421979+08:00,390.238,30,4,15.374011,16.312313,21.693658,30.645198,4.439261,3.533909,8.663170,13.674601,13.470547,5.180751,8.697073,4.084907
2026-07-11,14-26-33,two_teams,2026-07-11T14:26:33.855447+08:00,2026-07-11T14:28:03.863338+08:00,2026-07-11T14:33:04.074647+08:00,390.219,88,32,13.134839,8.284031,7.504575,10.209241,3.857996,3.585629,5.558733,5.995388,7.338762,7.901396,8.820046,5.170827
2026-07-11,14-34-22,two_teams,2026-07-11T14:34:22.459722+08:00,2026-07-11T14:35:52.485034+08:00,2026-07-11T14:40:52.599838+08:00,390.140,53,37,13.634815,9.334728,14.445941,22.068943,3.682774,3.456672,5.871972,8.092033,7.522844,8.730236,13.146733,36.971256
2026-07-11,14-41-45,two_teams,2026-07-11T14:41:45.410642+08:00,2026-07-11T14:43:15.434818+08:00,2026-07-11T14:48:15.556183+08:00,390.146,5,0,5.324111,6.404677,4.333605,12.567851,7.834794,7.755895,4.864337,12.176399,10.669712,12.020385,8.408758,21.756421
2026-07-11,14-49-06,two_teams,2026-07-11T14:49:06.883379+08:00,2026-07-11T14:50:36.908293+08:00,2026-07-11T14:55:37.041021+08:00,390.158,13,61,2.467458,6.670541,17.755371,11.979752,6.396303,12.111354,8.431782,7.986745,6.464415,9.103389,6.776146,7.893182
2026-07-11,14-56-32,two_teams,2026-07-11T14:56:32.103281+08:00,2026-07-11T14:58:02.109760+08:00,2026-07-11T15:08:36.099082+08:00,723.996,39,22,5.445012,7.696465,10.786494,18.270814,8.616851,6.882847,5.643414,7.027449,7.861415,7.610218,5.467323,13.227087
2026-07-11,15-09-37,two_teams,2026-07-11T15:09:37.744426+08:00,2026-07-11T15:11:07.751211+08:00,2026-07-11T15:16:23.315084+08:00,405.571,26,0,18.066962,5.211320,13.959522,14.116133,32.454039,17.544999,16.083659,6.032437,10.762898,10.786019,7.396275,15.489569
2026-07-11,15-17-32,two_teams,2026-07-11T15:17:32.451505+08:00,2026-07-11T15:19:02.460197+08:00,2026-07-11T15:24:09.458278+08:00,397.007,16,0,7.165927,7.953399,10.045216,18.097651,18.298321,13.960015,12.051682,5.778524,13.724006,11.419219,6.768923,11.228065
2026-07-11,15-25-07,two_teams,2026-07-11T15:25:07.207897+08:00,2026-07-11T15:26:37.217327+08:00,2026-07-11T15:31:37.338111+08:00,390.130,41,53,5.011455,22.466970,15.470476,24.387601,13.554580,13.746138,16.790398,11.308220,15.956992,16.189843,23.459612,32.779343
2026-07-11,15-32-38,two_teams,2026-07-11T15:32:38.117794+08:00,2026-07-11T15:34:08.142896+08:00,2026-07-11T15:39:08.243398+08:00,390.126,53,22,14.256318,15.040046,14.160263,46.765084,26.978417,17.059460,5.737465,6.612445,12.874031,25.123272,8.030933,22.410997
2026-07-11,15-40-12,two_teams,2026-07-11T15:40:12.649409+08:00,2026-07-11T15:41:42.674644+08:00,2026-07-11T15:46:42.872218+08:00,390.223,81,180,8.177530,6.295598,14.617415,8.382847,27.782632,44.989023,25.554231,9.623882,9.451355,18.303311,10.356886,52.967953
2026-07-11,15-48-02,two_teams,2026-07-11T15:48:02.383560+08:00,2026-07-11T15:49:32.409343+08:00,2026-07-11T15:54:32.551033+08:00,390.167,18,270,8.813284,10.844460,7.695827,34.692967,10.430457,17.370376,14.643207,19.270101,31.352823,45.244462,19.835074,12.659914
2026-07-11,15-55-29,two_teams,2026-07-11T15:55:29.417137+08:00,2026-07-11T15:56:59.440805+08:00,2026-07-11T16:01:59.582808+08:00,390.166,45,0,5.532810,10.649588,23.011747,27.821311,19.593652,43.360406,15.834278,12.049654,49.279831,11.625028,12.237324,16.304902
2026-07-11,16-03-08,two_teams,2026-07-11T16:03:08.299423+08:00,2026-07-11T16:04:38.323387+08:00,2026-07-11T16:11:10.749612+08:00,482.450,134,7,8.057554,10.550079,12.897025,43.114861,11.323969,27.693216,13.257642,13.903256,13.975661,9.287608,12.027073,41.705394
2026-07-11,16-12-13,two_teams,2026-07-11T16:12:13.966738+08:00,2026-07-11T16:13:43.976032+08:00,2026-07-11T16:18:44.082296+08:00,390.116,47,181,7.524647,9.519301,22.606953,13.365778,31.878186,28.958240,9.764538,16.125669,18.399261,49.366415,29.883902,28.337817
2026-07-11,16-19-55,two_teams,2026-07-11T16:19:55.637289+08:00,2026-07-11T16:21:25.645601+08:00,2026-07-11T16:26:46.051538+08:00,410.414,68,67,5.018329,11.612297,15.463904,27.525878,10.232810,15.372304,7.866760,21.216407,19.857660,40.943757,57.651012,51.407013
2026-07-11,16-27-42,two_teams,2026-07-11T16:27:42.357064+08:00,2026-07-11T16:29:12.381339+08:00,2026-07-11T16:34:12.541390+08:00,390.184,112,78,19.710084,16.162155,20.362469,32.234731,20.337429,42.956406,10.437109,11.326089,10.874650,10.659900,13.694096,42.017281
2026-07-11,16-35-52,two_teams,2026-07-11T16:35:52.569851+08:00,2026-07-11T16:37:22.593916+08:00,2026-07-11T16:42:22.725737+08:00,390.156,0,125,10.306562,9.256755,12.486697,11.558196,16.713556,50.072528,14.224951,14.717579,21.200459,20.506051,7.966162,5.382560
2026-07-11,16-43-18,two_teams,2026-07-11T16:43:18.641154+08:00,2026-07-11T16:44:48.651720+08:00,2026-07-11T16:49:48.799842+08:00,390.159,102,207,7.333851,8.010598,3.819872,21.698866,26.714465,31.496361,4.322791,4.548695,14.009992,19.300057,13.834651,29.034265
2026-07-11,16-50-44,two_teams,2026-07-11T16:50:44.870492+08:00,2026-07-11T16:50:49.096176+08:00,2026-07-11T16:51:31.869656+08:00,46.999,59,12,1.381922,1.029347,0.484638,0.086616,0.058949,0.034376,2.003181,1.073725,2.660450,0.202691,0.077717,0.043684
2026-07-11,16-52-21,two_teams,2026-07-11T16:52:21.570525+08:00,2026-07-11T16:52:24.039661+08:00,2026-07-11T16:57:24.197958+08:00,302.627,160,147,4.249235,11.518744,15.688180,28.696178,35.404827,31.250389,11.080243,14.920990,28.685244,42.070909,24.247823,14.976941
2026-07-11,17-01-14,two_teams,2026-07-11T17:01:14.040251+08:00,2026-07-11T17:02:44.065635+08:00,2026-07-11T17:07:44.197439+08:00,390.157,67,127,9.623613,4.144453,9.746580,13.890643,7.502654,6.213467,5.066151,9.663408,11.096160,21.981149,11.139145,3.965726
2026-07-11,17-09-02,two_teams,2026-07-11T17:09:02.199061+08:00,2026-07-11T17:10:27.460299+08:00,2026-07-11T17:15:48.282159+08:00,406.083,85,199,11.248340,7.981687,10.566911,17.014859,21.091919,20.472917,12.120594,12.230328,31.866696,30.319696,9.292522,15.373653
2026-07-11,17-16-57,two_teams,2026-07-11T17:16:57.718237+08:00,2026-07-11T17:17:09.711825+08:00,2026-07-11T17:17:39.636766+08:00,41.919,47,7,0.052630,0.041015,0.039810,0.059418,0.059435,0.030762,0.046159,0.046111,0.045743,0.045496,0.060524,0.038178
2026-07-11,17-18-22,two_teams,2026-07-11T17:18:22.622480+08:00,2026-07-11T17:18:37.906727+08:00,2026-07-11T17:23:38.049031+08:00,315.427,75,12,10.045701,9.508466,9.612672,16.891660,16.825516,4.114388,6.847486,10.713074,17.886187,5.350549,11.529051,25.198527
2026-07-11,17-24-34,two_teams,2026-07-11T17:24:34.686214+08:00,2026-07-11T17:25:06.779048+08:00,2026-07-11T17:30:06.903702+08:00,332.217,65,143,6.535839,10.289936,10.274240,12.577697,18.683040,26.130261,10.745092,9.240266,8.259939,23.645458,19.123741,37.885927
2026-07-11,17-31-11,two_teams,2026-07-11T17:31:11.675934+08:00,2026-07-11T17:31:13.766367+08:00,2026-07-11T17:36:38.299572+08:00,326.624,279,176,9.550857,10.618583,16.703891,25.236176,9.484881,32.521419,9.969396,20.972062,17.789651,26.710356,12.735835,18.426245
2026-07-11,17-38-54,two_teams,2026-07-11T17:38:54.132909+08:00,2026-07-11T17:39:09.175508+08:00,2026-07-11T17:43:35.774583+08:00,281.642,12,0,3.439148,0.355592,0.325628,0.290609,0.294682,0.206378,6.784327,6.839620,6.030682,8.935404,6.138052,3.869145
2026-07-11,17-44-34,two_teams,2026-07-11T17:44:34.108343+08:00,2026-07-11T17:44:44.007641+08:00,2026-07-11T17:49:44.115999+08:00,310.008,166,139,13.282229,4.534062,13.827312,11.581008,9.126775,15.781125,10.354431,10.997506,9.174040,9.910390,14.540265,29.493337
2026-07-11,17-50-55,two_teams,2026-07-11T17:50:55.645289+08:00,2026-07-11T17:50:58.940759+08:00,2026-07-11T17:50:59.856645+08:00,4.211,0,0,0.008382,0.004719,0.004002,0.004610,0.017148,0.009586,0.004277,0.004578,0.004457,0.011050,0.013085,0.003592
2026-07-11,17-56-19,two_teams,2026-07-11T17:56:19.708329+08:00,2026-07-11T17:57:49.708382+08:00,2026-07-11T18:02:49.814340+08:00,390.106,82,0,5.129662,12.713198,13.817702,30.595612,8.329190,5.885190,5.209975,5.749216,5.914908,17.117986,10.737576,17.140885
2026-07-11,18-03-53,two_teams,2026-07-11T18:03:53.439272+08:00,2026-07-11T18:04:04.996202+08:00,2026-07-11T18:09:11.478837+08:00,318.040,286,50,7.210170,9.846056,19.254454,23.829323,6.377243,4.388367,8.625458,10.542544,10.070969,16.039968,16.489563,12.217509
2026-07-11,18-29-13,two_teams,2026-07-11T18:29:13.607151+08:00,2026-07-11T18:30:43.619524+08:00,2026-07-11T18:35:43.775703+08:00,390.169,10,0,9.952634,8.100113,15.172357,10.743059,10.327254,14.986382,9.643226,4.576796,3.174736,6.719214,6.835878,6.415599
2026-07-11,18-36-47,two_teams,2026-07-11T18:36:47.051176+08:00,2026-07-11T18:37:13.179111+08:00,2026-07-11T18:42:20.070297+08:00,333.019,239,95,7.133929,9.841326,17.927282,21.740070,3.655691,3.580667,4.573738,8.318983,8.016435,13.036170,6.804304,7.708929
2026-07-11,18-44-12,two_teams,2026-07-11T18:44:12.849676+08:00,2026-07-11T18:44:17.411026+08:00,2026-07-11T18:49:17.555960+08:00,304.706,48,0,5.696892,7.596907,8.447668,7.561363,3.761103,7.737428,4.275796,5.050641,6.117532,5.031648,3.775451,3.580083
2026-07-12,11-14-46,two_teams,2026-07-12T11:14:46.116899+08:00,2026-07-12T11:14:46.434328+08:00,2026-07-12T11:14:47.793435+08:00,1.677,0,0,0.002080,0.003578,0.011744,0.001782,0.019630,0.001143,0.001844,0.005559,0.029969,0.016475,0.017470,0.006361
2026-07-12,11-16-27,two_teams,2026-07-12T11:16:27.630931+08:00,2026-07-12T11:17:28.281623+08:00,2026-07-12T11:22:28.386738+08:00,360.756,10,9,3.978500,10.418154,10.591876,6.342752,10.851120,15.346993,0.357913,0.376542,0.361206,0.366413,0.431745,0.281522
2026-07-12,11-24-50,two_teams,2026-07-12T11:24:50.307754+08:00,2026-07-12T11:25:21.686454+08:00,2026-07-12T11:30:21.759793+08:00,331.452,146,6,14.921834,7.216593,4.098494,13.884172,3.745519,5.826194,9.146398,4.579376,7.202959,16.425745,8.279247,10.534226
2026-07-12,11-34-29,two_teams,2026-07-12T11:34:29.962350+08:00,2026-07-12T11:35:26.857903+08:00,2026-07-12T11:39:39.415680+08:00,309.453,18,10,7.183182,3.883372,4.284635,8.300148,10.027013,15.378669,4.823904,5.884397,8.533628,5.403569,7.148964,7.782206
2026-07-12,11-40-40,two_teams,2026-07-12T11:40:40.141396+08:00,2026-07-12T11:40:43.881467+08:00,2026-07-12T11:45:44.077115+08:00,303.936,91,67,10.092678,6.999050,12.952795,12.274047,10.152572,10.571724,6.637666,8.774629,7.554311,8.687123,11.601734,18.514575
2026-07-12,11-47-06,two_teams,2026-07-12T11:47:06.716757+08:00,2026-07-12T11:47:34.944190+08:00,2026-07-12T11:52:35.088053+08:00,328.371,126,105,9.136263,7.615220,10.620465,32.271470,9.838433,4.655872,10.703663,10.912212,11.649148,22.762273,14.788298,6.255243
2026-07-12,11-54-08,two_teams,2026-07-12T11:54:08.254599+08:00,2026-07-12T11:55:00.650837+08:00,2026-07-12T12:00:00.799394+08:00,352.545,108,4,4.256503,6.533047,2.865055,9.494156,5.678144,6.049982,4.982949,5.212602,13.347178,4.027638,3.660765,3.928554
2026-07-12,12-03-31,two_teams,2026-07-12T12:03:31.485482+08:00,2026-07-12T12:05:01.511205+08:00,2026-07-12T12:09:53.095201+08:00,381.610,59,0,7.016642,12.126132,17.708711,21.870158,4.728813,3.696822,6.749831,6.358344,3.997944,2.773169,11.437123,16.965639
2026-07-12,12-11-55,two_teams,2026-07-12T12:11:55.351910+08:00,2026-07-12T12:12:00.009831+08:00,2026-07-12T12:21:54.177158+08:00,598.825,92,0,8.694434,9.580170,21.534811,21.748782,3.975827,3.747647,8.359361,4.098536,5.377357,9.124547,12.013506,4.453014
2026-07-12,12-23-39,two_teams,2026-07-12T12:23:39.928643+08:00,2026-07-12T12:25:09.935966+08:00,2026-07-12T12:30:10.015747+08:00,390.087,49,50,4.316373,6.624000,10.655822,6.963054,10.751125,18.158555,6.718496,6.673384,3.592082,5.682818,5.971034,7.933940
2026-07-12,12-31-17,two_teams,2026-07-12T12:31:17.096230+08:00,2026-07-12T12:31:19.338631+08:00,2026-07-12T12:36:19.415767+08:00,302.320,115,72,10.036341,6.208072,9.368212,6.286647,12.001126,14.154609,8.094224,9.369236,6.616481,16.746346,11.978023,10.148723
2026-07-12,12-37-16,two_teams,2026-07-12T12:37:16.368485+08:00,2026-07-12T12:38:46.378706+08:00,2026-07-12T12:43:46.552523+08:00,390.184,50,114,11.114160,22.658340,17.197777,6.894658,12.713053,12.155893,10.241730,8.338253,6.787494,8.560685,7.871336,10.997921
2026-07-12,12-44-50,two_teams,2026-07-12T12:44:50.421603+08:00,2026-07-12T12:46:20.447230+08:00,2026-07-12T12:51:20.544086+08:00,390.122,98,71,4.486969,7.251883,6.556150,17.033535,3.691852,3.787434,5.493668,7.858265,4.391354,11.168445,10.103105,17.898430
2026-07-12,12-52-22,two_teams,2026-07-12T12:52:22.576063+08:00,2026-07-12T12:53:20.354151+08:00,2026-07-12T12:58:20.439325+08:00,357.863,98,31,6.621938,12.008041,10.526667,7.381480,14.900670,18.933739,5.687278,8.589879,6.666087,9.132135,10.220245,24.806782
2026-07-12,12-59-55,two_teams,2026-07-12T12:59:55.677777+08:00,2026-07-12T13:00:49.904770+08:00,2026-07-12T13:05:49.989434+08:00,354.312,67,357,9.928239,12.378145,15.987696,16.081114,18.608272,35.100183,5.794437,9.930327,13.288015,43.337531,8.250622,16.322165
2026-07-12,13-06-54,two_teams,2026-07-12T13:06:54.302059+08:00,2026-07-12T13:08:24.311763+08:00,2026-07-12T13:12:43.244106+08:00,348.942,12,40,4.090451,6.500626,3.184566,4.059217,6.629360,8.389056,5.994675,4.554194,3.569372,9.500345,7.782934,6.179755
2026-07-12,13-54-09,two_teams,2026-07-12T13:54:09.958063+08:00,2026-07-12T13:54:10.308096+08:00,2026-07-12T13:54:10.608098+08:00,0.650,0,0,0.001003,0.008455,0.008956,0.011835,0.012369,0.012237,0.000750,0.007516,0.007517,0.010169,0.010826,0.010559
2026-07-12,13-55-20,two_teams,2026-07-12T13:55:20.503356+08:00,2026-07-12T13:55:22.437268+08:00,2026-07-12T13:57:58.199420+08:00,157.696,5,11,0.185057,0.177174,0.176926,0.252722,0.207712,0.160990,0.171599,0.165986,0.155744,0.161152,0.199445,0.125633
2026-07-12,14-00-19,two_teams,2026-07-12T14:00:19.595381+08:00,2026-07-12T14:00:26.362696+08:00,2026-07-12T14:00:31.645400+08:00,12.050,0,0,0.008584,0.006005,0.006365,0.007164,0.006081,0.006216,0.012734,0.013760,0.013011,0.016021,0.015157,0.011072
2026-07-12,14-41-36,two_teams,2026-07-12T14:41:36.258479+08:00,2026-07-12T14:41:42.659401+08:00,2026-07-12T14:41:48.591331+08:00,12.333,0,0,0.018291,0.182577,0.245360,0.162156,0.118801,0.168363,0.011591,0.014022,0.019520,0.012688,0.027555,0.016447
2026-07-12,14-43-18,two_teams,2026-07-12T14:43:18.025933+08:00,2026-07-12T14:44:48.041768+08:00,2026-07-12T14:49:57.440953+08:00,399.415,21,0,10.362885,16.277219,12.505365,9.200645,9.907193,45.614624,6.779085,15.097077,13.249150,9.180201,10.476869,24.987957
2026-07-12,14-50-54,two_teams,2026-07-12T14:50:54.453131+08:00,2026-07-12T14:52:24.462468+08:00,2026-07-12T14:57:24.624049+08:00,390.171,14,30,6.040577,7.035138,16.298659,22.864780,17.871670,14.987741,8.686107,9.272115,6.274085,7.704760,21.895454,23.480337
2026-07-12,14-58-25,two_teams,2026-07-12T14:58:25.557223+08:00,2026-07-12T14:59:55.567014+08:00,2026-07-12T15:04:55.706779+08:00,390.150,14,116,6.249207,8.645253,12.322822,32.752571,26.140205,27.333633,10.933418,10.366673,15.144340,38.870266,9.580547,8.361461
2026-07-12,15-05-52,two_teams,2026-07-12T15:05:52.798191+08:00,2026-07-12T15:07:22.806947+08:00,2026-07-12T15:12:22.941279+08:00,390.143,16,142,4.317713,6.329692,13.067927,37.087259,22.325093,5.827236,6.500325,7.666876,9.428115,14.796249,10.269159,15.395662
2026-07-12,15-13-20,two_teams,2026-07-12T15:13:20.678618+08:00,2026-07-12T15:14:50.703498+08:00,2026-07-12T15:19:50.792918+08:00,390.114,33,105,7.968893,8.918339,15.256726,33.702065,13.254788,32.394481,8.131865,8.094981,8.151181,10.357401,11.716259,13.221545
2026-07-12,15-20-51,two_teams,2026-07-12T15:20:51.948252+08:00,2026-07-12T15:22:21.958418+08:00,2026-07-12T15:27:22.034471+08:00,390.086,14,45,6.932513,6.947023,9.503504,22.780549,9.902353,32.061906,4.899311,7.587837,5.369709,8.271886,35.483792,40.179477
2026-07-12,15-28-14,two_teams,2026-07-12T15:28:14.495904+08:00,2026-07-12T15:29:44.518215+08:00,2026-07-12T15:34:44.678498+08:00,390.183,88,149,14.387485,9.769170,8.925361,31.735613,43.788642,18.337634,9.931672,13.697038,9.274159,19.131900,29.864143,27.283810
2026-07-12,15-35-53,two_teams,2026-07-12T15:35:53.066280+08:00,2026-07-12T15:37:23.075234+08:00,2026-07-12T15:42:23.154963+08:00,390.089,24,86,11.085657,6.758045,3.265219,6.076493,9.123050,13.621401,12.001405,12.844872,14.340569,20.026149,18.099431,15.888872
2026-07-12,15-43-30,two_teams,2026-07-12T15:43:30.801277+08:00,2026-07-12T15:45:00.825819+08:00,2026-07-12T15:50:00.904108+08:00,390.103,20,0,13.753446,6.424434,5.989845,12.184846,12.073582,30.232579,13.611331,5.104303,25.720587,12.892586,24.481742,15.921709
2026-07-12,15-50-58,two_teams,2026-07-12T15:50:58.760245+08:00,2026-07-12T15:52:28.786302+08:00,2026-07-12T15:59:18.429770+08:00,499.670,49,75,14.903292,16.578781,12.881050,16.078280,19.356144,26.833883,9.103607,10.234202,12.456244,38.279776,27.668804,34.437776
2026-07-12,16-00-26,two_teams,2026-07-12T16:00:26.197403+08:00,2026-07-12T16:00:57.821797+08:00,2026-07-12T16:02:44.025012+08:00,137.828,18,0,1.328136,6.084529,1.138617,2.845253,3.360783,2.810044,4.333660,2.426704,1.117287,2.948423,4.828190,4.976627
2026-07-13,15-55-10,two_teams,2026-07-13T15:55:10.780097+08:00,2026-07-13T15:55:22.080283+08:00,2026-07-13T16:00:22.212015+08:00,311.432,0,0,0.373333,0.276643,0.270426,0.302632,0.284577,0.213102,1.279972,1.288231,0.989659,16.335579,18.678977,13.679012
2026-07-13,17-42-26,two_teams_slower1,2026-07-13T17:42:26.883839+08:00,2026-07-13T17:42:30.484869+08:00,2026-07-13T17:47:30.667178+08:00,303.783,379,10,2.974609,19.291260,22.601863,53.502409,4.507171,3.396486,0.362561,0.315572,0.448518,0.308901,0.368877,0.240899
2026-07-13,17-49-32,two_teams_slower1,2026-07-13T17:49:32.831123+08:00,2026-07-13T17:49:35.490949+08:00,2026-07-13T17:54:35.648098+08:00,302.817,0,0,0.394390,0.275942,0.270566,0.300348,0.299097,0.221676,2.232945,1.428798,0.992646,2.214679,4.498714,8.156174
2026-07-13,19-06-28,two_teams_slower1,2026-07-13T19:06:28.351817+08:00,2026-07-13T19:06:30.285181+08:00,2026-07-13T19:09:37.357306+08:00,189.005,0,0,1.202114,3.020838,4.676809,3.762253,4.720779,4.530192,3.097804,5.158807,7.103477,8.880437,6.463996,5.166036
2026-07-14,10-48-15,two_teams_slower1,2026-07-14T10:48:15.401500+08:00,2026-07-14T10:48:25.434742+08:00,2026-07-14T10:48:26.626850+08:00,11.225,0,0,0.013208,0.013358,0.051643,0.013595,0.014858,0.008883,0.012751,0.019953,0.088567,0.015348,0.032658,0.025851
2026-07-14,11-12-36,two_teams_slower1,2026-07-14T11:12:36.844953+08:00,2026-07-14T11:14:06.843538+08:00,2026-07-14T11:19:06.878708+08:00,390.034,0,0,0.510356,0.381659,0.447940,0.409766,0.390025,0.291575,0.411212,0.438816,0.645451,0.431727,0.502313,0.329321
2026-07-14,11-19-58,two_teams_slower1,2026-07-14T11:19:58.001572+08:00,2026-07-14T11:21:28.021966+08:00,2026-07-14T11:26:28.115234+08:00,390.114,0,0,0.484287,0.367944,0.361629,0.396593,0.389183,0.322445,1.960212,1.491491,2.115492,1.942191,3.772577,3.697675
2026-07-14,11-35-44,two_teams_slower1,2026-07-14T11:35:44.395703+08:00,2026-07-14T11:37:14.430868+08:00,2026-07-14T11:42:14.558511+08:00,390.163,4,0,8.248367,6.250346,10.965394,12.430517,4.993571,3.744294,6.527857,2.935538,4.322034,2.321250,3.671051,3.934340
2026-07-14,11-43-24,two_teams_slower1,2026-07-14T11:43:24.319171+08:00,2026-07-14T11:44:54.330489+08:00,2026-07-14T11:49:54.427378+08:00,390.108,7,5,7.998535,3.005807,5.434473,9.038393,8.508448,11.179592,5.123817,10.864685,11.537774,24.954194,5.777866,4.810973
2026-07-14,12-01-06,two_teams_slower1,2026-07-14T12:01:06.000814+08:00,2026-07-14T12:01:07.060264+08:00,2026-07-14T12:01:28.808674+08:00,22.808,0,0,0.028565,0.024093,0.062647,0.023034,0.027087,0.017809,0.655306,0.035094,0.142647,0.032063,0.037327,0.018558
2026-07-14,12-11-16,two_teams_slower1,2026-07-14T12:11:16.430402+08:00,2026-07-14T12:12:46.430988+08:00,2026-07-14T12:17:46.560746+08:00,390.130,0,0,1.952655,1.402191,1.009360,2.727404,3.882647,3.463037,1.371451,0.461333,0.432758,0.416695,0.506279,0.329528
2026-07-14,12-18-40,two_teams_slower1,2026-07-14T12:18:40.893891+08:00,2026-07-14T12:20:10.909779+08:00,2026-07-14T12:25:11.084728+08:00,390.191,0,0,6.811907,6.565143,6.416930,4.878985,7.753342,14.133054,7.796850,8.053575,4.068433,6.801561,5.342091,8.763325
2026-07-14,12-26-07,two_teams_slower1,2026-07-14T12:26:07.315888+08:00,2026-07-14T12:27:37.328325+08:00,2026-07-14T12:32:37.437304+08:00,390.121,5,0,9.571003,5.924744,6.078383,7.584575,11.454861,9.381301,11.631476,9.712674,6.699292,18.573688,11.420390,16.647012
2026-07-14,12-33-33,two_teams_slower1,2026-07-14T12:33:33.106270+08:00,2026-07-14T12:35:03.117341+08:00,2026-07-14T12:40:03.221343+08:00,390.115,64,13,2.962149,8.475538,11.336378,7.154075,11.541348,12.818202,4.991248,14.512785,15.817554,24.790209,6.379865,12.779513
2026-07-14,12-44-21,two_teams_slower1,2026-07-14T12:44:21.744273+08:00,2026-07-14T12:45:02.921511+08:00,2026-07-14T12:50:03.060150+08:00,341.316,53,200,12.380735,8.779649,12.654273,13.608074,11.687271,14.154320,8.418041,10.342500,9.855149,15.964808,14.026412,11.873639
2026-07-14,12-51-09,two_teams_slower1,2026-07-14T12:51:09.912684+08:00,2026-07-14T12:52:39.920432+08:00,2026-07-14T12:57:40.045878+08:00,390.133,5,0,13.856415,4.241042,2.055911,2.812927,3.819542,16.187630,8.088351,3.204728,3.070414,4.170163,9.845149,14.624199
2026-07-14,12-58-38,two_teams_slower1,2026-07-14T12:58:38.568903+08:00,2026-07-14T13:00:08.578916+08:00,2026-07-14T13:05:08.680451+08:00,390.112,49,0,9.471556,9.355865,8.341849,14.036251,12.561825,7.535616,9.008504,3.465637,7.712308,3.576085,8.972283,6.535572
2026-07-14,13-06-13,two_teams_slower1,2026-07-14T13:06:13.037257+08:00,2026-07-14T13:07:43.063565+08:00,2026-07-14T13:12:43.163829+08:00,390.127,61,0,12.832627,2.628386,2.264883,4.454470,9.033733,11.443307,1.600056,0.466704,0.412451,0.426735,0.486775,0.314630
2026-07-14,13-13-41,two_teams_slower1,2026-07-14T13:13:41.207304+08:00,2026-07-14T13:15:11.233873+08:00,2026-07-14T13:20:11.307917+08:00,390.101,38,0,11.592791,5.947670,4.653957,8.293870,11.068520,4.998382,7.218006,5.372546,7.723750,10.760497,10.029512,21.197280
2026-07-14,13-21-09,two_teams_slower1,2026-07-14T13:21:09.576054+08:00,2026-07-14T13:22:39.600095+08:00,2026-07-14T13:27:39.723323+08:00,390.147,28,0,11.933426,9.162176,7.862613,19.904075,8.872174,7.742636,5.100725,5.898143,12.798700,33.835527,21.639918,23.562306
2026-07-14,13-28-40,two_teams_slower1,2026-07-14T13:28:40.510690+08:00,2026-07-14T13:30:10.520137+08:00,2026-07-14T13:35:10.591339+08:00,390.081,50,54,5.131711,6.004836,10.390205,6.941241,20.594637,8.113194,13.980460,10.604384,7.534414,14.816045,12.920511,23.940012
2026-07-14,13-37-45,two_teams_slower1,2026-07-14T13:37:45.006442+08:00,2026-07-14T13:39:15.032084+08:00,2026-07-14T13:44:15.132473+08:00,390.126,4,0,2.847123,2.304348,1.229276,1.965319,3.573378,5.933142,0.398970,0.425310,0.423699,0.413477,0.505834,0.323529
2026-07-14,13-45-17,two_teams_slower1,2026-07-14T13:45:17.113905+08:00,2026-07-14T13:46:47.123685+08:00,2026-07-14T13:51:47.255558+08:00,390.142,11,0,10.279870,6.126664,11.896927,13.677728,21.791550,8.594846,3.085728,2.815707,2.037436,3.433699,4.578815,4.953493
2026-07-14,13-52-46,two_teams_slower1,2026-07-14T13:52:46.601970+08:00,2026-07-14T13:54:16.612421+08:00,2026-07-14T13:59:16.770693+08:00,390.169,157,31,5.210165,7.537768,7.789209,11.467933,17.898873,32.844986,7.993348,6.912611,8.579709,14.513810,7.552620,17.652491
2026-07-14,14-01-56,two_teams_slower1,2026-07-14T14:01:56.266850+08:00,2026-07-14T14:03:26.275162+08:00,2026-07-14T14:08:26.389495+08:00,390.123,0,0,5.574493,6.655197,3.129733,6.754884,8.492693,12.623634,11.911732,0.624930,0.532665,0.464874,0.543000,0.318405
2026-07-14,14-10-02,two_teams_slower1,2026-07-14T14:10:02.699522+08:00,2026-07-14T14:11:32.710470+08:00,2026-07-14T14:16:32.802742+08:00,390.103,29,0,3.231391,4.543533,11.844218,6.690480,4.400258,3.783991,1.315505,1.328080,0.996033,0.528688,0.499547,0.328138
2026-07-14,14-17-37,two_teams_slower1,2026-07-14T14:17:37.088840+08:00,2026-07-14T14:19:07.097145+08:00,2026-07-14T14:24:07.171857+08:00,390.083,0,51,2.570612,1.357766,0.975797,1.915048,3.741213,0.294253,4.571816,8.266825,11.264426,12.092169,8.869520,11.391197
2026-07-14,14-25-27,two_teams_slower1,2026-07-14T14:25:27.409737+08:00,2026-07-14T14:25:30.203501+08:00,2026-07-14T14:25:31.835247+08:00,4.426,0,0,0.005754,0.005028,0.004340,0.017061,0.014831,0.003149,0.004260,0.005310,0.004955,0.005730,0.006051,0.004214
2026-07-14,14-26-13,two_teams_slower1,2026-07-14T14:26:13.820918+08:00,2026-07-14T14:26:55.422386+08:00,2026-07-14T14:31:55.505297+08:00,341.684,68,7,10.042033,5.337176,7.263498,14.231013,25.148865,25.646744,8.846934,7.844365,7.992133,10.399691,26.884574,27.551747
2026-07-14,14-33-03,two_teams_slower1,2026-07-14T14:33:03.933544+08:00,2026-07-14T14:34:33.943957+08:00,2026-07-14T14:39:34.022460+08:00,390.089,20,0,6.549765,8.573762,13.551030,22.199973,33.452059,30.929391,8.587240,8.950142,12.775992,4.411186,10.736804,20.384266
2026-07-14,14-40-38,two_teams_slower1,2026-07-14T14:40:38.781608+08:00,2026-07-14T14:42:08.806643+08:00,2026-07-14T14:47:08.942630+08:00,390.161,18,54,11.270752,6.338129,6.034505,16.557552,13.973417,18.494230,11.287103,6.613217,8.993646,7.556288,10.165760,11.550348
2026-07-14,14-48-11,two_teams_slower1,2026-07-14T14:48:11.054492+08:00,2026-07-14T14:49:41.079647+08:00,2026-07-14T15:05:28.562249+08:00,1037.508,17,62,12.480866,2.507521,4.279085,3.995298,4.972197,4.045772,7.106248,4.003872,5.494275,7.482497,6.363684,7.782094
2026-07-14,15-06-25,two_teams_slower1,2026-07-14T15:06:25.275006+08:00,2026-07-14T15:07:55.301607+08:00,2026-07-14T15:12:55.402782+08:00,390.128,41,126,5.540686,3.754854,1.925416,6.888493,4.816787,8.832361,4.490885,8.353058,7.451647,13.807294,5.961360,10.203438
2026-07-14,15-13-55,two_teams_slower1,2026-07-14T15:13:55.173944+08:00,2026-07-14T15:15:25.185112+08:00,2026-07-14T15:20:25.264541+08:00,390.091,22,66,14.016994,5.978916,5.846478,9.878236,5.243355,11.027207,15.722862,4.950628,5.774005,8.521088,6.328068,8.102640
2026-07-14,15-21-24,two_teams_slower1,2026-07-14T15:21:24.431261+08:00,2026-07-14T15:22:54.457208+08:00,2026-07-14T15:27:54.594707+08:00,390.163,73,64,3.618242,11.754788,12.978128,26.950451,7.997439,9.856067,6.954491,7.116205,20.326888,17.164348,12.443627,7.883758
2026-07-14,15-28-58,two_teams_slower1,2026-07-14T15:28:58.531335+08:00,2026-07-14T15:30:28.557261+08:00,2026-07-14T15:35:28.759051+08:00,390.228,40,108,9.873281,8.445840,10.086593,17.807404,9.818879,11.742205,4.238790,9.941857,10.208597,13.895633,17.483794,30.834321
2026-07-14,15-36-29,two_teams_slower1,2026-07-14T15:36:29.615697+08:00,2026-07-14T15:37:59.622359+08:00,2026-07-14T15:44:56.706271+08:00,507.091,41,85,6.888100,7.302881,4.805382,8.846231,4.265994,8.266099,7.364734,8.100089,11.157315,25.619194,21.783382,33.822701
2026-07-14,15-46-04,two_teams_slower1,2026-07-14T15:46:04.947593+08:00,2026-07-14T15:47:34.955980+08:00,2026-07-14T15:52:35.113595+08:00,390.166,0,0,11.650212,17.295812,22.164538,14.946803,9.868813,22.556503,6.138781,6.974968,19.915517,10.205033,22.547613,25.468215
2026-07-14,15-53-36,two_teams_slower1,2026-07-14T15:53:36.517675+08:00,2026-07-14T15:55:06.542329+08:00,2026-07-14T16:02:00.017133+08:00,503.499,157,96,15.760559,9.277591,11.389957,7.930421,6.760584,11.549277,10.235977,6.827416,6.410576,14.054419,16.277019,13.513778
2026-07-14,16-03-11,two_teams_slower1,2026-07-14T16:03:11.884972+08:00,2026-07-14T16:04:41.909941+08:00,2026-07-14T16:09:42.078363+08:00,390.193,35,205,13.670936,8.060085,7.974283,32.492589,13.160913,8.669799,6.153659,10.519138,10.084603,17.779541,17.801006,28.249619
2026-07-14,16-11-02,two_teams_slower1,2026-07-14T16:11:02.184124+08:00,2026-07-14T16:12:32.209307+08:00,2026-07-14T16:17:32.320814+08:00,390.137,0,0,3.032804,1.599885,1.199388,0.449084,0.403493,0.293388,2.447666,0.477537,0.447846,0.434038,0.524055,0.331178
2026-07-14,16-18-33,two_teams_slower1,2026-07-14T16:18:33.243736+08:00,2026-07-14T16:20:03.272928+08:00,2026-07-14T16:25:03.444282+08:00,390.201,8,20,7.862644,3.768834,3.878064,7.622643,9.176746,12.684883,7.175703,3.568847,4.753834,6.074694,12.330650,18.504833
2026-07-14,16-26-19,two_teams_slower1,2026-07-14T16:26:19.542116+08:00,2026-07-14T16:27:49.568746+08:00,2026-07-14T16:32:49.690815+08:00,390.149,67,0,8.918670,8.798477,11.695694,18.523024,15.196128,18.588417,3.791719,7.670003,13.280812,17.114275,12.660528,23.162257
2026-07-14,16-33-57,two_teams_slower1,2026-07-14T16:33:57.353478+08:00,2026-07-14T16:35:22.678343+08:00,2026-07-14T16:40:22.812275+08:00,385.459,33,18,14.582287,14.580154,14.797037,12.183989,16.727130,10.374821,11.370949,6.684867,14.404281,15.509174,6.207789,16.379768
2026-07-14,16-41-26,two_teams_slower1,2026-07-14T16:41:26.051932+08:00,2026-07-14T16:42:56.077253+08:00,2026-07-14T16:47:56.218324+08:00,390.166,120,244,16.163870,14.264971,20.267869,25.482642,29.077061,12.077965,8.582760,8.410712,15.136141,29.499668,4.973313,4.232706
2026-07-14,16-53-11,two_teams_slower1,2026-07-14T16:53:11.959532+08:00,2026-07-14T16:54:41.967324+08:00,2026-07-14T16:59:42.128866+08:00,390.169,9,6,10.707449,12.508771,9.592631,11.825656,10.290983,9.359770,14.364217,4.584358,1.443255,2.122509,5.533560,5.403706
2026-07-14,17-00-42,two_teams_slower1,2026-07-14T17:00:42.700448+08:00,2026-07-14T17:02:02.325943+08:00,2026-07-14T17:07:02.478302+08:00,379.778,23,128,4.787981,2.571824,14.989403,15.245506,10.048573,15.992319,7.178514,10.125169,8.819343,9.786975,4.558979,17.086990
2026-07-14,17-15-25,two_teams_slower1,2026-07-14T17:15:25.400280+08:00,2026-07-14T17:16:14.994566+08:00,2026-07-14T17:21:15.075295+08:00,349.675,0,0,4.312482,4.170698,4.363900,1.954574,3.541498,3.415889,2.890061,5.941916,4.746612,9.326236,7.878898,14.486211
2026-07-14,17-22-13,two_teams_slower1,2026-07-14T17:22:13.993346+08:00,2026-07-14T17:22:42.352225+08:00,2026-07-14T17:27:42.526970+08:00,328.534,47,136,5.010625,5.501364,6.578880,7.774553,12.834213,14.605724,5.065233,7.885230,6.641319,18.028095,6.646052,3.710898
2026-07-14,17-28-47,two_teams_slower1,2026-07-14T17:28:47.814416+08:00,2026-07-14T17:29:35.275735+08:00,2026-07-14T17:34:35.354575+08:00,347.540,51,4,15.792762,13.542557,4.270464,13.319514,8.366937,6.126899,3.516495,10.878240,11.143510,9.449168,16.677364,34.002199
2026-07-14,17-35-40,two_teams_slower1,2026-07-14T17:35:40.808406+08:00,2026-07-14T17:35:47.768314+08:00,2026-07-14T17:40:47.873500+08:00,307.065,76,78,8.549232,12.390611,8.671499,6.087398,11.134183,9.425099,5.644898,6.450678,5.564072,3.988820,4.867294,4.404737
2026-07-14,17-41-48,two_teams_slower1,2026-07-14T17:41:48.164419+08:00,2026-07-14T17:43:18.175487+08:00,2026-07-14T17:51:56.422570+08:00,608.258,68,0,4.653243,11.166706,5.325704,10.739699,10.012746,11.552450,9.212506,6.763230,3.964085,9.126730,10.449861,6.597512
2026-07-14,17-53-00,two_teams_slower1,2026-07-14T17:53:00.189771+08:00,2026-07-14T17:53:01.299194+08:00,2026-07-14T17:58:01.372687+08:00,301.183,91,71,8.042421,6.357428,5.481168,3.639436,5.293072,20.911390,9.711263,16.570006,11.345256,23.906055,3.693945,3.738633
2026-07-14,17-58-59,two_teams_slower1,2026-07-14T17:58:59.795725+08:00,2026-07-14T17:59:05.870795+08:00,2026-07-14T18:04:05.953677+08:00,306.158,118,13,13.427181,15.556490,8.565429,12.356666,6.361137,15.516793,3.347751,9.034472,10.524538,5.646404,24.069973,28.111573
2026-07-14,18-09-45,two_teams_slower1,2026-07-14T18:09:45.660233+08:00,2026-07-14T18:11:15.684081+08:00,2026-07-14T18:16:15.758588+08:00,390.098,14,31,13.886115,6.672614,6.035837,3.174611,5.661156,11.540025,7.415415,4.435351,7.025153,8.000346,12.160671,17.556988
2026-07-14,18-18-55,two_teams_slower1,2026-07-14T18:18:55.731358+08:00,2026-07-14T18:20:25.740204+08:00,2026-07-14T18:25:25.856812+08:00,390.125,33,0,8.984705,4.021207,4.440663,12.586331,8.603522,5.399379,3.763995,4.663429,3.170712,14.065643,20.315316,8.918116
2026-07-14,18-26-40,two_teams_slower1,2026-07-14T18:26:40.433843+08:00,2026-07-14T18:28:10.458659+08:00,2026-07-14T18:33:10.552385+08:00,390.119,112,63,8.760005,12.619116,12.541088,21.127214,8.654767,5.511426,3.005746,3.938950,3.971632,6.560665,6.159689,8.288074
2026-07-14,18-34-08,two_teams_slower1,2026-07-14T18:34:08.002568+08:00,2026-07-14T18:34:50.497715+08:00,2026-07-14T18:39:50.585429+08:00,342.583,36,93,15.339391,7.278727,5.055765,9.601436,8.314881,8.219213,4.856953,6.237456,13.917349,18.075547,16.727816,25.225971
2026-07-14,18-42-39,two_teams_slower1,2026-07-14T18:42:39.144582+08:00,2026-07-14T18:42:40.854862+08:00,2026-07-14T18:47:40.986071+08:00,301.841,35,0,18.134102,20.937492,13.206038,8.264522,11.801140,17.424698,1.441322,1.413943,0.988626,0.360006,0.385396,0.237381
2026-07-14,18-48-35,two_teams_slower1,2026-07-14T18:48:35.054838+08:00,2026-07-14T18:48:38.898101+08:00,2026-07-14T18:50:44.865794+08:00,129.811,81,16,6.348207,1.689440,0.852723,1.709095,3.726721,4.137794,2.643945,2.441817,3.610722,2.776736,4.120877,4.519106
2026-07-15,11-05-51,two_teams_slower1,2026-07-15T11:05:51.235609+08:00,2026-07-15T11:07:21.234681+08:00,2026-07-15T11:12:21.400605+08:00,390.165,0,4,0.493250,0.554377,0.467298,0.401746,3.318986,1.320865,0.971098,0.630034,0.582185,2.902520,3.546752,0.308240
2026-07-15,11-13-54,two_teams_slower1,2026-07-15T11:13:54.214280+08:00,2026-07-15T11:15:24.249650+08:00,2026-07-15T11:20:24.410341+08:00,390.196,128,6,2.919913,3.212115,5.841769,18.292857,9.568248,6.978374,0.377879,0.406515,0.398116,0.389907,0.475546,0.307464
2026-07-15,11-21-29,two_teams_slower1,2026-07-15T11:21:29.608613+08:00,2026-07-15T11:22:59.619544+08:00,2026-07-15T11:27:59.744480+08:00,390.136,83,0,6.479013,10.166731,4.290359,26.938769,11.056286,12.096696,1.290308,1.625833,4.827450,0.540356,0.476914,0.303640
2026-07-15,11-29-36,two_teams_slower1,2026-07-15T11:29:36.648751+08:00,2026-07-15T11:31:06.660450+08:00,2026-07-15T11:36:06.856236+08:00,390.207,17,0,6.294064,6.640317,5.035366,6.452906,27.951120,9.611885,1.348875,1.445263,3.905202,0.544196,0.481108,0.298144
2026-07-15,11-45-47,two_teams_slower1,2026-07-15T11:45:47.294586+08:00,2026-07-15T11:45:47.511846+08:00,2026-07-15T11:45:48.518282+08:00,1.224,0,0,0.003850,0.124832,0.230238,0.426915,0.478672,0.508628,0.002849,0.122015,0.208525,0.367001,0.001821,0.001279
2026-07-15,11-49-40,two_teams_slower1,2026-07-15T11:49:40.837898+08:00,2026-07-15T11:51:10.837467+08:00,2026-07-15T11:56:10.940910+08:00,390.103,0,13,3.299411,3.268866,2.266941,4.766237,4.890402,4.952607,6.570549,5.822403,5.261091,5.662420,3.977118,3.668920
2026-07-15,11-57-29,two_teams_slower1,2026-07-15T11:57:29.390456+08:00,2026-07-15T11:58:59.417979+08:00,2026-07-15T12:03:59.528911+08:00,390.138,60,95,5.124492,5.609819,9.298429,12.309783,7.807661,12.200595,8.278561,9.513356,6.968161,16.488340,3.798615,3.617616
2026-07-15,12-05-08,two_teams_slower1,2026-07-15T12:05:08.999782+08:00,2026-07-15T12:06:39.024949+08:00,2026-07-15T12:11:39.211550+08:00,390.212,5,0,1.448586,2.538561,1.781021,5.403989,4.150266,3.710920,2.473508,2.072599,2.854458,2.383923,4.735389,3.479057
2026-07-15,12-12-36,two_teams_slower1,2026-07-15T12:12:36.900221+08:00,2026-07-15T12:14:06.916818+08:00,2026-07-15T12:19:06.994949+08:00,390.095,14,0,5.973354,4.904130,8.774133,9.323406,7.525209,7.958196,4.829881,4.429264,10.633944,11.366369,7.195703,6.384794
2026-07-15,12-23-05,two_teams_slower1,2026-07-15T12:23:05.406339+08:00,2026-07-15T12:24:35.431854+08:00,2026-07-15T12:29:35.537540+08:00,390.131,13,30,1.510705,0.387571,0.382762,0.386851,0.382514,0.277904,3.953051,5.382462,7.820153,12.203537,6.670374,4.706217
2026-07-15,12-31-33,two_teams_slower1,2026-07-15T12:31:33.011331+08:00,2026-07-15T12:33:03.021199+08:00,2026-07-15T12:38:03.217412+08:00,390.206,4,0,5.564869,4.999134,4.199869,8.493292,3.565018,3.544820,1.398000,1.365562,1.018372,1.965458,3.955629,3.564338
2026-07-15,12-39-07,two_teams_slower1,2026-07-15T12:39:07.313931+08:00,2026-07-15T12:40:37.341940+08:00,2026-07-15T12:45:37.467117+08:00,390.153,5,0,3.094465,1.350912,1.447337,2.008422,3.672084,3.456551,1.838740,4.618346,6.400579,11.216623,6.459107,3.692666
2026-07-15,12-48-46,two_teams_slower1,2026-07-15T12:48:46.301794+08:00,2026-07-15T12:50:16.331026+08:00,2026-07-15T12:55:16.458700+08:00,390.157,7,0,11.237526,4.588803,4.854068,5.636361,5.279182,6.690966,0.365885,0.419388,0.423187,0.421492,0.497453,0.313614
2026-07-15,12-57-08,two_teams_slower1,2026-07-15T12:57:08.954494+08:00,2026-07-15T12:58:38.987976+08:00,2026-07-15T13:03:39.144813+08:00,390.190,19,10,5.940073,4.994114,4.206899,2.999547,6.289418,8.926838,5.713317,7.028952,10.011332,14.550188,8.907263,6.505728
2026-07-15,13-07-59,two_teams_slower1,2026-07-15T13:07:59.783179+08:00,2026-07-15T13:09:29.789768+08:00,2026-07-15T13:14:29.970988+08:00,390.188,46,0,4.881561,7.161528,9.205989,17.180615,10.921089,8.464703,2.537709,3.222890,1.231569,2.599611,4.063966,3.867884
2026-07-15,13-15-32,two_teams_slower1,2026-07-15T13:15:32.264714+08:00,2026-07-15T13:17:02.274364+08:00,2026-07-15T13:22:02.437301+08:00,390.173,84,72,12.063161,6.767242,11.604424,20.643706,12.110351,10.990891,6.860888,7.953165,4.482068,12.705179,5.288628,8.096978
2026-07-15,13-23-11,two_teams_slower1,2026-07-15T13:23:11.535224+08:00,2026-07-15T13:24:41.544258+08:00,2026-07-15T13:29:41.673547+08:00,390.138,20,9,10.802469,9.427355,10.227068,15.798360,22.635933,19.627819,5.690207,11.059251,6.757235,21.360921,4.820498,8.731237
2026-07-15,13-30-49,two_teams_slower1,2026-07-15T13:30:49.229625+08:00,2026-07-15T13:32:19.239602+08:00,2026-07-15T13:37:19.389039+08:00,390.159,75,318,3.429873,9.956334,13.580240,4.831388,18.109282,17.174011,6.696540,14.688776,15.076877,34.983055,11.000122,9.806401
2026-07-15,13-38-19,two_teams_slower1,2026-07-15T13:38:19.492061+08:00,2026-07-15T13:39:49.518426+08:00,2026-07-15T13:44:49.682207+08:00,390.190,126,9,16.161694,6.756671,5.162528,17.730823,5.036438,4.610296,3.828057,4.066782,4.200770,8.057358,9.527196,13.148559
2026-07-15,13-45-47,two_teams_slower1,2026-07-15T13:45:47.301986+08:00,2026-07-15T13:47:17.326696+08:00,2026-07-15T13:52:17.540059+08:00,390.238,93,165,9.052590,5.664527,9.579509,14.725481,7.225061,9.164059,9.509633,9.236427,14.574737,16.595946,9.936770,9.370219
2026-07-15,13-53-16,two_teams_slower1,2026-07-15T13:53:16.711973+08:00,2026-07-15T13:54:46.736005+08:00,2026-07-15T13:59:46.892114+08:00,390.180,0,0,0.480023,0.375688,0.361572,0.403924,0.391031,0.282223,1.459045,1.531872,1.081742,1.869874,1.065269,0.324769
2026-07-15,14-00-41,two_teams_slower1,2026-07-15T14:00:41.568836+08:00,2026-07-15T14:02:11.598371+08:00,2026-07-15T14:07:11.676263+08:00,390.107,12,44,11.120460,4.271485,3.863242,14.715710,6.541791,4.987424,8.418531,10.629916,11.859556,16.073531,13.486027,21.564588
2026-07-15,14-08-16,two_teams_slower1,2026-07-15T14:08:16.553052+08:00,2026-07-15T14:09:46.579141+08:00,2026-07-15T14:14:46.660811+08:00,390.108,33,19,10.659139,14.321184,9.110813,23.521542,13.798183,34.328456,5.019537,5.764196,4.587380,7.185000,11.726246,22.899971
2026-07-15,14-15-45,two_teams_slower1,2026-07-15T14:15:45.783506+08:00,2026-07-15T14:17:15.808295+08:00,2026-07-15T14:22:15.902050+08:00,390.119,16,155,9.054900,10.691844,16.397108,11.700908,19.921864,15.382644,16.626307,14.310722,8.054847,23.306584,20.940056,38.658372
2026-07-15,14-23-15,two_teams_slower1,2026-07-15T14:23:15.235589+08:00,2026-07-15T14:24:45.259746+08:00,2026-07-15T14:29:45.378361+08:00,390.143,70,102,10.559928,9.463637,14.641387,27.554639,22.806016,23.325747,9.315854,12.768144,19.400455,42.253354,17.888938,30.782222
2026-07-15,14-31-03,two_teams_slower1,2026-07-15T14:31:03.385055+08:00,2026-07-15T14:32:33.409773+08:00,2026-07-15T14:37:33.534175+08:00,390.149,160,60,6.776913,8.173266,8.241456,18.486711,10.502984,5.780568,13.406094,11.730233,8.324914,19.769786,3.814091,6.575022
2026-07-15,14-38-37,two_teams_slower1,2026-07-15T14:38:37.941875+08:00,2026-07-15T14:40:07.949979+08:00,2026-07-15T14:45:08.045978+08:00,390.104,91,68,4.726870,6.813006,5.520497,7.757288,8.540205,4.894404,12.607409,5.901438,4.142988,10.480576,15.384660,12.528358
2026-07-15,14-46-24,two_teams_slower1,2026-07-15T14:46:24.938481+08:00,2026-07-15T14:47:54.962388+08:00,2026-07-15T14:52:55.085659+08:00,390.147,31,192,6.978636,9.263351,5.671953,5.924349,8.666778,11.440495,8.185348,11.089336,17.298204,25.716316,9.628476,11.684552
2026-07-15,14-53-55,two_teams_slower1,2026-07-15T14:53:55.037633+08:00,2026-07-15T14:55:25.045664+08:00,2026-07-15T15:00:25.125304+08:00,390.088,88,54,13.794927,9.550727,17.197343,13.641502,13.549408,7.871927,3.801360,8.884327,15.138187,16.066451,14.681948,5.290068
2026-07-15,15-01-20,two_teams_slower1,2026-07-15T15:01:20.232513+08:00,2026-07-15T15:02:50.258007+08:00,2026-07-15T15:07:50.367571+08:00,390.135,578,292,17.587024,10.710091,7.948009,23.810322,4.767519,4.222578,7.477881,11.600207,9.725469,17.932524,42.791854,17.227018
2026-07-15,15-09-00,two_teams_slower1,2026-07-15T15:09:00.564148+08:00,2026-07-15T15:10:30.589290+08:00,2026-07-15T15:15:30.719827+08:00,390.156,35,38,9.198177,5.741553,7.411234,8.278267,3.817368,4.181910,5.205617,12.594870,10.321458,14.589664,12.917292,18.147529
2026-07-15,15-16-27,two_teams_slower1,2026-07-15T15:16:27.073012+08:00,2026-07-15T15:17:57.097582+08:00,2026-07-15T15:23:18.585017+08:00,411.512,66,66,11.069128,7.903315,11.721952,24.358104,5.109887,7.839119,7.711828,6.555541,5.025371,8.337367,13.190307,28.244320
2026-07-15,15-24-18,two_teams_slower1,2026-07-15T15:24:18.982268+08:00,2026-07-15T15:25:49.007252+08:00,2026-07-15T15:30:49.088552+08:00,390.106,18,180,7.955954,12.092555,12.356840,19.321213,20.062480,15.778245,13.493586,12.466079,11.752368,12.422051,7.442133,42.288650
2026-07-15,15-31-51,two_teams_slower1,2026-07-15T15:31:51.500244+08:00,2026-07-15T15:33:21.524459+08:00,2026-07-15T15:38:21.612363+08:00,390.112,86,18,9.914378,8.200082,3.411919,35.539806,9.405591,6.211044,10.114065,9.654379,10.818750,17.056412,11.476271,16.642774
2026-07-15,15-39-23,two_teams_slower1,2026-07-15T15:39:23.248300+08:00,2026-07-15T15:40:53.272209+08:00,2026-07-15T15:45:53.363529+08:00,390.115,74,28,18.989918,6.738393,7.732797,10.733953,15.939874,21.000497,3.781456,7.337664,8.669000,10.239719,6.681402,22.264821
2026-07-15,15-50-16,two_teams_slower1,2026-07-15T15:50:16.806213+08:00,2026-07-15T15:51:46.830332+08:00,2026-07-15T15:56:46.948940+08:00,390.143,95,100,8.771057,9.466760,12.743213,30.864975,7.402263,4.931900,7.232153,11.592313,11.940903,16.073963,3.909803,4.171123
2026-07-15,15-57-55,two_teams_slower1,2026-07-15T15:57:55.497385+08:00,2026-07-15T15:59:07.806002+08:00,2026-07-15T15:59:11.644916+08:00,76.148,0,0,0.092379,0.081680,0.077309,0.084704,0.084781,0.055376,0.060862,0.088881,0.095833,0.091001,0.102679,0.082306
2026-07-15,16-04-08,two_teams_slower1,2026-07-15T16:04:08.798193+08:00,2026-07-15T16:05:38.798367+08:00,2026-07-15T16:10:38.893241+08:00,390.095,6,0,5.891392,6.980800,4.676653,8.196512,11.054084,7.989267,2.337755,5.146699,4.987636,8.822279,9.450176,11.474825
2026-07-15,16-11-35,two_teams_slower1,2026-07-15T16:11:35.765748+08:00,2026-07-15T16:11:43.858781+08:00,2026-07-15T16:16:43.946652+08:00,308.181,85,90,7.756779,10.746824,9.691688,23.491689,18.372771,17.950947,9.419109,11.618849,12.992768,13.545809,8.694294,19.497264
2026-07-15,16-17-45,two_teams_slower1,2026-07-15T16:17:45.018145+08:00,2026-07-15T16:17:48.827566+08:00,2026-07-15T16:22:48.909714+08:00,303.892,146,70,5.224607,6.717471,7.581539,15.975816,11.785824,14.257923,6.830793,6.799402,7.225055,20.055291,9.322811,27.452157
2026-07-15,16-23-50,two_teams_slower1,2026-07-15T16:23:50.729845+08:00,2026-07-15T16:24:26.856421+08:00,2026-07-15T16:29:26.933011+08:00,336.203,125,116,9.430264,9.364041,11.739633,21.275920,17.236381,13.951294,10.939066,9.398007,4.257360,21.924229,26.846046,38.768662
2026-07-15,16-30-38,two_teams_slower1,2026-07-15T16:30:38.511801+08:00,2026-07-15T16:32:08.538139+08:00,2026-07-15T16:37:08.638200+08:00,390.126,59,53,8.433570,7.339771,7.314272,11.064657,11.830321,16.694375,10.383047,8.893871,8.396115,10.492719,14.946056,26.899936
2026-07-15,16-38-10,two_teams_slower1,2026-07-15T16:38:10.363535+08:00,2026-07-15T16:39:13.806374+08:00,2026-07-15T16:44:13.901793+08:00,363.538,20,31,15.034809,8.701576,5.753047,11.936729,8.341935,19.858674,11.817526,8.457553,4.740762,18.683182,5.244286,11.512496
2026-07-15,16-45-14,two_teams_slower1,2026-07-15T16:45:14.180951+08:00,2026-07-15T16:45:14.907469+08:00,2026-07-15T16:50:15.050295+08:00,300.869,184,22,19.715636,14.489238,8.523939,19.675723,19.490585,40.773969,0.393809,0.311180,0.290276,0.296680,0.377745,0.240124
2026-07-15,16-51-54,two_teams_slower1,2026-07-15T16:51:54.102425+08:00,2026-07-15T16:52:00.978306+08:00,2026-07-15T16:57:01.096269+08:00,306.994,23,38,7.728160,8.052087,4.079066,8.344384,6.734592,8.545545,3.583303,4.980496,4.870381,10.782147,33.723780,25.464598
2026-07-15,16-57-58,two_teams_slower1,2026-07-15T16:57:58.921977+08:00,2026-07-15T16:59:28.931041+08:00,2026-07-15T17:04:29.063334+08:00,390.141,109,0,5.994911,7.422777,9.320116,9.335808,6.361760,12.033253,11.527663,4.910900,4.527448,7.413901,8.250356,11.336971
2026-07-15,17-05-31,two_teams_slower1,2026-07-15T17:05:31.794454+08:00,2026-07-15T17:07:01.804421+08:00,2026-07-15T17:12:01.943326+08:00,390.149,76,57,9.338584,11.310835,14.399051,17.353723,12.664929,10.211441,4.311701,6.073742,17.253676,34.188002,14.377985,9.628129
2026-07-15,17-14-12,two_teams_slower1,2026-07-15T17:14:12.539771+08:00,2026-07-15T17:15:42.564588+08:00,2026-07-15T17:20:42.683520+08:00,390.144,0,0,3.860238,2.382620,3.277640,8.893154,5.147425,9.067651,5.873419,3.375266,3.725337,7.614307,5.893567,11.465183
2026-07-15,17-21-37,two_teams_slower1,2026-07-15T17:21:37.368377+08:00,2026-07-15T17:23:07.396443+08:00,2026-07-15T17:28:07.484321+08:00,390.116,10,0,7.678934,7.621962,11.046880,15.459627,11.086313,7.663190,9.314036,2.821794,8.347631,6.816562,6.285339,11.168016
2026-07-15,17-29-04,two_teams_slower1,2026-07-15T17:29:04.312017+08:00,2026-07-15T17:30:34.320318+08:00,2026-07-15T17:35:34.418537+08:00,390.107,67,72,12.616556,12.130196,12.498300,15.524763,9.301213,13.578916,11.666535,21.845343,15.357903,22.174033,24.517836,45.333090
2026-07-15,17-36-37,two_teams_slower1,2026-07-15T17:36:37.501232+08:00,2026-07-15T17:38:07.509643+08:00,2026-07-15T17:43:07.593586+08:00,390.092,80,4,5.328244,10.753184,10.346404,9.716302,19.199121,24.535208,7.086086,5.448366,9.367817,12.708384,6.654648,11.348035
2026-07-15,17-44-10,two_teams_slower1,2026-07-15T17:44:10.773761+08:00,2026-07-15T17:45:40.798380+08:00,2026-07-15T17:50:40.910840+08:00,390.137,31,7,9.844379,3.679525,6.662175,7.151409,7.288825,7.373250,7.151777,3.613748,3.172644,5.725130,4.311155,4.459811
2026-07-15,17-54-52,two_teams_slower1,2026-07-15T17:54:52.435820+08:00,2026-07-15T17:56:22.460529+08:00,2026-07-15T18:01:22.664218+08:00,390.228,11,4,4.044395,8.256372,4.343294,6.135526,4.957398,10.307915,5.725103,3.311498,2.910876,4.429898,3.694987,3.567201
2026-07-15,18-02-29,two_teams_slower1,2026-07-15T18:02:29.034750+08:00,2026-07-15T18:03:59.060741+08:00,2026-07-15T18:08:59.202278+08:00,390.168,116,98,3.486014,5.294628,3.848743,10.551245,11.991006,19.491883,2.705782,7.851553,5.884078,12.244947,11.066224,11.138784
2026-07-15,18-10-04,two_teams_slower1,2026-07-15T18:10:04.127815+08:00,2026-07-15T18:11:34.151757+08:00,2026-07-15T18:16:34.280275+08:00,390.152,98,70,7.424516,3.861891,9.302124,8.644569,5.523622,7.480929,8.579766,6.869694,6.348788,11.031432,13.779904,16.885356
2026-07-15,18-17-38,two_teams_slower1,2026-07-15T18:17:38.782403+08:00,2026-07-15T18:19:08.806561+08:00,2026-07-15T18:24:08.911913+08:00,390.130,206,108,7.041338,5.699728,5.880663,13.780994,10.229993,21.654397,6.361565,4.955964,6.388844,6.660372,7.252507,11.990804
2026-07-15,18-27-30,two_teams_slower1,2026-07-15T18:27:30.340789+08:00,2026-07-15T18:27:32.832011+08:00,2026-07-15T18:32:32.907405+08:00,302.567,70,0,6.962748,13.379720,6.790561,6.629015,8.927597,5.621758,7.348027,10.419737,17.716066,7.165706,8.560825,8.989799
2026-07-15,18-33-38,two_teams_slower1,2026-07-15T18:33:38.665112+08:00,2026-07-15T18:35:08.673319+08:00,2026-07-15T18:40:08.753612+08:00,390.089,0,0,2.335497,1.378225,1.037721,1.952053,7.110180,10.718762,4.808995,1.691733,1.818139,3.265842,5.098015,0.320913
2026-07-15,18-41-29,two_teams_slower1,2026-07-15T18:41:29.214025+08:00,2026-07-15T18:42:59.228690+08:00,2026-07-15T18:47:59.326385+08:00,390.112,27,68,5.931291,7.293228,5.191797,9.404199,6.898918,8.786945,11.817598,12.496081,15.219924,15.546837,8.503165,4.638687
2026-07-15,18-49-02,two_teams_slower1,2026-07-15T18:49:02.678300+08:00,2026-07-15T18:50:03.954811+08:00,2026-07-15T18:54:50.715811+08:00,348.038,163,304,7.046041,18.750565,17.837829,24.391731,10.873335,19.278057,17.915483,18.310928,25.706551,28.573675,8.585566,3.453323
2026-07-16,10-32-52,two_teams_slower1,2026-07-16T10:32:52.014247+08:00,2026-07-16T10:34:22.029646+08:00,2026-07-16T10:39:22.063410+08:00,390.049,0,0,0.498474,0.353868,0.375837,0.401356,0.360265,0.271082,9.957257,5.091480,2.769249,8.504571,3.875961,0.319279
2026-07-16,10-40-28,two_teams_slower1,2026-07-16T10:40:28.565666+08:00,2026-07-16T10:41:58.595914+08:00,2026-07-16T10:46:58.684340+08:00,390.119,8,0,0.467210,0.354859,0.347545,0.376355,0.375322,0.276423,6.187430,6.963081,1.445076,2.117700,4.127796,3.501911
2026-07-16,11-07-04,two_teams_slower1,2026-07-16T11:07:04.260557+08:00,2026-07-16T11:08:34.273393+08:00,2026-07-16T11:13:34.341988+08:00,390.081,11,0,9.796999,12.852730,10.293940,7.003716,26.064485,30.756465,0.384007,0.419213,0.601765,0.396324,0.468618,0.317303
2026-07-16,11-14-33,two_teams_slower1,2026-07-16T11:14:33.379349+08:00,2026-07-16T11:14:50.804870+08:00,2026-07-16T11:19:50.911978+08:00,317.533,67,8,3.603865,7.257492,9.024413,27.260811,24.194338,19.289855,0.332893,0.331678,0.306943,0.322133,0.387209,0.241434
2026-07-16,11-24-55,two_teams_slower1,2026-07-16T11:24:55.285067+08:00,2026-07-16T11:26:25.296787+08:00,2026-07-16T11:31:25.393130+08:00,390.108,52,110,7.897096,9.368263,12.384691,18.126445,8.752986,12.579122,1.983605,4.429804,5.677133,14.087435,6.855573,3.709328
2026-07-16,11-32-29,two_teams_slower1,2026-07-16T11:32:29.858124+08:00,2026-07-16T11:33:33.534754+08:00,2026-07-16T11:38:33.620491+08:00,363.762,9,0,7.928629,4.625061,2.577671,10.512874,5.392176,4.313313,6.602740,5.896586,7.199997,6.721599,5.730727,9.718875
2026-07-16,11-46-58,two_teams_slower1,2026-07-16T11:46:58.329448+08:00,2026-07-16T11:48:28.352109+08:00,2026-07-16T11:53:28.432528+08:00,390.103,16,0,1.471535,2.853174,2.012463,2.489756,4.711206,3.998605,14.101860,0.702335,0.668061,0.490867,0.532583,0.315990
2026-07-16,11-54-53,two_teams_slower1,2026-07-16T11:54:53.702184+08:00,2026-07-16T11:55:48.414975+08:00,2026-07-16T12:00:48.479470+08:00,354.777,0,0,0.446711,0.326753,0.311871,0.352320,0.345938,0.255674,7.177198,5.176147,3.070910,2.220897,3.639149,3.744263
2026-07-16,12-03-09,two_teams_slower1,2026-07-16T12:03:09.446496+08:00,2026-07-16T12:03:15.162979+08:00,2026-07-16T12:44:26.119424+08:00,2476.673,89,188,20.947845,22.091792,18.785665,37.093475,30.947365,39.474177,19.414019,65.863850,69.141092,75.475043,38.620335,19.175385
2026-07-16,12-46-21,two_teams_slower1,2026-07-16T12:46:21.026190+08:00,2026-07-16T12:47:16.710000+08:00,2026-07-16T12:52:16.871084+08:00,355.845,8,109,11.686193,4.476978,6.795913,11.952026,15.091816,18.513625,3.999689,5.139353,8.721364,14.540008,4.586565,7.991484
2026-07-16,12-56-05,two_teams_slower1,2026-07-16T12:56:05.870116+08:00,2026-07-16T12:56:17.580333+08:00,2026-07-16T13:01:17.732906+08:00,311.863,37,0,6.734540,6.757558,7.682481,11.544654,13.292076,10.901391,7.436940,3.112204,3.807332,2.478952,6.824914,6.267941
2026-07-16,13-02-20,two_teams_slower1,2026-07-16T13:02:20.023769+08:00,2026-07-16T13:02:41.651347+08:00,2026-07-16T13:07:41.818127+08:00,321.794,95,29,11.258192,5.574287,3.788191,14.750321,13.782633,13.775433,5.968145,6.288570,5.674001,14.627388,9.265925,14.477638
2026-07-16,13-12-20,two_teams_slower1,2026-07-16T13:12:20.055398+08:00,2026-07-16T13:13:50.062789+08:00,2026-07-16T13:18:50.136853+08:00,390.081,15,0,5.410497,4.468685,3.901699,2.662927,12.404040,8.053071,3.929231,2.550400,2.266656,5.470855,3.777312,4.553512
2026-07-16,13-19-45,two_teams_slower1,2026-07-16T13:19:45.114306+08:00,2026-07-16T13:20:41.243052+08:00,2026-07-16T13:25:41.366710+08:00,356.252,63,52,8.533234,9.431182,8.985228,16.411616,9.361456,5.734869,9.449603,6.976886,2.753857,15.564968,9.101513,12.475111
2026-07-16,13-26-41,two_teams_slower1,2026-07-16T13:26:41.993091+08:00,2026-07-16T13:28:12.016184+08:00,2026-07-16T13:33:12.117908+08:00,390.125,11,58,11.804100,10.563083,23.391950,18.818425,13.714224,19.342983,2.638021,3.668200,8.324999,16.459248,10.604322,18.073369
2026-07-16,13-34-10,two_teams_slower1,2026-07-16T13:34:10.444013+08:00,2026-07-16T13:35:40.451877+08:00,2026-07-16T13:40:40.541233+08:00,390.097,16,64,5.452559,11.147982,9.491426,12.483778,18.002101,19.207215,2.818501,4.517139,4.669995,10.397049,7.529550,13.552113
2026-07-16,13-42-54,two_teams_slower1,2026-07-16T13:42:54.716743+08:00,2026-07-16T13:43:46.823893+08:00,2026-07-16T13:48:46.981176+08:00,352.264,46,117,7.785037,8.959187,7.422634,9.809011,11.613592,7.101140,4.084785,6.146448,5.416731,12.191510,4.678726,4.892167
2026-07-16,13-49-44,two_teams_slower1,2026-07-16T13:49:44.422891+08:00,2026-07-16T13:50:14.047636+08:00,2026-07-16T13:55:14.151752+08:00,329.729,70,4,7.407984,7.373561,11.874880,13.365773,8.592163,13.771768,1.345991,1.307575,1.008598,2.021762,3.742756,3.772360
2026-07-16,14-02-52,two_teams_slower1,2026-07-16T14:02:52.684480+08:00,2026-07-16T14:04:20.243381+08:00,2026-07-16T14:09:20.422913+08:00,387.738,5,6,2.341084,8.145093,7.750267,20.271761,21.585844,30.860883,2.587595,3.331012,3.692337,4.600162,8.944779,10.701227
2026-07-16,14-10-23,two_teams_slower1,2026-07-16T14:10:23.143239+08:00,2026-07-16T14:10:40.917686+08:00,2026-07-16T14:15:41.015755+08:00,317.873,52,71,11.340495,10.146376,12.950084,18.002356,15.238502,13.264694,9.489263,5.560032,7.309869,6.972395,23.135947,22.589764
2026-07-16,14-16-48,two_teams_slower1,2026-07-16T14:16:48.387187+08:00,2026-07-16T14:17:08.195923+08:00,2026-07-16T14:17:37.934232+08:00,49.547,31,7,0.060729,0.046856,0.048470,0.059374,0.061592,0.036103,1.065540,0.078300,0.082697,0.066907,0.072073,0.045077
2026-07-16,14-21-55,two_teams_slower1,2026-07-16T14:21:55.746580+08:00,2026-07-16T14:21:58.515868+08:00,2026-07-16T14:26:58.616319+08:00,302.870,25,0,9.460488,7.885207,8.427399,12.398669,17.499998,8.396670,1.283542,2.359822,3.955923,5.908367,9.598356,6.898359
2026-07-16,14-27-56,two_teams_slower1,2026-07-16T14:27:56.964214+08:00,2026-07-16T14:28:06.474194+08:00,2026-07-16T14:33:06.544385+08:00,309.580,286,51,5.083218,5.966915,13.829897,14.876420,12.161806,11.290868,8.500980,7.864639,10.623129,9.787009,13.828567,6.430901
2026-07-16,14-34-14,two_teams_slower1,2026-07-16T14:34:14.105749+08:00,2026-07-16T14:35:44.115085+08:00,2026-07-16T14:40:44.219729+08:00,390.114,0,0,0.474806,0.385592,0.368262,0.417721,0.407500,0.298481,0.430637,0.441486,0.428008,0.439204,0.515246,0.329999
2026-07-16,14-51-02,two_teams_slower1,2026-07-16T14:51:02.698812+08:00,2026-07-16T14:52:32.743072+08:00,2026-07-16T14:57:32.741690+08:00,390.043,5,0,0.496898,0.374014,0.391392,0.400976,0.398629,0.289706,0.392728,0.433703,0.495887,0.425074,0.495184,0.324478
2026-07-16,15-03-22,two_teams_slower1,2026-07-16T15:03:22.273404+08:00,2026-07-16T15:04:52.305950+08:00,2026-07-16T15:07:54.127292+08:00,271.854,0,0,0.344771,0.261393,0.275086,0.281356,0.283825,0.201979,0.297596,0.307318,0.351853,0.301152,0.355675,0.229642
2026-07-16,15-08-47,two_teams_slower1,2026-07-16T15:08:47.846085+08:00,2026-07-16T15:08:54.871502+08:00,2026-07-16T15:13:55.046018+08:00,307.200,55,10,2.499197,3.889947,3.688614,2.681372,9.427853,20.306518,1.771166,3.088629,1.409921,7.543189,11.603086,10.938010
2026-07-16,15-15-00,two_teams_slower1,2026-07-16T15:15:00.252822+08:00,2026-07-16T15:15:05.079358+08:00,2026-07-16T15:20:05.260373+08:00,305.008,85,15,3.512762,7.806961,8.662729,15.950398,16.296521,24.668320,4.447660,5.193959,4.979701,8.400436,6.612407,5.523516
2026-07-16,15-21-06,two_teams_slower1,2026-07-16T15:21:06.744595+08:00,2026-07-16T15:21:17.419714+08:00,2026-07-16T15:26:17.578618+08:00,310.834,93,80,4.321633,8.797726,14.534596,7.017414,13.089417,22.214142,6.648683,13.025161,19.282279,22.267607,14.238687,18.948198
2026-07-16,15-27-34,two_teams_slower1,2026-07-16T15:27:34.583334+08:00,2026-07-16T15:28:37.543612+08:00,2026-07-16T15:33:37.621371+08:00,363.038,37,89,2.452373,6.973526,11.170574,14.081663,16.826108,17.464931,2.633961,17.909710,20.470431,7.503788,28.052693,23.436922
2026-07-16,15-36-54,two_teams_slower1,2026-07-16T15:36:54.808346+08:00,2026-07-16T15:38:24.818049+08:00,2026-07-16T15:43:24.950349+08:00,390.142,176,0,4.382243,8.690516,14.630928,17.302989,3.677114,3.471433,1.790339,1.605018,2.239190,3.061858,6.077448,7.733439
2026-07-16,15-54-14,two_teams_slower1,2026-07-16T15:54:14.690618+08:00,2026-07-16T15:54:27.616274+08:00,2026-07-16T15:59:27.753403+08:00,313.063,29,100,4.996735,7.482225,7.245575,10.888842,6.048368,11.892949,4.259986,8.836202,7.447393,8.913023,12.631576,16.972834
2026-07-16,16-01-14,two_teams_slower1,2026-07-16T16:01:14.355191+08:00,2026-07-16T16:02:44.364558+08:00,2026-07-16T16:07:44.450058+08:00,390.095,5,0,4.028850,1.870474,3.683277,6.212498,5.049974,7.316957,0.391714,0.426421,0.413167,0.393884,0.489218,0.317151
2026-07-16,16-10-24,two_teams_slower1,2026-07-16T16:10:24.849571+08:00,2026-07-16T16:11:54.860443+08:00,2026-07-16T16:16:54.982002+08:00,390.132,0,0,9.636552,10.893248,4.572828,10.760320,11.689767,14.529713,9.616376,4.118009,11.180269,5.773921,13.344009,21.284081
2026-07-16,16-17-52,two_teams_slower1,2026-07-16T16:17:52.140230+08:00,2026-07-16T16:19:22.150503+08:00,2026-07-16T16:24:22.280157+08:00,390.140,124,14,9.282310,10.692603,6.193799,23.962338,17.197096,13.329334,5.903717,10.887400,12.935098,24.713931,14.339471,8.491029
2026-07-16,16-25-27,two_teams_slower1,2026-07-16T16:25:27.787638+08:00,2026-07-16T16:25:33.696245+08:00,2026-07-16T16:30:33.792420+08:00,306.005,65,12,1.324752,3.282722,2.067321,2.004979,4.820572,3.889326,2.991904,0.509837,0.350044,0.342041,0.390334,0.245155
2026-07-16,16-31-25,two_teams_slower1,2026-07-16T16:31:25.524140+08:00,2026-07-16T16:32:55.550971+08:00,2026-07-16T16:37:55.681496+08:00,390.157,84,59,4.378335,9.936861,8.725406,22.053252,14.087112,8.642077,6.656403,8.061189,7.423235,17.913757,13.872608,10.672082
2026-07-16,16-42-52,two_teams_slower1,2026-07-16T16:42:52.842704+08:00,2026-07-16T16:44:22.867765+08:00,2026-07-16T16:49:23.069275+08:00,390.227,13,0,5.815310,4.982655,2.448063,8.278506,9.308266,8.597148,2.809357,2.101236,1.848309,2.930739,6.426138,5.579763
2026-07-16,16-50-17,two_teams_slower1,2026-07-16T16:50:17.488564+08:00,2026-07-16T16:51:47.499067+08:00,2026-07-16T16:56:47.651915+08:00,390.163,90,106,13.648032,13.791917,19.338637,16.251307,37.957913,18.920606,10.301303,11.553543,10.965764,18.664819,20.149444,17.257231
2026-07-16,16-57-48,two_teams_slower1,2026-07-16T16:57:48.373917+08:00,2026-07-16T16:59:18.381747+08:00,2026-07-16T17:04:18.564626+08:00,390.191,160,83,6.314962,8.235061,12.907073,9.017974,19.180229,24.754471,6.367674,9.565661,17.111814,18.055002,16.510178,14.639215
2026-07-16,17-05-27,two_teams_slower1,2026-07-16T17:05:27.492651+08:00,2026-07-16T17:06:57.516662+08:00,2026-07-16T17:11:57.701941+08:00,390.209,56,241,16.751470,7.486868,10.269823,17.810467,24.019448,23.381006,9.090998,11.744072,11.844492,17.107577,15.663853,10.546185
2026-07-16,17-13-01,two_teams_slower1,2026-07-16T17:13:01.023033+08:00,2026-07-16T17:14:31.033292+08:00,2026-07-16T17:19:31.201813+08:00,390.179,20,0,3.095402,3.733563,9.676048,22.095579,20.816687,13.630694,5.622569,4.907064,10.848022,12.817841,5.812014,20.592175
2026-07-16,17-21-28,two_teams_slower1,2026-07-16T17:21:28.804655+08:00,2026-07-16T17:22:30.313994+08:00,2026-07-16T17:27:30.479104+08:00,361.674,61,64,3.305371,3.613841,4.731934,12.217749,7.498844,16.263554,3.437011,6.554083,11.308008,10.994625,4.193993,3.999882
2026-07-16,17-28-28,two_teams_slower1,2026-07-16T17:28:28.116158+08:00,2026-07-16T17:29:20.526937+08:00,2026-07-16T17:34:20.638735+08:00,352.523,29,280,13.196998,11.628610,10.018333,8.049792,14.457873,16.971601,3.034471,19.525936,26.635362,33.579095,4.008038,3.675176
2026-07-16,17-35-28,two_teams_slower1,2026-07-16T17:35:28.357210+08:00,2026-07-16T17:36:58.381753+08:00,2026-07-16T17:41:58.512583+08:00,390.155,270,133,10.126805,15.627383,21.359668,20.985321,4.405083,3.456345,4.077685,12.017351,10.385661,48.307516,31.212503,41.745045
2026-07-16,17-42-56,two_teams_slower1,2026-07-16T17:42:56.100383+08:00,2026-07-16T17:44:26.107152+08:00,2026-07-16T17:49:26.254604+08:00,390.154,48,128,7.839982,7.138800,8.486447,22.498992,13.335823,15.840912,4.969360,9.758782,13.894350,14.537326,13.885454,14.635972
2026-07-16,17-50-33,two_teams_slower1,2026-07-16T17:50:33.367526+08:00,2026-07-16T17:52:03.390200+08:00,2026-07-16T17:57:03.558124+08:00,390.191,9,0,2.322709,3.029561,4.793472,17.246094,9.687124,6.157268,13.005089,4.683838,6.734464,4.880213,9.570343,4.852394
2026-07-16,17-58-17,two_teams_slower1,2026-07-16T17:58:17.362880+08:00,2026-07-16T17:59:47.389267+08:00,2026-07-16T18:04:47.611505+08:00,390.249,8,15,5.674627,4.426271,6.975461,12.281621,6.478487,20.059658,7.546811,3.792161,4.493443,5.546645,8.242237,6.505915
2026-07-16,18-05-45,two_teams_slower1,2026-07-16T18:05:45.165153+08:00,2026-07-16T18:07:15.191696+08:00,2026-07-16T18:12:15.349021+08:00,390.184,11,0,4.481801,5.085425,10.355697,19.061795,18.065232,15.221675,5.313626,3.705729,4.462516,8.531384,6.945145,7.739274
2026-07-16,18-13-31,two_teams_slower1,2026-07-16T18:13:31.599679+08:00,2026-07-16T18:15:01.624995+08:00,2026-07-16T18:20:01.747550+08:00,390.148,43,5,6.374982,4.579937,6.154171,8.963350,9.627340,12.020020,7.292424,6.053558,6.582950,13.452252,7.220100,4.717605
2026-07-16,18-21-02,two_teams_slower1,2026-07-16T18:21:02.932103+08:00,2026-07-16T18:22:27.775497+08:00,2026-07-16T18:27:27.896435+08:00,384.964,38,0,10.733623,8.615201,6.953509,11.490461,3.952204,3.476190,10.024669,4.496297,4.631388,7.908228,5.587394,5.396072
2026-07-16,18-28-24,two_teams_slower1,2026-07-16T18:28:24.799009+08:00,2026-07-16T18:28:26.727412+08:00,2026-07-16T18:33:26.855524+08:00,302.057,287,248,13.580596,7.976783,7.863022,16.556293,4.108370,3.464741,6.617507,10.330770,12.101218,14.745668,6.966159,9.736960
2026-07-16,18-34-32,two_teams_slower1,2026-07-16T18:34:32.055023+08:00,2026-07-16T18:34:38.313813+08:00,2026-07-16T18:39:38.444556+08:00,306.390,209,58,8.190005,12.618537,15.758456,24.047842,5.063308,3.531082,8.636891,4.287694,8.134293,6.723007,4.913071,9.343067
2026-07-16,18-40-53,two_teams_slower1,2026-07-16T18:40:53.864035+08:00,2026-07-16T18:41:23.375271+08:00,2026-07-16T18:45:05.874659+08:00,252.011,34,5,6.706200,3.125646,4.091447,7.021235,5.144299,4.619082,3.317076,5.283759,7.557467,5.014593,9.012767,7.988762
2026-07-17,11-07-06,two_teams_slower1,2026-07-17T11:07:06.793299+08:00,2026-07-17T11:08:36.792553+08:00,2026-07-17T11:13:36.905218+08:00,390.112,0,0,0.487370,0.373467,0.401742,0.410027,0.376312,0.279284,0.440013,0.427300,0.542753,0.416617,0.495874,0.309731
2026-07-17,11-19-54,two_teams_slower1,2026-07-17T11:19:54.646511+08:00,2026-07-17T11:21:24.679317+08:00,2026-07-17T11:26:24.755414+08:00,390.109,5,0,7.912559,3.310359,9.265156,11.946773,6.204369,6.860205,0.377326,0.405622,0.429694,0.390928,0.459849,0.310442
2026-07-17,11-27-24,two_teams_slower1,2026-07-17T11:27:24.288853+08:00,2026-07-17T11:27:25.316761+08:00,2026-07-17T11:32:34.886510+08:00,310.598,103,14,3.227836,6.825602,5.470655,8.047128,8.712665,9.612067,8.379914,5.209267,4.995080,13.637001,5.172466,4.974727
2026-07-17,11-33-34,two_teams_slower1,2026-07-17T11:33:34.219343+08:00,2026-07-17T11:35:04.226199+08:00,2026-07-17T11:40:04.296484+08:00,390.077,24,0,3.358159,6.255638,6.920692,9.487137,8.112288,33.807784,5.399681,6.075882,7.880754,8.753336,7.161986,13.932124
2026-07-17,11-41-33,two_teams_slower1,2026-07-17T11:41:33.800881+08:00,2026-07-17T11:41:37.910752+08:00,2026-07-17T11:46:38.041594+08:00,304.241,32,20,3.753292,6.617437,7.934190,7.979806,7.512152,15.342397,5.494620,6.184715,6.525764,12.923347,4.291471,11.129954
2026-07-17,11-47-45,two_teams_slower1,2026-07-17T11:47:45.777761+08:00,2026-07-17T11:47:48.236579+08:00,2026-07-17T11:52:48.363085+08:00,302.585,94,15,4.893010,4.337224,5.814804,7.367905,9.460970,7.081205,4.651414,8.591956,1.934701,6.745866,6.255424,5.771521
2026-07-17,11-53-49,two_teams_slower1,2026-07-17T11:53:49.226620+08:00,2026-07-17T11:55:19.251493+08:00,2026-07-17T12:00:19.463712+08:00,390.237,6,0,21.566194,14.577886,11.732049,15.102295,6.853566,6.637193,30.560725,20.285261,7.200380,13.579165,27.494756,21.513323
2026-07-17,12-01-14,two_teams_slower1,2026-07-17T12:01:14.732824+08:00,2026-07-17T12:02:44.755323+08:00,2026-07-17T12:07:44.872658+08:00,390.140,66,0,5.859838,10.022063,12.826533,23.593354,8.066003,5.690396,13.990747,18.709624,12.985339,32.796032,35.995059,21.559702
2026-07-17,12-08-44,two_teams_slower1,2026-07-17T12:08:44.212803+08:00,2026-07-17T12:10:14.236618+08:00,2026-07-17T12:15:14.325013+08:00,390.112,70,0,11.954326,10.373573,9.221952,14.418841,5.521896,4.939464,6.977553,8.821623,17.264748,22.476582,22.225476,28.571838
2026-07-17,12-16-19,two_teams_slower1,2026-07-17T12:16:19.958591+08:00,2026-07-17T12:16:21.634868+08:00,2026-07-17T12:21:21.719646+08:00,301.761,215,16,8.267830,7.228333,10.569178,27.379155,3.956957,4.320995,7.087433,6.386075,7.538844,11.654446,10.008299,7.852896
2026-07-17,12-22-26,two_teams_slower1,2026-07-17T12:22:26.001491+08:00,2026-07-17T12:22:29.410746+08:00,2026-07-17T12:28:00.732069+08:00,334.731,184,16,6.303814,11.417682,12.888430,24.432393,7.431552,14.006255,7.584281,12.783263,6.091863,10.956141,16.231399,21.521923
2026-07-17,12-29-06,two_teams_slower1,2026-07-17T12:29:06.838051+08:00,2026-07-17T12:29:07.880674+08:00,2026-07-17T12:34:17.364397+08:00,310.526,125,110,24.221358,15.582436,9.286382,31.433926,14.116111,8.493638,16.435780,10.658504,8.529299,16.750092,24.214226,24.187619
2026-07-17,12-35-24,two_teams_slower1,2026-07-17T12:35:24.013292+08:00,2026-07-17T12:35:29.055433+08:00,2026-07-17T12:40:29.120557+08:00,305.107,111,15,16.292464,16.722266,9.393137,29.666829,19.498089,3.471409,7.921578,4.543152,4.833803,5.824975,5.754711,8.713731
2026-07-17,12-41-52,two_teams_slower1,2026-07-17T12:41:52.302446+08:00,2026-07-17T12:41:55.479420+08:00,2026-07-17T12:46:55.579269+08:00,303.277,67,48,9.118193,8.200948,6.520413,11.099060,4.473569,4.611593,3.807106,6.417021,9.669549,11.535050,3.606237,3.418558
2026-07-17,12-47-52,two_teams_slower1,2026-07-17T12:47:52.080724+08:00,2026-07-17T12:47:55.190756+08:00,2026-07-17T12:52:55.316639+08:00,303.236,147,18,10.430759,9.925088,14.798710,21.179442,9.450846,8.904129,5.885230,4.978926,4.895240,7.426279,8.684808,17.102416
2026-07-17,12-53-59,two_teams_slower1,2026-07-17T12:53:59.081794+08:00,2026-07-17T12:55:29.092565+08:00,2026-07-17T13:00:29.178789+08:00,390.097,0,7,3.408433,5.123233,1.372668,4.344760,4.757114,11.067353,10.589145,5.163589,10.593560,15.109417,20.693979,31.143671
2026-07-17,13-01-32,two_teams_slower1,2026-07-17T13:01:32.909954+08:00,2026-07-17T13:03:02.936713+08:00,2026-07-17T13:08:03.077090+08:00,390.167,5,0,3.322219,1.450764,2.552973,2.826453,8.731690,24.057754,6.627644,2.690563,3.186115,6.997483,10.591664,10.409896
2026-07-17,13-09-03,two_teams_slower1,2026-07-17T13:09:03.910765+08:00,2026-07-17T13:10:33.921884+08:00,2026-07-17T13:35:05.770117+08:00,1561.859,102,0,7.662991,12.570152,13.263304,20.730427,12.587093,24.775139,3.570133,6.331443,8.452299,11.907448,10.065935,17.117208
2026-07-17,13-36-35,two_teams_slower1,2026-07-17T13:36:35.821811+08:00,2026-07-17T13:37:20.180325+08:00,2026-07-17T13:42:34.111550+08:00,358.290,70,8,4.338560,8.113822,11.049276,13.857179,4.311129,5.890020,4.811064,3.737923,4.947401,23.708238,12.828309,5.461392
2026-07-17,13-43-29,two_teams_slower1,2026-07-17T13:43:29.377364+08:00,2026-07-17T13:43:36.218562+08:00,2026-07-17T13:48:36.312924+08:00,306.936,113,106,5.297862,11.877737,12.982024,23.224723,29.461217,25.635574,14.360112,8.450725,12.901133,16.139094,6.500951,5.580187
2026-07-17,13-49-36,two_teams_slower1,2026-07-17T13:49:36.787102+08:00,2026-07-17T13:49:50.764458+08:00,2026-07-17T13:54:57.606969+08:00,320.820,130,88,10.498798,13.297761,19.289238,34.520994,27.787510,26.527862,10.018153,13.393972,13.824249,11.980073,14.818623,6.141317
2026-07-17,13-56-12,two_teams_slower1,2026-07-17T13:56:12.150960+08:00,2026-07-17T13:56:12.641342+08:00,2026-07-17T14:01:12.753244+08:00,300.602,148,70,9.724786,9.641604,12.297884,25.701134,3.916473,3.477440,13.183272,7.145571,15.065490,21.203667,9.453099,4.870366
2026-07-17,14-02-07,two_teams_slower1,2026-07-17T14:02:07.229194+08:00,2026-07-17T14:02:07.538557+08:00,2026-07-17T14:07:07.649821+08:00,300.421,217,116,12.626571,10.237958,17.000588,40.482984,7.103097,4.880290,6.166970,14.230225,27.491508,25.940323,26.701803,53.561047
2026-07-17,14-08-11,two_teams_slower1,2026-07-17T14:08:11.175251+08:00,2026-07-17T14:08:21.234903+08:00,2026-07-17T14:13:35.830233+08:00,324.655,110,37,4.370473,6.722249,10.343304,11.646911,10.409998,31.346110,17.836068,12.537227,8.397424,17.026910,21.002662,27.566718
2026-07-17,14-14-41,two_teams_slower1,2026-07-17T14:14:41.603243+08:00,2026-07-17T14:14:48.562727+08:00,2026-07-17T14:19:42.039721+08:00,300.436,108,86,7.626761,7.129732,11.406848,17.114565,10.534655,13.407031,15.369207,6.996586,6.384858,9.135803,15.031882,15.738990
2026-07-17,14-20-40,two_teams_slower1,2026-07-17T14:20:40.179912+08:00,2026-07-17T14:22:10.202865+08:00,2026-07-17T14:27:10.289189+08:00,390.109,0,0,9.123145,5.346811,4.847680,3.918664,13.075254,10.485583,1.340462,1.378607,1.044287,1.895869,3.659653,0.310958
2026-07-17,14-28-30,two_teams_slower1,2026-07-17T14:28:30.982459+08:00,2026-07-17T14:28:34.410538+08:00,2026-07-17T14:33:34.497008+08:00,303.515,156,14,11.089334,10.748946,12.052055,32.067882,13.403341,12.038765,1.880647,1.648733,0.909718,1.947262,4.233693,0.246682
2026-07-17,14-55-18,two_teams_slower1,2026-07-17T14:55:18.140701+08:00,2026-07-17T14:56:48.156758+08:00,2026-07-17T15:01:48.241755+08:00,390.101,0,0,0.480528,0.369669,0.350575,0.394147,0.372820,0.297215,3.797202,4.680064,4.660702,4.661842,3.198624,0.317564
2026-07-17,15-03-27,two_teams_slower1,2026-07-17T15:03:27.683778+08:00,2026-07-17T15:03:51.935572+08:00,2026-07-17T15:08:52.026387+08:00,324.343,105,111,12.748950,6.379589,7.033778,26.013681,17.791662,20.297255,7.192043,5.469535,14.377797,16.294164,22.563176,22.928047
2026-07-17,15-10-23,two_teams_slower1,2026-07-17T15:10:23.568571+08:00,2026-07-17T15:11:10.428783+08:00,2026-07-17T15:16:10.532101+08:00,346.964,5,22,13.328894,7.579269,6.083920,22.500058,16.570213,40.875156,10.604981,9.962829,8.415859,13.523947,41.582534,28.424171
2026-07-17,15-17-12,two_teams_slower1,2026-07-17T15:17:12.011399+08:00,2026-07-17T15:17:20.270134+08:00,2026-07-17T15:22:20.359218+08:00,308.348,130,35,9.035018,10.714934,23.949496,18.279362,21.670952,47.848133,12.869583,11.208146,10.495537,20.613476,13.262359,40.350062
2026-07-17,15-23-20,two_teams_slower1,2026-07-17T15:23:20.415723+08:00,2026-07-17T15:23:23.772893+08:00,2026-07-17T15:28:23.850043+08:00,303.434,95,113,12.680143,8.264389,24.411910,22.111487,14.485238,7.915331,8.074119,5.876930,10.395312,27.679659,3.650436,12.988993
2026-07-17,15-29-31,two_teams_slower1,2026-07-17T15:29:31.705316+08:00,2026-07-17T15:29:39.631693+08:00,2026-07-17T15:34:39.801322+08:00,308.096,204,60,16.551057,9.218640,28.152818,16.705150,18.495899,29.321514,10.969920,8.936951,11.158920,9.726653,11.023764,23.125630
2026-07-17,15-35-48,two_teams_slower1,2026-07-17T15:35:48.989195+08:00,2026-07-17T15:36:06.281372+08:00,2026-07-17T15:41:06.425365+08:00,317.436,368,144,10.335541,9.763369,16.122315,20.280148,12.055192,15.648773,10.664200,16.515009,13.137489,21.764509,4.205697,3.418214
2026-07-17,15-42-08,two_teams_slower1,2026-07-17T15:42:08.264569+08:00,2026-07-17T15:42:11.956826+08:00,2026-07-17T15:47:12.032507+08:00,303.768,120,30,14.392765,7.961990,14.020428,22.733786,4.687216,3.841740,11.310411,12.758365,17.317503,35.882747,32.008743,26.811613
2026-07-17,15-48-11,two_teams_slower1,2026-07-17T15:48:11.201108+08:00,2026-07-17T15:48:16.729466+08:00,2026-07-17T15:53:16.891410+08:00,305.690,127,94,3.484016,26.064173,26.746496,25.633894,23.376333,5.685432,4.795076,8.748144,14.178171,24.247574,30.551250,25.095625
2026-07-17,15-54-15,two_teams_slower1,2026-07-17T15:54:15.957335+08:00,2026-07-17T15:54:24.232513+08:00,2026-07-17T15:59:24.307874+08:00,308.351,102,38,6.430232,14.638340,14.567447,10.850402,15.130555,9.474185,3.476565,6.548066,11.162547,17.159350,25.077326,42.391514
2026-07-17,16-00-23,two_teams_slower1,2026-07-17T16:00:23.035685+08:00,2026-07-17T16:01:53.059339+08:00,2026-07-17T16:06:53.124056+08:00,390.088,116,0,3.873181,8.018681,7.914967,15.103718,12.064856,23.092483,3.378297,1.408091,1.718891,0.487934,0.495441,0.310098
2026-07-17,16-08-13,two_teams_slower1,2026-07-17T16:08:13.462603+08:00,2026-07-17T16:09:43.487858+08:00,2026-07-17T16:14:43.612251+08:00,390.150,92,4,7.224003,11.643083,16.622692,41.135656,3.736986,33.713559,11.634981,10.502690,10.868278,5.379875,16.113418,11.811496
2026-07-17,16-15-52,two_teams_slower1,2026-07-17T16:15:52.067123+08:00,2026-07-17T16:15:57.275116+08:00,2026-07-17T16:20:57.357198+08:00,305.290,127,186,5.400652,9.704599,16.482468,12.781559,8.122875,36.351565,3.154297,15.606888,26.532334,18.803512,7.980332,13.215248
2026-07-17,16-22-02,two_teams_slower1,2026-07-17T16:22:02.787639+08:00,2026-07-17T16:22:05.895664+08:00,2026-07-17T16:27:06.032527+08:00,303.245,121,23,6.031504,7.986753,9.932130,13.664796,8.746092,11.792334,4.041063,14.116844,8.409111,10.940206,18.297791,4.720940
2026-07-17,16-28-15,two_teams_slower1,2026-07-17T16:28:15.055737+08:00,2026-07-17T16:28:29.130639+08:00,2026-07-17T16:33:29.217942+08:00,314.162,64,76,7.592029,4.994994,3.879865,15.961663,8.730918,15.311240,2.934877,6.299827,7.166245,6.780046,7.066827,9.895576
2026-07-17,16-34-29,two_teams_slower1,2026-07-17T16:34:29.720539+08:00,2026-07-17T16:34:31.846379+08:00,2026-07-17T16:39:31.933781+08:00,302.213,74,72,6.088050,9.784691,9.549956,28.058788,25.747787,41.177220,9.442913,6.374307,5.914217,17.264907,17.163654,12.033582
2026-07-17,16-40-31,two_teams_slower1,2026-07-17T16:40:31.699753+08:00,2026-07-17T16:40:36.524048+08:00,2026-07-17T16:47:16.060971+08:00,404.361,118,75,7.559218,8.848630,23.615788,32.548472,21.938772,17.257708,4.414223,8.461410,5.145407,10.192116,21.536797,16.805441
2026-07-17,16-48-22,two_teams_slower1,2026-07-17T16:48:22.346974+08:00,2026-07-17T16:48:42.722073+08:00,2026-07-17T16:53:42.843763+08:00,320.497,91,58,9.003133,18.626220,14.235825,22.818049,13.051727,14.037541,10.682626,16.331239,20.570448,20.641323,20.995902,29.227498
2026-07-17,16-54-48,two_teams_slower1,2026-07-17T16:54:48.781617+08:00,2026-07-17T16:54:53.705779+08:00,2026-07-17T16:59:53.803865+08:00,305.022,209,41,2.770449,20.978748,22.218939,38.018726,7.536385,12.946718,7.041871,15.424034,6.858139,29.483715,3.731412,3.791420
2026-07-17,17-00-57,two_teams_slower1,2026-07-17T17:00:57.147115+08:00,2026-07-17T17:00:58.072247+08:00,2026-07-17T17:10:39.517450+08:00,582.370,86,20,4.180618,5.221484,6.004731,5.701578,4.127693,3.860808,3.116851,3.967768,3.151751,4.635555,4.857153,5.964610
2026-07-17,17-11-53,two_teams_slower1,2026-07-17T17:11:53.354608+08:00,2026-07-17T17:13:23.357481+08:00,2026-07-17T17:18:23.463588+08:00,390.109,8,0,2.655386,4.184472,6.754630,5.169011,6.641090,20.955762,4.542748,2.712020,3.443103,5.841301,7.264401,16.620875
2026-07-17,17-20-15,two_teams_slower1,2026-07-17T17:20:15.090323+08:00,2026-07-17T17:21:45.099796+08:00,2026-07-17T17:25:46.219961+08:00,331.130,56,45,7.701954,6.285194,9.448746,12.972999,12.222901,12.218562,11.661553,6.779628,5.382216,9.438097,10.830541,7.528958
2026-07-17,17-26-47,two_teams_slower1,2026-07-17T17:26:47.779995+08:00,2026-07-17T17:26:55.253206+08:00,2026-07-17T17:30:20.470614+08:00,212.691,151,58,5.744952,3.870420,6.287680,6.719785,3.501596,4.740273,6.251547,5.425781,5.696816,8.503159,4.963569,8.492414
2026-07-17,17-31-24,two_teams_slower1,2026-07-17T17:31:24.518998+08:00,2026-07-17T17:31:26.641728+08:00,2026-07-17T17:36:34.567339+08:00,310.048,96,188,10.828293,7.269401,11.189246,12.919003,11.850398,7.360102,9.908002,8.856784,11.638099,17.196198,3.726378,3.410281
2026-07-17,17-46-31,two_teams_slower1,2026-07-17T17:46:31.942149+08:00,2026-07-17T17:48:01.949925+08:00,2026-07-17T17:53:02.041350+08:00,390.099,7,0,2.437824,1.307226,1.116016,1.892127,3.578153,3.500554,0.417185,0.425430,0.486195,0.421660,0.511675,0.332133
2026-07-17,17-53-55,two_teams_slower1,2026-07-17T17:53:55.499398+08:00,2026-07-17T17:55:25.530786+08:00,2026-07-17T18:00:25.605493+08:00,390.106,18,0,6.508109,5.115403,3.123784,2.604184,9.018402,10.186553,6.017394,4.424771,5.402724,7.428851,8.883307,8.345797
2026-07-17,18-02-46,two_teams_slower1,2026-07-17T18:02:46.217912+08:00,2026-07-17T18:04:16.226097+08:00,2026-07-17T18:09:16.329708+08:00,390.112,249,0,5.061749,9.112680,18.607441,18.844228,13.563545,4.828332,3.521300,2.334287,1.596113,4.129715,6.023042,9.832123
2026-07-17,18-12-07,two_teams_slower1,2026-07-17T18:12:07.553792+08:00,2026-07-17T18:12:24.080366+08:00,2026-07-17T18:17:24.200727+08:00,316.647,75,14,7.501242,6.136491,4.798210,5.192528,6.598250,14.179297,7.350742,6.876814,15.885869,12.629635,5.316248,12.414555
2026-07-17,18-18-28,two_teams_slower1,2026-07-17T18:18:28.168881+08:00,2026-07-17T18:19:58.179130+08:00,2026-07-17T18:25:27.317665+08:00,419.149,383,531,1.981875,2.595043,2.931682,2.658013,5.590843,9.506361,1.471776,3.092407,4.057382,2.388132,4.229784,11.774201
2026-07-17,18-26-40,two_teams_slower1,2026-07-17T18:26:40.470268+08:00,2026-07-17T18:27:11.373610+08:00,2026-07-17T18:32:32.732642+08:00,352.262,162,229,15.270436,9.888490,9.963140,13.513433,20.207865,16.367703,6.917572,7.234621,9.781794,25.700112,5.177090,4.842586
2026-07-17,18-36-15,two_teams_slower1,2026-07-17T18:36:15.645264+08:00,2026-07-17T18:37:45.670289+08:00,2026-07-17T18:42:45.748730+08:00,390.103,57,140,5.214810,9.808228,18.355980,19.186044,21.737462,20.278440,2.383342,12.198333,17.987052,17.125207,3.860091,3.698476
2026-07-17,18-43-49,two_teams_slower1,2026-07-17T18:43:49.442888+08:00,2026-07-17T18:43:56.052857+08:00,2026-07-17T18:48:56.146971+08:00,306.704,101,18,2.503827,2.811665,2.757998,5.808545,6.206696,8.643702,6.776550,6.055962,7.485374,9.798742,5.620037,8.299669
2026-07-18,11-22-35,two_teams_slower1,2026-07-18T11:22:35.583339+08:00,2026-07-18T11:24:05.582707+08:00,2026-07-18T11:29:05.653582+08:00,390.070,0,0,0.511085,0.370348,0.425552,0.399381,0.390397,0.299350,0.421662,0.435970,0.723894,0.423449,0.495378,0.321881
2026-07-18,11-31-47,two_teams_slower1,2026-07-18T11:31:47.251607+08:00,2026-07-18T11:31:58.783942+08:00,2026-07-18T11:36:58.937895+08:00,311.686,143,10,11.877251,11.743589,13.045980,24.782875,5.787732,9.680982,0.314123,0.325209,0.314733,0.311752,0.377567,0.246868
2026-07-18,11-38-19,two_teams_slower1,2026-07-18T11:38:19.244394+08:00,2026-07-18T11:38:26.138540+08:00,2026-07-18T11:43:26.301901+08:00,307.058,86,6,5.035930,9.656797,11.552482,14.304203,9.225717,8.797640,3.166861,0.374082,0.332164,0.327746,0.391593,0.239368
2026-07-18,11-46-21,two_teams_slower1,2026-07-18T11:46:21.468184+08:00,2026-07-18T11:46:23.511584+08:00,2026-07-18T11:51:23.645144+08:00,302.177,50,65,4.490517,7.886343,5.922449,8.856150,4.683308,3.607606,6.361697,5.771475,6.502311,13.914641,6.533227,16.859854
2026-07-18,11-57-14,two_teams_slower1,2026-07-18T11:57:14.508100+08:00,2026-07-18T11:58:44.517859+08:00,2026-07-18T12:03:44.644095+08:00,390.136,0,0,0.504718,0.384637,0.392988,0.416242,0.420277,0.291007,0.384610,0.448674,0.456441,0.437238,0.530654,0.339417
2026-07-18,12-13-37,two_teams_slower1,2026-07-18T12:13:37.358858+08:00,2026-07-18T12:13:42.206691+08:00,2026-07-18T12:18:42.322004+08:00,304.963,83,0,9.441233,10.026706,14.028994,15.416686,11.187558,5.048456,4.137440,1.725557,1.317701,4.381546,6.581968,4.690481
2026-07-18,12-30-46,two_teams_slower1,2026-07-18T12:30:46.864273+08:00,2026-07-18T12:30:48.240308+08:00,2026-07-18T12:35:48.312605+08:00,301.448,42,44,8.916849,3.794658,6.254252,6.085455,3.575281,3.360329,4.645882,3.347835,5.936490,9.328645,3.585803,3.414020
2026-07-18,12-36-46,two_teams_slower1,2026-07-18T12:36:46.778613+08:00,2026-07-18T12:36:50.308373+08:00,2026-07-18T12:41:50.403387+08:00,303.625,175,26,8.036480,9.843679,11.685576,21.755118,3.732031,3.426772,9.290440,14.045284,15.413089,4.828134,9.067306,15.177855
2026-07-18,12-42-52,two_teams_slower1,2026-07-18T12:42:52.896252+08:00,2026-07-18T12:42:53.088359+08:00,2026-07-18T12:47:53.181803+08:00,300.286,168,38,10.482892,9.589927,10.505901,31.906013,3.557876,3.385483,6.183597,8.626681,14.253797,30.915686,20.771842,3.455520
2026-07-18,12-49-01,two_teams_slower1,2026-07-18T12:49:01.180599+08:00,2026-07-18T12:49:06.074319+08:00,2026-07-18T12:54:06.188187+08:00,305.008,66,15,4.413110,7.332278,7.900093,7.075331,4.839804,5.990149,9.813230,7.902083,8.860235,20.808707,8.505014,11.979055
2026-07-18,12-55-07,two_teams_slower1,2026-07-18T12:55:07.524376+08:00,2026-07-18T12:55:09.552226+08:00,2026-07-18T13:00:09.652247+08:00,302.128,139,126,11.903140,8.549245,3.956068,19.399554,6.150500,9.067773,9.774695,9.894697,10.790823,15.634863,6.913873,4.939045
2026-07-18,13-01-07,two_teams_slower1,2026-07-18T13:01:07.155680+08:00,2026-07-18T13:02:37.163406+08:00,2026-07-18T13:07:37.343442+08:00,390.188,25,51,15.069450,7.851278,9.733399,10.832696,8.985554,12.012803,8.838123,11.557546,6.894136,18.039590,10.981512,7.806295
2026-07-18,13-10-51,two_teams_slower1,2026-07-18T13:10:51.679123+08:00,2026-07-18T13:12:21.686482+08:00,2026-07-18T13:17:21.816756+08:00,390.138,19,21,2.447692,4.348812,5.349655,10.493023,3.671805,3.468334,8.628858,7.691971,10.602596,11.043297,7.094551,7.575692
2026-07-18,13-18-22,two_teams_slower1,2026-07-18T13:18:22.868326+08:00,2026-07-18T13:19:25.363284+08:00,2026-07-18T13:24:25.456403+08:00,362.588,204,183,9.847108,12.426239,11.258742,26.442529,4.368714,11.590966,15.790823,11.508852,4.314491,30.170551,8.081946,3.724524
2026-07-18,13-25-25,two_teams_slower1,2026-07-18T13:25:25.391999+08:00,2026-07-18T13:25:37.303269+08:00,2026-07-18T13:30:37.392016+08:00,312.000,81,16,12.502779,9.913239,17.417202,23.822771,5.332753,6.277942,14.325653,10.008196,5.816993,15.721656,19.254715,14.872963
2026-07-18,13-31-35,two_teams_slower1,2026-07-18T13:31:35.475557+08:00,2026-07-18T13:31:49.885780+08:00,2026-07-18T13:36:50.031348+08:00,314.556,115,108,10.238301,13.071989,23.980935,12.707553,17.245561,22.537623,9.238921,13.688031,8.769954,28.168265,5.034891,11.120095
2026-07-18,13-39-14,two_teams_slower1,2026-07-18T13:39:14.223023+08:00,2026-07-18T13:40:44.249369+08:00,2026-07-18T13:45:44.338521+08:00,390.115,5,0,1.352895,1.320689,1.419262,2.736784,3.775831,3.226329,9.191019,6.876394,8.055938,10.578964,6.556858,5.773722
2026-07-18,13-46-38,two_teams_slower1,2026-07-18T13:46:38.545504+08:00,2026-07-18T13:48:08.555718+08:00,2026-07-18T13:57:03.962937+08:00,625.417,14,57,10.401169,14.692310,15.073492,8.442911,8.352681,10.424112,4.337550,4.831762,6.565037,10.402935,10.237038,20.276982
2026-07-18,13-58-03,two_teams_slower1,2026-07-18T13:58:03.574195+08:00,2026-07-18T13:58:07.132585+08:00,2026-07-18T14:03:07.226461+08:00,303.652,191,108,12.949724,17.336031,12.223670,30.118197,29.601178,32.849422,10.979507,8.822540,8.873354,6.064907,28.795846,41.891069
2026-07-18,14-04-08,two_teams_slower1,2026-07-18T14:04:08.526541+08:00,2026-07-18T14:04:11.634955+08:00,2026-07-18T14:09:11.727250+08:00,303.201,180,45,12.594302,8.270805,11.701508,21.811294,15.215419,10.305123,5.130766,12.221855,12.228174,12.647015,11.819458,18.825118
2026-07-18,14-10-20,two_teams_slower1,2026-07-18T14:10:20.952936+08:00,2026-07-18T14:10:33.961317+08:00,2026-07-18T14:15:34.099172+08:00,313.146,108,34,12.108838,10.777059,9.613087,18.641281,3.676370,4.059147,14.242882,14.059519,9.553062,4.293299,16.295579,34.744349
2026-07-18,14-16-35,two_teams_slower1,2026-07-18T14:16:35.174223+08:00,2026-07-18T14:16:42.149271+08:00,2026-07-18T14:21:42.289886+08:00,307.116,109,121,2.969773,15.221633,17.539395,28.864906,18.813811,5.013626,13.028423,14.169287,11.018819,14.251891,24.332407,29.848840
2026-07-18,14-22-45,two_teams_slower1,2026-07-18T14:22:45.007159+08:00,2026-07-18T14:23:06.949564+08:00,2026-07-18T14:28:07.138224+08:00,322.131,211,11,14.348611,14.312144,6.569326,16.784332,3.664653,3.437680,12.551299,8.679094,12.423157,28.497965,15.144387,11.280160
2026-07-18,14-29-13,two_teams_slower1,2026-07-18T14:29:13.534971+08:00,2026-07-18T14:30:43.558941+08:00,2026-07-18T14:35:43.727344+08:00,390.192,72,17,6.519384,6.801036,3.601942,8.836423,12.384343,9.015485,7.415920,6.506217,6.061200,26.165892,25.684707,15.376374
2026-07-18,14-36-47,two_teams_slower1,2026-07-18T14:36:47.695494+08:00,2026-07-18T14:38:17.702504+08:00,2026-07-18T14:43:17.890996+08:00,390.196,52,51,14.400514,10.634750,8.550525,9.475893,20.098114,8.662826,15.979494,7.065205,10.498862,12.285792,16.431996,10.927383
2026-07-18,14-44-20,two_teams_slower1,2026-07-18T14:44:20.651614+08:00,2026-07-18T14:45:50.676608+08:00,2026-07-18T14:50:50.804350+08:00,390.153,11,6,10.604625,7.582455,8.065532,8.853283,16.834020,16.462165,1.366785,2.561511,5.639710,4.717779,4.584046,4.352350
2026-07-18,14-51-55,two_teams_slower1,2026-07-18T14:51:55.864705+08:00,2026-07-18T14:53:25.890828+08:00,2026-07-18T14:58:26.021681+08:00,390.157,164,184,8.846757,8.817723,16.571515,24.070617,14.175922,12.431035,12.875372,12.758339,20.211127,28.286609,5.321140,8.734952
2026-07-18,14-59-28,two_teams_slower1,2026-07-18T14:59:28.705486+08:00,2026-07-18T15:00:58.729503+08:00,2026-07-18T15:05:58.914876+08:00,390.209,34,0,16.463878,12.255212,14.652608,24.072759,24.763181,14.098915,11.365273,15.584264,9.828580,28.368934,22.729252,34.124615
2026-07-18,15-06-57,two_teams_slower1,2026-07-18T15:06:57.468345+08:00,2026-07-18T15:07:04.108974+08:00,2026-07-18T15:12:04.279445+08:00,306.811,143,97,12.679363,6.505212,11.068427,18.184158,17.660780,21.726175,2.297277,3.869618,7.562660,16.901678,12.972403,8.012414
2026-07-18,15-13-02,two_teams_slower1,2026-07-18T15:13:02.398554+08:00,2026-07-18T15:13:18.756934+08:00,2026-07-18T15:18:18.938261+08:00,316.540,67,128,8.084499,15.102589,10.257678,11.851473,12.606737,24.432291,10.881273,12.734519,11.591859,16.855597,4.239105,28.768856
2026-07-18,15-19-48,two_teams_slower1,2026-07-18T15:19:48.292633+08:00,2026-07-18T15:19:53.184892+08:00,2026-07-18T15:24:53.321637+08:00,305.029,41,4,1.600598,2.043868,1.014944,1.851003,4.557729,3.453755,6.182602,3.797976,3.056101,7.065007,4.216760,4.512100
2026-07-18,15-25-50,two_teams_slower1,2026-07-18T15:25:50.071130+08:00,2026-07-18T15:25:57.932882+08:00,2026-07-18T15:30:58.102392+08:00,308.031,123,16,6.382576,6.807609,6.562598,18.453660,18.686074,24.016656,15.565554,5.232238,4.419883,7.119957,11.014996,11.653772
2026-07-18,15-32-00,two_teams_slower1,2026-07-18T15:32:00.840038+08:00,2026-07-18T15:32:01.835546+08:00,2026-07-18T15:36:14.805664+08:00,253.966,71,17,5.238605,7.095046,4.140520,13.433737,21.547758,18.041404,3.125072,2.876841,2.652132,4.322361,5.446354,4.770401
2026-07-18,15-37-27,two_teams_slower1,2026-07-18T15:37:27.690285+08:00,2026-07-18T15:37:28.578635+08:00,2026-07-18T15:42:28.701421+08:00,301.011,81,66,5.974435,4.792465,3.211289,6.655884,8.567924,13.410472,3.438955,3.033309,4.170646,4.591566,13.353620,9.945441
2026-07-18,15-43-28,two_teams_slower1,2026-07-18T15:43:28.179140+08:00,2026-07-18T15:43:32.140077+08:00,2026-07-18T15:48:32.235300+08:00,304.056,94,52,4.542944,6.540170,7.210815,4.210859,19.052913,17.350671,4.344514,6.369496,5.179527,16.074418,11.512253,14.860329
2026-07-18,15-50-06,two_teams_slower1,2026-07-18T15:50:06.684593+08:00,2026-07-18T15:51:36.710318+08:00,2026-07-18T15:56:36.775011+08:00,390.090,77,18,4.170246,4.431184,3.186106,15.645521,11.684238,11.527337,9.165848,6.659875,12.518579,12.676654,5.746217,10.793567
2026-07-18,15-57-38,two_teams_slower1,2026-07-18T15:57:38.150031+08:00,2026-07-18T15:59:08.175021+08:00,2026-07-18T16:04:08.274909+08:00,390.125,24,31,20.285389,10.597674,8.290442,15.086809,10.870630,14.836475,12.365334,11.311068,4.161836,30.260878,15.079820,20.976254
2026-07-18,16-05-06,two_teams_slower1,2026-07-18T16:05:06.948684+08:00,2026-07-18T16:06:36.973551+08:00,2026-07-18T16:11:37.092265+08:00,390.144,84,150,12.191539,6.263263,11.604679,24.456671,17.897546,12.397564,9.047606,8.544334,17.273803,25.848188,12.981206,17.038759
2026-07-18,16-12-54,two_teams_slower1,2026-07-18T16:12:54.419137+08:00,2026-07-18T16:14:24.428886+08:00,2026-07-18T16:19:24.515292+08:00,390.096,0,58,9.919342,4.692462,12.460495,15.657645,8.259207,8.481800,8.546602,7.901709,8.572366,14.149660,9.155496,15.783468
2026-07-18,16-20-19,two_teams_slower1,2026-07-18T16:20:19.703881+08:00,2026-07-18T16:21:49.713143+08:00,2026-07-18T16:26:49.829461+08:00,390.126,40,156,10.874589,4.168050,5.292141,9.094201,3.579526,3.559905,9.589563,8.928415,20.482201,41.424627,5.225192,6.130320
2026-07-18,16-27-49,two_teams_slower1,2026-07-18T16:27:49.351853+08:00,2026-07-18T16:29:19.376053+08:00,2026-07-18T16:34:19.530986+08:00,390.179,5,0,10.929050,6.857090,7.292563,7.073619,12.310935,13.200608,3.501281,21.744928,7.593014,5.814065,13.422392,8.800932
2026-07-18,16-35-15,two_teams_slower1,2026-07-18T16:35:15.557542+08:00,2026-07-18T16:36:45.566412+08:00,2026-07-18T16:41:45.673620+08:00,390.116,87,7,13.354612,20.505206,15.614738,7.560592,6.688798,23.180799,6.675049,2.416737,1.625319,4.856784,5.263773,8.617373
2026-07-18,16-42-44,two_teams_slower1,2026-07-18T16:42:44.394603+08:00,2026-07-18T16:44:14.406271+08:00,2026-07-18T16:49:14.532854+08:00,390.138,13,56,14.602521,6.402421,9.095455,19.294869,24.638816,13.778394,8.906015,7.774126,2.186731,11.866444,6.600796,25.376339
2026-07-18,16-50-13,two_teams_slower1,2026-07-18T16:50:13.868500+08:00,2026-07-18T16:51:43.876692+08:00,2026-07-18T16:56:44.013063+08:00,390.145,14,0,10.898698,5.908324,7.646138,12.026192,9.212656,11.494058,20.155659,6.319064,3.215006,11.043813,6.253660,4.797576
2026-07-18,16-57-42,two_teams_slower1,2026-07-18T16:57:42.454646+08:00,2026-07-18T16:59:12.480300+08:00,2026-07-18T17:04:12.651193+08:00,390.197,11,0,7.978096,6.799550,16.219475,13.198963,14.641624,15.130481,10.149806,9.364977,13.390475,10.507629,16.657995,14.127551
2026-07-18,17-05-09,two_teams_slower1,2026-07-18T17:05:09.240507+08:00,2026-07-18T17:06:39.248609+08:00,2026-07-18T17:11:39.418095+08:00,390.178,21,23,9.015324,5.668097,4.885667,14.982131,11.477913,14.038037,8.188657,7.445853,15.679851,15.190604,9.504766,13.006569
2026-07-18,17-12-40,two_teams_slower1,2026-07-18T17:12:40.755611+08:00,2026-07-18T17:14:10.781810+08:00,2026-07-18T17:19:10.899758+08:00,390.144,80,0,17.953827,7.498105,5.264266,3.606349,18.111598,37.908462,5.816596,3.694255,4.719733,8.188300,10.888133,9.695165
2026-07-18,17-20-17,two_teams_slower1,2026-07-18T17:20:17.816206+08:00,2026-07-18T17:21:47.842186+08:00,2026-07-18T17:26:47.948380+08:00,390.132,10,14,12.575296,14.572540,6.344641,9.081943,24.819077,64.158456,10.639507,6.803006,6.584162,6.899258,6.485940,16.082251
2026-07-18,17-27-45,two_teams_slower1,2026-07-18T17:27:45.581995+08:00,2026-07-18T17:29:15.605977+08:00,2026-07-18T17:34:15.744066+08:00,390.162,47,0,11.479168,10.706513,13.720103,9.691911,11.113668,15.208576,11.313512,3.666487,3.134967,4.094866,7.692231,7.515585
2026-07-18,17-35-22,two_teams_slower1,2026-07-18T17:35:22.724766+08:00,2026-07-18T17:36:52.748821+08:00,2026-07-18T17:42:10.217936+08:00,407.493,24,52,6.118386,10.087439,11.040230,6.990317,23.595506,19.453404,13.004353,15.958193,13.604468,19.742897,19.754425,28.555246
2026-07-18,17-44-09,two_teams_slower1,2026-07-18T17:44:09.816375+08:00,2026-07-18T17:45:39.841811+08:00,2026-07-18T17:50:39.934805+08:00,390.118,31,131,8.685399,9.730520,15.801207,13.863617,10.829883,15.325442,11.466995,9.488312,10.536407,8.466357,16.389661,34.874303
2026-07-18,17-51-48,two_teams_slower1,2026-07-18T17:51:48.024017+08:00,2026-07-18T17:53:18.035750+08:00,2026-07-18T17:58:18.152013+08:00,390.128,21,38,11.456737,10.941943,13.632275,8.841573,27.465398,15.601346,12.223812,8.503252,9.179616,27.395713,4.273771,3.863498
2026-07-18,17-59-17,two_teams_slower1,2026-07-18T17:59:17.717016+08:00,2026-07-18T18:00:47.726860+08:00,2026-07-18T18:05:47.853252+08:00,390.136,14,63,6.275719,8.569200,6.812708,15.063030,7.147014,8.601756,6.973564,8.903857,18.893380,21.242504,6.495731,3.518073
2026-07-18,18-06-58,two_teams_slower1,2026-07-18T18:06:58.174069+08:00,2026-07-18T18:08:28.199079+08:00,2026-07-18T18:13:57.524683+08:00,419.351,53,0,4.521935,11.523160,11.136055,15.612527,14.473700,33.602774,6.848706,6.027616,4.154414,10.076907,8.332529,14.594309
2026-07-18,18-17-53,two_teams_slower1,2026-07-18T18:17:53.184692+08:00,2026-07-18T18:19:23.194516+08:00,2026-07-18T18:24:23.305634+08:00,390.121,46,14,17.964398,12.664311,11.745898,23.144794,32.204767,26.209105,5.702114,15.121961,12.732026,18.341671,14.919338,17.795942
2026-07-18,18-25-50,two_teams_slower1,2026-07-18T18:25:50.804404+08:00,2026-07-18T18:27:20.829964+08:00,2026-07-18T18:32:40.334024+08:00,409.530,47,22,4.879536,7.142834,7.053561,8.354792,6.070019,8.592094,6.828319,10.487601,11.839179,25.581190,7.466562,6.743004
2026-07-18,18-34-05,two_teams_slower1,2026-07-18T18:34:05.453398+08:00,2026-07-18T18:35:35.479213+08:00,2026-07-18T18:40:35.615036+08:00,390.162,21,40,2.919923,5.182296,15.238644,18.914668,15.668463,25.136248,6.442633,7.959613,7.147729,22.469505,17.383965,17.363232
2026-07-18,18-42-08,two_teams_slower1,2026-07-18T18:42:08.418610+08:00,2026-07-18T18:43:38.430486+08:00,2026-07-18T18:48:38.539015+08:00,390.120,55,53,7.470323,11.173788,10.814322,6.836290,29.499600,21.064514,15.142743,11.992179,8.216915,23.023031,22.222413,25.550623
2026-07-19,10-44-39,two_teams_slower1,2026-07-19T10:44:39.882314+08:00,2026-07-19T10:46:09.881424+08:00,2026-07-19T10:51:10.033812+08:00,390.151,0,0,0.505482,0.370788,0.387904,0.393127,0.380163,0.279177,0.419867,0.433767,0.437246,0.432544,0.498178,0.315337
2026-07-19,11-13-43,two_teams_slower1,2026-07-19T11:13:43.341877+08:00,2026-07-19T11:15:13.361457+08:00,2026-07-19T11:20:13.448441+08:00,390.107,0,0,0.469326,0.384105,0.457962,0.404128,0.401023,0.286602,0.472547,0.438348,0.564125,0.425455,0.508006,0.323464
2026-07-19,11-25-40,two_teams_slower1,2026-07-19T11:25:40.873991+08:00,2026-07-19T11:27:10.902463+08:00,2026-07-19T11:32:10.991381+08:00,390.117,6,0,10.129288,5.909556,5.831151,10.770196,20.802767,17.931402,3.010556,1.418702,1.720328,1.926575,3.630354,3.479708
2026-07-19,11-33-26,two_teams_slower1,2026-07-19T11:33:26.023242+08:00,2026-07-19T11:34:56.030875+08:00,2026-07-19T11:39:56.145730+08:00,390.122,0,0,0.490306,0.377528,0.370661,0.408317,0.387417,0.284100,0.421856,0.433816,0.424709,0.422751,0.501283,0.319266
2026-07-19,11-44-40,two_teams_slower1,2026-07-19T11:44:40.643279+08:00,2026-07-19T11:46:10.660005+08:00,2026-07-19T11:51:10.833117+08:00,390.190,5,0,3.119862,1.320432,1.000105,1.815516,2.405978,0.283842,0.436518,0.427330,0.445995,0.416342,0.484092,0.318075
2026-07-19,11-54-38,two_teams_slower1,2026-07-19T11:54:38.447341+08:00,2026-07-19T11:56:08.476120+08:00,2026-07-19T12:01:08.588731+08:00,390.141,34,93,10.898016,12.712770,4.657286,4.043164,15.458808,14.162395,2.712318,7.318247,6.603223,8.508360,13.236129,15.676882
2026-07-19,12-02-08,two_teams_slower1,2026-07-19T12:02:08.846792+08:00,2026-07-19T12:03:38.856123+08:00,2026-07-19T12:08:38.992268+08:00,390.145,54,0,2.198077,12.557893,9.674885,28.229294,5.380444,3.497528,0.400944,0.411428,0.396539,0.406539,0.486021,0.312445
2026-07-19,12-09-31,two_teams_slower1,2026-07-19T12:09:31.224202+08:00,2026-07-19T12:09:33.515561+08:00,2026-07-19T12:14:33.698377+08:00,302.474,161,14,8.478501,12.961522,9.549772,19.504004,12.599463,8.050886,7.320192,4.141912,10.329324,16.065494,9.896011,15.586436
2026-07-19,12-15-53,two_teams_slower1,2026-07-19T12:15:53.908326+08:00,2026-07-19T12:15:57.616652+08:00,2026-07-19T12:20:57.727677+08:00,303.819,42,81,0.373499,0.273427,0.267839,0.301158,0.291295,0.208732,8.417839,12.191295,16.272182,15.595164,5.029065,3.452455
2026-07-19,12-22-32,two_teams_slower1,2026-07-19T12:22:32.415349+08:00,2026-07-19T12:22:33.742455+08:00,2026-07-19T12:27:33.929360+08:00,301.514,162,72,3.435260,4.116774,4.988384,12.795433,17.896011,10.818470,7.859553,9.726082,7.790826,16.271627,14.241200,9.417601
2026-07-19,12-28-50,two_teams_slower1,2026-07-19T12:28:50.706796+08:00,2026-07-19T12:28:52.750299+08:00,2026-07-19T12:33:52.905290+08:00,302.198,114,36,2.774870,8.418232,14.116397,13.512522,3.638203,3.524783,7.536536,6.032856,7.346069,9.213734,8.813636,9.719908
2026-07-19,12-34-50,two_teams_slower1,2026-07-19T12:34:50.752730+08:00,2026-07-19T12:34:52.896063+08:00,2026-07-19T12:40:04.402211+08:00,313.649,209,16,8.491912,13.541415,13.118622,21.285442,4.411777,3.679768,4.788282,4.531453,5.248841,11.946127,4.989789,4.881448
2026-07-19,12-47-50,two_teams_slower1,2026-07-19T12:47:50.682709+08:00,2026-07-19T12:47:52.390231+08:00,2026-07-19T12:52:52.514907+08:00,301.832,7,77,4.996286,1.291599,1.478266,1.753282,3.460104,7.120557,5.517235,7.010604,13.010791,17.708314,3.877520,3.405763
2026-07-19,12-53-55,two_teams_slower1,2026-07-19T12:53:55.741863+08:00,2026-07-19T12:53:55.816961+08:00,2026-07-19T12:59:04.720278+08:00,308.978,80,17,8.544854,7.580853,15.843518,5.388400,14.872851,21.838051,7.853853,11.118228,8.522585,14.673985,25.360238,33.392000
2026-07-19,13-00-03,two_teams_slower1,2026-07-19T13:00:03.254244+08:00,2026-07-19T13:01:33.263955+08:00,2026-07-19T13:06:33.388367+08:00,390.134,17,76,3.619649,9.857235,11.466203,15.582659,3.619443,3.708643,7.062308,5.788641,10.039294,9.046008,9.321034,5.674367
2026-07-19,13-08-18,two_teams_slower1,2026-07-19T13:08:18.651013+08:00,2026-07-19T13:09:48.660369+08:00,2026-07-19T13:14:48.763079+08:00,390.112,6,0,6.424028,5.535033,2.356804,6.382973,7.701579,6.929648,5.555879,0.523672,0.463956,0.426873,0.465044,0.322940
2026-07-19,13-15-48,two_teams_slower1,2026-07-19T13:15:48.579125+08:00,2026-07-19T13:17:18.606876+08:00,2026-07-19T13:22:18.704010+08:00,390.125,50,58,7.285567,10.761012,12.937090,20.273537,13.626020,38.618923,6.816677,8.202126,5.938029,22.768149,12.453083,25.142158
2026-07-19,13-24-43,two_teams_slower1,2026-07-19T13:24:43.036565+08:00,2026-07-19T13:26:13.059795+08:00,2026-07-19T13:31:13.173058+08:00,390.136,0,0,6.779584,1.589028,1.922729,2.024240,3.575152,3.496418,12.580686,9.972517,7.860470,4.504263,5.993188,5.639486
2026-07-19,13-32-11,two_teams_slower1,2026-07-19T13:32:11.346367+08:00,2026-07-19T13:33:41.373170+08:00,2026-07-19T13:38:55.275923+08:00,403.930,21,22,7.742377,13.702544,22.808571,27.085344,22.944116,32.846131,7.641740,6.785900,12.132706,10.988654,9.027517,23.357081
2026-07-19,13-39-57,two_teams_slower1,2026-07-19T13:39:57.311863+08:00,2026-07-19T13:41:27.323333+08:00,2026-07-19T13:46:27.395773+08:00,390.084,12,150,10.248170,10.438280,11.278642,7.322809,8.186627,12.373880,16.128649,8.488220,10.563062,33.416190,10.129603,20.778029
2026-07-19,13-47-36,two_teams_slower1,2026-07-19T13:47:36.673758+08:00,2026-07-19T13:49:06.683599+08:00,2026-07-19T13:54:06.826788+08:00,390.153,96,16,6.334934,7.668109,8.649936,23.561214,14.660148,23.266452,10.892076,9.114718,10.589059,7.752791,17.812389,8.481993
2026-07-19,13-55-29,two_teams_slower1,2026-07-19T13:55:29.671924+08:00,2026-07-19T13:56:59.683703+08:00,2026-07-19T14:01:02.910668+08:00,333.239,0,0,4.582327,2.184248,2.582038,3.922469,5.360345,3.791066,4.187654,1.930605,3.123933,3.472234,6.953916,4.679855
2026-07-19,14-01-53,two_teams_slower1,2026-07-19T14:01:53.378496+08:00,2026-07-19T14:03:23.403387+08:00,2026-07-19T14:08:23.556284+08:00,390.178,0,0,9.877483,3.112899,3.244029,4.869748,10.475810,8.153773,5.826641,5.143109,4.405338,4.041411,4.295394,5.911312
2026-07-19,14-09-24,two_teams_slower1,2026-07-19T14:09:24.669600+08:00,2026-07-19T14:10:54.696067+08:00,2026-07-19T14:15:54.862973+08:00,390.193,76,7,5.271212,7.727074,17.169170,24.221715,32.996757,24.844035,10.590611,7.343988,8.696192,11.756080,16.309184,35.296896
2026-07-19,14-16-52,two_teams_slower1,2026-07-19T14:16:52.410756+08:00,2026-07-19T14:16:54.870078+08:00,2026-07-19T14:21:55.027679+08:00,302.617,119,42,13.408724,9.205373,9.523864,8.675298,7.215732,22.028679,5.697928,7.418543,15.689605,19.501707,12.331517,43.852655
2026-07-19,14-23-18,two_teams_slower1,2026-07-19T14:23:18.548041+08:00,2026-07-19T14:24:48.556934+08:00,2026-07-19T14:29:48.713794+08:00,390.166,14,0,2.794689,1.803501,1.101092,2.235885,7.750844,3.517999,11.103059,18.215419,8.647342,16.160798,14.141142,22.296666
2026-07-19,14-31-03,two_teams_slower1,2026-07-19T14:31:03.151625+08:00,2026-07-19T14:32:33.177588+08:00,2026-07-19T14:37:33.279181+08:00,390.128,56,106,11.927674,8.566938,6.459863,10.226575,5.866401,5.823514,3.182498,2.931718,4.509338,8.704053,13.828127,13.855451
2026-07-19,14-38-30,two_teams_slower1,2026-07-19T14:38:30.551712+08:00,2026-07-19T14:40:00.561964+08:00,2026-07-19T14:45:00.658806+08:00,390.107,6,0,6.958526,4.601254,7.005516,5.503421,10.009346,22.154842,4.974913,4.626406,6.716262,6.496307,16.407572,5.980525
2026-07-19,14-45-55,two_teams_slower1,2026-07-19T14:45:55.543197+08:00,2026-07-19T14:47:25.552773+08:00,2026-07-19T14:52:25.688437+08:00,390.145,94,235,8.827379,7.651506,7.749391,17.415449,11.594922,16.079667,10.250678,12.174015,9.230754,17.761784,5.754557,4.512644
2026-07-19,14-53-26,two_teams_slower1,2026-07-19T14:53:26.925293+08:00,2026-07-19T14:54:56.932457+08:00,2026-07-19T14:59:57.055724+08:00,390.130,11,112,14.705771,14.721356,13.599432,8.099796,9.810921,27.553887,7.845041,12.510087,16.857925,12.545537,23.445189,6.359189
2026-07-19,15-01-05,two_teams_slower1,2026-07-19T15:01:05.125945+08:00,2026-07-19T15:02:35.150538+08:00,2026-07-19T15:07:35.281411+08:00,390.155,18,121,4.076905,10.940443,8.031207,17.457443,13.170125,35.688479,18.956764,12.470889,4.657578,20.356417,25.988539,20.329091
2026-07-19,15-08-40,two_teams_slower1,2026-07-19T15:08:40.265766+08:00,2026-07-19T15:10:10.290313+08:00,2026-07-19T15:15:10.408599+08:00,390.143,53,221,10.915334,7.320830,7.474158,13.546159,5.807474,4.792714,9.728243,8.054694,5.736168,16.186012,16.101935,30.133850
2026-07-19,15-16-22,two_teams_slower1,2026-07-19T15:16:22.776407+08:00,2026-07-19T15:17:52.785458+08:00,2026-07-19T15:22:52.974452+08:00,390.198,103,63,5.500747,9.180065,11.903692,24.173000,9.530229,3.780693,6.409973,10.262356,8.326082,12.577629,9.992910,16.013715
2026-07-19,15-24-02,two_teams_slower1,2026-07-19T15:24:02.438306+08:00,2026-07-19T15:25:32.447735+08:00,2026-07-19T15:34:10.072565+08:00,607.634,61,64,11.837604,8.508666,5.958641,9.066855,9.125547,12.631284,7.081394,7.427451,9.940508,10.847286,6.647562,11.652932
2026-07-19,15-35-19,two_teams_slower1,2026-07-19T15:35:19.727693+08:00,2026-07-19T15:36:49.736811+08:00,2026-07-19T15:41:49.876311+08:00,390.149,4,66,17.694791,5.839743,5.795693,16.648305,19.471714,19.828547,10.124589,8.277298,9.234815,28.388967,14.523717,9.967500
2026-07-19,15-42-48,two_teams_slower1,2026-07-19T15:42:48.713274+08:00,2026-07-19T15:44:18.736696+08:00,2026-07-19T15:49:18.865038+08:00,390.152,101,112,6.926194,7.556817,5.441283,14.610886,15.731113,13.953104,11.804345,10.170527,12.749088,9.041231,32.032905,27.385059
2026-07-19,15-50-21,two_teams_slower1,2026-07-19T15:50:21.083572+08:00,2026-07-19T15:51:51.110802+08:00,2026-07-19T15:56:51.252095+08:00,390.169,18,130,5.078748,8.201500,1.915011,34.425674,19.427233,63.002948,8.889174,11.356641,10.641335,12.085062,17.301676,29.418595
2026-07-19,15-57-53,two_teams_slower1,2026-07-19T15:57:53.105497+08:00,2026-07-19T15:59:23.114262+08:00,2026-07-19T16:04:23.187428+08:00,390.082,77,0,6.743638,9.980051,5.127892,12.092749,9.666430,7.854007,5.830179,11.252694,13.900305,11.426009,22.044177,29.882942
2026-07-19,16-06-01,two_teams_slower1,2026-07-19T16:06:01.281527+08:00,2026-07-19T16:07:31.293137+08:00,2026-07-19T16:12:31.418206+08:00,390.137,12,66,6.066807,9.596521,5.755011,12.358758,15.098120,16.604689,6.523793,11.673819,9.986394,36.746026,46.804924,17.220892
2026-07-19,16-13-35,two_teams_slower1,2026-07-19T16:13:35.949456+08:00,2026-07-19T16:15:05.958008+08:00,2026-07-19T16:20:06.106393+08:00,390.157,4,0,11.879105,7.246173,12.419856,14.654670,14.522986,19.022197,13.829124,16.724837,12.757840,13.965042,22.237388,32.850428
2026-07-19,16-20-57,two_teams_slower1,2026-07-19T16:20:57.733297+08:00,2026-07-19T16:22:27.758338+08:00,2026-07-19T16:27:36.158212+08:00,398.425,54,42,10.135813,7.960189,10.358780,23.440735,15.130051,11.949471,15.317243,9.885630,4.454282,9.569021,23.515040,37.483712
2026-07-19,16-28-41,two_teams_slower1,2026-07-19T16:28:41.619924+08:00,2026-07-19T16:30:11.646423+08:00,2026-07-19T16:35:11.747341+08:00,390.127,49,7,5.192178,7.437840,9.947402,11.077144,6.028780,9.147001,4.803602,6.109979,6.165987,9.227138,22.066304,13.811223
2026-07-19,16-36-11,two_teams_slower1,2026-07-19T16:36:11.710839+08:00,2026-07-19T16:37:41.736993+08:00,2026-07-19T16:42:41.865641+08:00,390.155,101,0,2.393966,8.044582,2.225117,17.837887,14.701663,26.871543,5.626372,5.489086,15.521971,12.100110,21.341901,47.769272
2026-07-19,16-43-46,two_teams_slower1,2026-07-19T16:43:46.178649+08:00,2026-07-19T16:45:16.186924+08:00,2026-07-19T16:50:16.305985+08:00,390.127,21,64,7.585196,9.475653,12.225951,21.215873,11.077100,10.464412,12.519922,12.421553,2.367993,17.297614,16.498372,19.238426
2026-07-19,16-51-47,two_teams_slower1,2026-07-19T16:51:47.603327+08:00,2026-07-19T16:53:17.629053+08:00,2026-07-19T16:58:17.715630+08:00,390.112,107,7,7.338891,12.790099,12.642537,19.487283,6.727294,3.803082,13.418255,8.304866,7.730943,5.853062,15.336793,18.860344
2026-07-19,16-59-43,two_teams_slower1,2026-07-19T16:59:43.387660+08:00,2026-07-19T17:01:13.398684+08:00,2026-07-19T17:06:13.517195+08:00,390.130,89,0,5.604054,6.394926,11.372297,16.987432,15.913320,21.705609,10.154474,4.720743,6.488151,10.674029,11.184655,10.012794
2026-07-19,17-07-34,two_teams_slower1,2026-07-19T17:07:34.742263+08:00,2026-07-19T17:09:04.767331+08:00,2026-07-19T17:14:04.838226+08:00,390.096,4,65,9.757585,5.777569,11.881067,20.926735,16.695495,24.673364,6.421688,8.107452,11.063512,19.567186,8.216103,32.156781
2026-07-19,17-15-15,two_teams_slower1,2026-07-19T17:15:15.158546+08:00,2026-07-19T17:16:45.167624+08:00,2026-07-19T17:21:45.247486+08:00,390.089,49,37,5.720426,6.105931,6.864521,24.075122,11.457493,51.614435,6.595523,8.071056,9.285469,7.009705,7.982854,30.233345
2026-07-19,17-23-05,two_teams_slower1,2026-07-19T17:23:05.108735+08:00,2026-07-19T17:24:35.134145+08:00,2026-07-19T17:29:35.247963+08:00,390.139,90,79,4.019862,6.844859,3.730382,7.957054,10.539233,16.194574,17.605355,11.812210,7.935187,18.216451,24.640545,29.342041
2026-07-19,17-31-34,two_teams_slower1,2026-07-19T17:31:34.349883+08:00,2026-07-19T17:33:04.358161+08:00,2026-07-19T17:38:04.487700+08:00,390.138,68,128,4.306395,8.457396,7.916750,12.673866,7.452576,7.649196,5.109025,9.383602,13.486714,18.525527,18.809031,36.955169
2026-07-19,17-39-27,two_teams_slower1,2026-07-19T17:39:27.062562+08:00,2026-07-19T17:40:57.088193+08:00,2026-07-19T17:45:57.160450+08:00,390.098,141,99,11.069354,11.316415,2.196886,22.816718,9.732700,11.416683,9.647534,11.238450,14.754206,19.433385,18.982574,37.415411
2026-07-19,17-47-06,two_teams_slower1,2026-07-19T17:47:06.968313+08:00,2026-07-19T17:48:36.995580+08:00,2026-07-19T17:53:37.075346+08:00,390.107,74,7,6.340970,7.762242,7.333358,39.942814,7.382223,5.060432,6.722538,6.165633,10.214106,15.205005,17.341018,17.670130
2026-07-19,17-55-13,two_teams_slower1,2026-07-19T17:55:13.101615+08:00,2026-07-19T17:56:43.110781+08:00,2026-07-19T18:01:43.207757+08:00,390.106,65,88,5.362131,5.878128,8.197829,13.382921,40.943901,21.909824,11.196276,10.011911,11.140338,15.298381,13.778017,5.515286
2026-07-19,18-02-49,two_teams_slower1,2026-07-19T18:02:49.017508+08:00,2026-07-19T18:04:19.039921+08:00,2026-07-19T18:09:19.152886+08:00,390.135,42,46,16.253555,9.036324,6.096568,11.714697,18.542356,27.478373,8.479345,4.478200,4.504287,4.785632,9.482790,20.095623
2026-07-19,18-10-39,two_teams_slower1,2026-07-19T18:10:39.382210+08:00,2026-07-19T18:12:09.407584+08:00,2026-07-19T18:17:09.496982+08:00,390.115,67,111,5.945746,8.483639,8.527154,15.814203,4.612736,13.486442,4.603914,4.875407,7.395629,10.199598,7.222898,11.079235
2026-07-19,18-18-23,two_teams_slower1,2026-07-19T18:18:23.189413+08:00,2026-07-19T18:19:53.213820+08:00,2026-07-19T18:24:53.323646+08:00,390.134,117,22,13.096641,11.821909,19.263061,24.790835,10.561646,17.569679,7.949737,4.960348,8.597115,6.171884,13.543380,8.188041
2026-07-19,18-26-10,two_teams_slower1,2026-07-19T18:26:10.346651+08:00,2026-07-19T18:27:40.354860+08:00,2026-07-19T18:32:40.487996+08:00,390.141,70,29,6.504366,11.236265,7.151592,18.161507,5.173620,3.591931,6.110262,10.221608,9.821446,11.759951,26.369931,25.023258
2026-07-19,18-33-45,two_teams_slower1,2026-07-19T18:33:45.178910+08:00,2026-07-19T18:35:15.187785+08:00,2026-07-19T18:40:15.302131+08:00,390.123,87,0,9.308115,8.028507,10.389498,14.536417,7.711773,7.624436,7.498844,6.762242,10.316760,11.572068,19.643835,5.575525
2026-07-19,18-41-29,two_teams_slower1,2026-07-19T18:41:29.487824+08:00,2026-07-19T18:42:59.495768+08:00,2026-07-19T18:48:16.373974+08:00,406.886,87,88,11.393382,10.266024,13.325862,15.194272,20.205977,11.828164,13.534225,8.110029,3.316575,16.050288,9.429278,14.801264
2026-07-20,11-20-59,two_teams_slower1,2026-07-20T11:20:59.889880+08:00,2026-07-20T11:22:29.906309+08:00,2026-07-20T11:23:02.075932+08:00,122.186,0,0,0.148835,0.119380,0.123673,0.123001,0.120436,0.090505,0.125369,0.147745,0.137373,0.132698,0.156256,0.104406
2026-07-20,11-42-29,two_teams_slower1,2026-07-20T11:42:29.554770+08:00,2026-07-20T11:43:59.571901+08:00,2026-07-20T11:48:59.706247+08:00,390.151,0,0,0.498339,0.376879,0.507532,0.397960,0.389546,0.286733,0.363336,0.436211,0.418268,0.421196,0.517523,0.323616
2026-07-20,12-00-03,two_teams_slower1,2026-07-20T12:00:03.645278+08:00,2026-07-20T12:01:33.670232+08:00,2026-07-20T12:06:33.761853+08:00,390.117,8,6,0.500915,0.370333,0.368309,0.397379,0.391475,0.284219,1.316504,1.356526,1.564548,1.892900,3.659427,8.149833
2026-07-20,12-21-08,two_teams_slower1,2026-07-20T12:21:08.411182+08:00,2026-07-20T12:21:09.392986+08:00,2026-07-20T12:21:14.059162+08:00,5.648,0,0,0.008280,0.009243,0.047692,0.006402,0.020057,0.011678,0.006816,0.010960,0.085531,0.010206,0.015656,0.004929
2026-07-20,13-56-45,two_teams_slower1,2026-07-20T13:56:45.581950+08:00,2026-07-20T13:58:15.582307+08:00,2026-07-20T14:03:15.711338+08:00,390.129,0,0,0.493660,0.396998,0.532677,0.421854,0.418798,0.298912,2.125693,1.537478,0.938628,0.525746,0.526914,0.336782
2026-07-20,14-04-11,two_teams_slower1,2026-07-20T14:04:11.411752+08:00,2026-07-20T14:05:41.436408+08:00,2026-07-20T14:10:41.517894+08:00,390.106,7,0,2.042240,1.402712,1.119362,1.952015,3.615061,3.644041,1.928058,6.992436,6.278748,7.600299,5.913565,8.074869
2026-07-20,14-23-37,two_teams_slower1,2026-07-20T14:23:37.755471+08:00,2026-07-20T14:25:07.763587+08:00,2026-07-20T14:30:07.836754+08:00,390.081,0,0,6.168688,1.441213,1.391862,2.002827,3.624466,3.682913,1.332665,1.420413,1.199024,1.953805,3.820446,3.682292
2026-07-20,14-34-33,two_teams_slower1,2026-07-20T14:34:33.299123+08:00,2026-07-20T14:36:03.308591+08:00,2026-07-20T14:41:03.491871+08:00,390.193,5,46,7.905676,4.826487,5.981688,10.718317,10.097970,9.335641,4.573705,15.077792,3.698996,13.448775,9.797200,18.802445
2026-07-20,14-42-08,two_teams_slower1,2026-07-20T14:42:08.406434+08:00,2026-07-20T14:43:38.415815+08:00,2026-07-20T14:48:38.531864+08:00,390.125,7,33,5.647862,24.543684,21.066106,13.506845,14.673550,25.961085,6.518079,20.749737,14.754357,29.830519,30.948471,19.354321
2026-07-20,14-49-37,two_teams_slower1,2026-07-20T14:49:37.796300+08:00,2026-07-20T14:51:07.821172+08:00,2026-07-20T14:56:07.942377+08:00,390.146,0,0,1.394771,1.419711,1.023669,1.909174,3.642916,3.817313,0.403199,0.433430,0.416535,0.423418,0.503545,0.329255
2026-07-20,15-08-13,two_teams_slower1,2026-07-20T15:08:13.925038+08:00,2026-07-20T15:09:43.968955+08:00,2026-07-20T15:14:44.098223+08:00,390.173,18,0,0.487932,0.388071,0.421659,0.412946,0.406302,0.296731,1.325573,0.473758,0.535959,0.444122,0.536624,0.339856
2026-07-20,15-17-24,two_teams_slower1,2026-07-20T15:17:24.483195+08:00,2026-07-20T15:18:54.533021+08:00,2026-07-20T15:23:54.671101+08:00,390.188,80,5,7.190133,12.069595,15.142209,22.732887,52.786881,31.099806,9.906791,8.646758,6.439874,13.868770,8.917986,23.740214
2026-07-20,15-24-58,two_teams_slower1,2026-07-20T15:24:58.885039+08:00,2026-07-20T15:26:28.910724+08:00,2026-07-20T15:31:43.453957+08:00,404.569,80,59,3.217394,17.361695,28.080477,32.770496,42.810520,35.669329,4.425771,7.688669,5.652120,22.117622,10.154161,11.964620
2026-07-20,17-30-03,two_teams_slower1,2026-07-20T17:30:03.132848+08:00,2026-07-20T17:30:06.790957+08:00,2026-07-20T17:30:10.492625+08:00,7.360,0,0,0.008874,0.030505,0.130522,0.013115,0.021518,0.013229,0.012139,0.052877,0.437405,0.038600,0.019061,0.006626
2026-07-21,11-17-36,two_teams_slower1,2026-07-21T11:17:36.211425+08:00,2026-07-21T11:19:06.226890+08:00,2026-07-21T11:24:06.406480+08:00,390.195,18,0,10.998905,4.728840,8.713578,5.587704,4.128053,4.787618,1.361939,1.446419,2.510703,0.538460,0.486588,0.318195
2026-07-21,11-25-02,two_teams_slower1,2026-07-21T11:25:02.396858+08:00,2026-07-21T11:26:32.424453+08:00,2026-07-21T11:31:32.624400+08:00,390.228,108,0,7.331556,6.133632,11.695370,14.607435,13.169699,11.565926,3.349887,0.474775,0.428302,0.427661,0.495856,0.307616
2026-07-21,11-32-35,two_teams_slower1,2026-07-21T11:32:35.223445+08:00,2026-07-21T11:34:05.235531+08:00,2026-07-21T11:39:05.340255+08:00,390.117,55,0,2.975369,4.670914,6.619528,8.824160,6.828479,5.013856,5.317417,1.521209,2.256251,0.510622,0.500056,0.310988
2026-07-21,11-43-26,two_teams_slower1,2026-07-21T11:43:26.500205+08:00,2026-07-21T11:44:56.526869+08:00,2026-07-21T11:49:56.635493+08:00,390.135,45,0,5.052879,7.382697,9.781772,7.313887,11.578986,13.466574,7.316980,2.849752,3.898015,2.286061,6.207469,4.389485
2026-07-21,11-51-14,two_teams_slower1,2026-07-21T11:51:14.921816+08:00,2026-07-21T11:52:09.121055+08:00,2026-07-21T11:57:09.280172+08:00,354.358,69,39,14.152831,7.946633,4.650369,9.527580,5.147331,3.872298,5.790563,4.075413,4.983491,4.872275,4.922647,6.135047
2026-07-21,11-58-37,two_teams_slower1,2026-07-21T11:58:37.661266+08:00,2026-07-21T11:58:38.122839+08:00,2026-07-21T12:03:50.700807+08:00,313.040,114,69,7.420259,7.079358,6.670483,22.838365,5.887129,3.595047,8.422198,7.745211,7.055017,7.998362,7.256126,11.599263
2026-07-21,12-06-23,two_teams_slower1,2026-07-21T12:06:23.218661+08:00,2026-07-21T12:06:32.241893+08:00,2026-07-21T12:11:32.343308+08:00,309.125,18,75,4.925432,4.394985,4.173584,8.105956,9.716643,6.123520,8.201795,7.433445,8.118759,14.721865,4.119189,10.186252
2026-07-21,12-20-26,two_teams_slower1,2026-07-21T12:20:26.906538+08:00,2026-07-21T12:20:30.219762+08:00,2026-07-21T12:25:30.337655+08:00,303.431,117,0,10.643525,7.077233,5.166137,12.987028,3.978266,3.371238,3.355144,4.063375,2.232149,4.388897,3.762169,3.508145
2026-07-21,12-26-29,two_teams_slower1,2026-07-21T12:26:29.197823+08:00,2026-07-21T12:26:40.640224+08:00,2026-07-21T12:31:40.728392+08:00,311.531,169,92,10.350161,9.814491,7.968935,22.204422,3.633982,3.394743,11.025702,11.814804,12.465538,23.491184,4.813477,7.260869
2026-07-21,12-32-49,two_teams_slower1,2026-07-21T12:32:49.349727+08:00,2026-07-21T12:34:19.376369+08:00,2026-07-21T12:39:19.506388+08:00,390.157,25,128,6.888039,7.045666,7.202524,10.346040,17.639615,9.362977,11.229654,17.288609,16.620973,40.715013,3.816643,3.670431
2026-07-21,12-40-21,two_teams_slower1,2026-07-21T12:40:21.166044+08:00,2026-07-21T12:41:51.189789+08:00,2026-07-21T12:46:51.291587+08:00,390.126,66,0,9.194470,12.237834,19.029910,18.108809,9.050550,10.314637,17.946211,10.879921,5.747736,13.521507,24.426029,17.584762
2026-07-21,12-48-02,two_teams_slower1,2026-07-21T12:48:02.113063+08:00,2026-07-21T12:49:02.387792+08:00,2026-07-21T12:54:13.885978+08:00,371.773,97,6,24.110701,11.689735,4.472558,11.330952,23.632356,22.168301,15.933493,12.825800,21.626602,29.880363,9.394070,12.234232
2026-07-21,12-55-19,two_teams_slower1,2026-07-21T12:55:19.356018+08:00,2026-07-21T12:56:49.366783+08:00,2026-07-21T13:01:49.461812+08:00,390.106,28,223,11.300404,11.913315,5.380292,3.965334,10.332642,7.842734,11.528189,13.209119,11.498869,36.047214,8.302020,17.410066
2026-07-21,13-03-39,two_teams_slower1,2026-07-21T13:03:39.024337+08:00,2026-07-21T13:05:09.033437+08:00,2026-07-21T13:10:09.157184+08:00,390.133,0,0,6.113290,6.976723,4.556938,5.600910,3.569523,3.475601,0.412085,0.417812,0.408381,0.406508,0.486349,0.329600
2026-07-21,13-15-47,two_teams_slower1,2026-07-21T13:15:47.939207+08:00,2026-07-21T13:17:17.949705+08:00,2026-07-21T13:22:18.021745+08:00,390.083,7,0,0.490633,0.374429,0.383365,0.409880,0.406126,0.292331,0.441452,0.428288,0.458641,0.423803,0.503186,0.322793
2026-07-21,13-23-05,two_teams_slower1,2026-07-21T13:23:05.036865+08:00,2026-07-21T13:24:35.049891+08:00,2026-07-21T13:29:35.185778+08:00,390.149,4,0,8.390035,7.630296,5.577657,3.741327,7.359216,15.327784,8.117887,7.152962,4.533989,5.091250,12.016467,12.051385
2026-07-21,13-30-34,two_teams_slower1,2026-07-21T13:30:34.057772+08:00,2026-07-21T13:32:04.065964+08:00,2026-07-21T13:37:04.177553+08:00,390.120,27,272,7.180159,10.439919,9.401454,13.195943,12.168589,18.963272,9.075558,16.984257,22.175681,35.120537,3.818573,3.549129
2026-07-21,13-38-07,two_teams_slower1,2026-07-21T13:38:07.615128+08:00,2026-07-21T13:39:37.623885+08:00,2026-07-21T13:44:37.718664+08:00,390.104,207,199,8.897275,12.525986,15.468194,19.383098,4.076218,3.511674,6.997625,7.464434,16.710333,26.933524,3.749918,3.607612
2026-07-21,13-47-22,two_teams_slower1,2026-07-21T13:47:22.439668+08:00,2026-07-21T13:47:43.114683+08:00,2026-07-21T13:48:33.586234+08:00,71.147,0,0,3.102073,1.066484,0.795513,1.599100,0.097388,0.057439,0.071521,0.078647,0.086442,0.085946,0.100091,0.056381
2026-07-21,13-51-03,two_teams_slower1,2026-07-21T13:51:03.327676+08:00,2026-07-21T13:52:33.346836+08:00,2026-07-21T13:57:33.429868+08:00,390.102,0,0,0.490146,0.375630,0.373345,0.411425,0.420670,0.294045,0.434302,0.431038,0.430500,0.418700,0.512292,0.330170
2026-07-21,14-09-40,two_teams_slower1,2026-07-21T14:09:40.554137+08:00,2026-07-21T14:11:10.568384+08:00,2026-07-21T14:13:21.813173+08:00,221.259,10,0,1.408538,1.293513,0.871366,1.854961,0.840448,0.161102,3.454841,2.761037,1.356941,6.973408,7.750278,4.812906
2026-07-21,14-23-29,two_teams_slower1,2026-07-21T14:23:29.092561+08:00,2026-07-21T14:24:59.112851+08:00,2026-07-21T14:29:59.283108+08:00,390.191,0,0,7.355321,5.579610,21.160793,12.413336,11.636898,9.994148,0.378719,0.413607,0.395908,0.403922,0.472256,0.304813
2026-07-21,14-32-24,two_teams_slower1,2026-07-21T14:32:24.543851+08:00,2026-07-21T14:33:54.569223+08:00,2026-07-21T14:38:54.679900+08:00,390.136,0,0,4.911608,4.553871,6.855245,3.016624,5.215879,7.692394,3.090017,8.254754,6.645429,4.747521,11.282534,9.599051
2026-07-21,14-42-53,two_teams_slower1,2026-07-21T14:42:53.967334+08:00,2026-07-21T14:44:23.992115+08:00,2026-07-21T14:49:24.086589+08:00,390.119,10,0,2.878875,3.018917,0.890886,0.481383,0.407758,0.293797,0.433236,0.431860,0.436728,0.421209,0.490685,0.318876
2026-07-21,14-54-41,two_teams_slower1,2026-07-21T14:54:41.747643+08:00,2026-07-21T14:56:11.762442+08:00,2026-07-21T15:03:52.690922+08:00,550.943,12,0,12.320530,24.811670,17.091952,3.206945,22.020462,12.996363,6.500889,1.978642,0.803886,0.688796,0.748723,0.463898
2026-07-21,15-05-19,two_teams_slower1,2026-07-21T15:05:19.927479+08:00,2026-07-21T15:06:49.952368+08:00,2026-07-21T15:11:50.033491+08:00,390.106,73,7,7.130549,9.101276,6.095028,12.487455,5.613592,11.721208,4.554482,5.591439,11.289006,16.114396,7.228694,11.989372
2026-07-21,15-14-00,two_teams_slower1,2026-07-21T15:14:00.728128+08:00,2026-07-21T15:15:30.735026+08:00,2026-07-21T15:20:30.829594+08:00,390.101,96,36,4.498671,8.088380,13.190431,16.721622,5.360905,4.470617,3.558699,5.673761,6.226227,3.432887,6.075473,12.598999
2026-07-21,15-26-54,two_teams_slower1,2026-07-21T15:26:54.735905+08:00,2026-07-21T15:28:24.745740+08:00,2026-07-21T15:33:24.813254+08:00,390.077,12,0,8.250369,6.315204,8.628074,11.223771,8.410397,9.812921,6.388935,4.775491,2.185638,8.611282,5.113934,12.396994
2026-07-21,15-37-12,two_teams_slower1,2026-07-21T15:37:12.659371+08:00,2026-07-21T15:38:42.667308+08:00,2026-07-21T15:43:42.795687+08:00,390.136,0,0,5.230013,6.808245,8.193324,5.940566,15.586495,7.846049,2.583776,1.665884,1.221015,1.950596,4.541989,5.412253
2026-07-21,15-44-58,two_teams_slower1,2026-07-21T15:44:58.434633+08:00,2026-07-21T15:46:28.443301+08:00,2026-07-21T15:51:28.561086+08:00,390.126,17,119,4.044647,1.535566,1.034052,6.055733,3.857760,0.289200,5.414021,5.385678,3.609043,6.804839,5.848020,11.906961
2026-07-21,15-52-23,two_teams_slower1,2026-07-21T15:52:23.661608+08:00,2026-07-21T15:53:53.669938+08:00,2026-07-21T15:58:53.761693+08:00,390.100,5,0,0.461833,0.378339,0.367598,0.409817,0.400605,0.287919,0.450165,0.440925,0.415198,0.424065,0.517718,0.336821
2026-07-21,15-59-50,two_teams_slower1,2026-07-21T15:59:50.154680+08:00,2026-07-21T16:01:20.192317+08:00,2026-07-21T16:06:20.266665+08:00,390.112,0,0,10.167727,8.287028,1.968571,20.259833,3.975520,3.522299,1.378883,1.504902,1.234741,2.043899,4.197500,3.986892
2026-07-21,16-07-14,two_teams_slower1,2026-07-21T16:07:14.595156+08:00,2026-07-21T16:08:44.621616+08:00,2026-07-21T16:13:44.713388+08:00,390.118,6,0,10.063925,1.700801,0.607185,0.445823,0.413466,0.278306,4.790017,2.695920,5.752674,5.663512,5.917749,11.616115
2026-07-21,16-14-44,two_teams_slower1,2026-07-21T16:14:44.401631+08:00,2026-07-21T16:16:14.411548+08:00,2026-07-21T16:21:14.531432+08:00,390.130,23,0,7.929813,10.213759,6.577688,9.161129,18.757540,13.345841,1.333551,1.650584,1.049571,0.528491,0.494417,0.318109
2026-07-21,16-22-15,two_teams_slower1,2026-07-21T16:22:15.795916+08:00,2026-07-21T16:23:45.822786+08:00,2026-07-21T16:28:45.934153+08:00,390.138,26,107,8.302486,9.535811,5.765861,8.227614,4.710303,8.090778,6.921363,7.121988,15.506772,26.872839,7.997682,6.679436
2026-07-21,16-30-04,two_teams_slower1,2026-07-21T16:30:04.126605+08:00,2026-07-21T16:31:34.134816+08:00,2026-07-21T16:36:34.229248+08:00,390.103,10,0,6.593856,3.984848,4.361108,7.257475,5.614185,11.276878,6.682146,3.667110,9.136024,14.012622,15.424539,8.615247
2026-07-21,16-37-34,two_teams_slower1,2026-07-21T16:37:34.778405+08:00,2026-07-21T16:39:04.788256+08:00,2026-07-21T16:44:04.866985+08:00,390.089,119,7,7.287992,10.140439,15.712846,20.114239,20.704595,28.090659,11.549127,8.585092,7.836564,11.970003,18.685121,21.847447
2026-07-21,16-45-03,two_teams_slower1,2026-07-21T16:45:03.132487+08:00,2026-07-21T16:46:33.139954+08:00,2026-07-21T16:51:33.260603+08:00,390.128,59,12,13.921107,4.160487,4.180449,10.940735,5.593066,8.551777,2.741153,9.150727,14.249960,10.169470,13.236729,11.600565
2026-07-21,16-52-32,two_teams_slower1,2026-07-21T16:52:32.342522+08:00,2026-07-21T16:54:02.350246+08:00,2026-07-21T16:59:02.475360+08:00,390.133,0,0,0.437324,0.348958,0.340514,0.379812,0.365685,0.275153,6.050230,4.153164,3.508628,3.679247,6.711321,6.208792
2026-07-21,17-01-06,two_teams_slower1,2026-07-21T17:01:06.042932+08:00,2026-07-21T17:02:36.074555+08:00,2026-07-21T17:07:36.180000+08:00,390.137,65,0,3.340416,3.451674,9.129099,14.186535,11.512956,9.802983,10.308248,7.733882,7.401239,7.521582,8.140947,12.624892
2026-07-21,17-08-37,two_teams_slower1,2026-07-21T17:08:37.818832+08:00,2026-07-21T17:10:07.843610+08:00,2026-07-21T17:15:07.965061+08:00,390.146,30,116,6.187771,9.907960,8.591404,4.176494,12.944429,12.359863,8.195320,7.084678,8.454478,19.033202,6.461954,4.639971
2026-07-21,17-16-15,two_teams_slower1,2026-07-21T17:16:15.949368+08:00,2026-07-21T17:16:52.157472+08:00,2026-07-21T17:21:52.284014+08:00,336.335,31,91,9.250630,11.432544,4.982784,4.256807,6.989857,30.524079,9.983036,14.671727,9.994082,25.703416,10.884507,5.000319
2026-07-21,17-22-55,two_teams_slower1,2026-07-21T17:22:55.762642+08:00,2026-07-21T17:24:25.788595+08:00,2026-07-21T17:29:25.875257+08:00,390.113,0,0,7.797317,4.192675,10.873520,7.816943,9.645686,9.968174,1.779721,2.532354,2.129588,2.439212,5.652719,4.144010
2026-07-21,17-30-23,two_teams_slower1,2026-07-21T17:30:23.070781+08:00,2026-07-21T17:31:53.082918+08:00,2026-07-21T17:36:53.163106+08:00,390.092,39,31,8.509935,6.818959,11.744931,12.765029,15.748508,10.666895,10.535801,6.688300,7.358594,8.261752,12.151908,18.566030
2026-07-21,17-37-56,two_teams_slower1,2026-07-21T17:37:56.104045+08:00,2026-07-21T17:39:26.128120+08:00,2026-07-21T17:44:26.286197+08:00,390.182,140,60,10.878457,9.062513,10.008942,13.421752,14.540839,11.668041,8.638929,7.761553,6.670953,10.689908,8.164698,15.660923
2026-07-21,17-45-29,two_teams_slower1,2026-07-21T17:45:29.621437+08:00,2026-07-21T17:46:59.630805+08:00,2026-07-21T17:51:59.733086+08:00,390.112,38,0,10.677662,3.294370,6.046240,6.162073,12.134755,5.699094,5.899118,3.566549,6.275812,10.908603,6.541120,4.911208
2026-07-21,17-54-13,two_teams_slower1,2026-07-21T17:54:13.018697+08:00,2026-07-21T17:55:43.044886+08:00,2026-07-21T18:00:43.182482+08:00,390.164,62,47,8.260217,6.824139,13.060924,5.759941,12.019189,17.476370,11.330450,5.891204,7.188761,15.325317,11.418779,9.954171
2026-07-21,18-01-45,two_teams_slower1,2026-07-21T18:01:45.708471+08:00,2026-07-21T18:02:21.282574+08:00,2026-07-21T18:07:21.396898+08:00,335.688,93,55,9.726817,7.743244,5.209930,6.034873,18.525615,28.211461,11.438321,5.918947,5.810593,10.043497,4.837904,8.845494
2026-07-21,18-08-21,two_teams_slower1,2026-07-21T18:08:21.359975+08:00,2026-07-21T18:09:51.369050+08:00,2026-07-21T18:14:51.528551+08:00,390.169,0,0,6.044371,4.765163,4.587520,9.090026,5.152494,6.593688,3.601294,4.741724,4.219545,7.444678,7.363550,9.744605
2026-07-21,18-15-54,two_teams_slower1,2026-07-21T18:15:54.210058+08:00,2026-07-21T18:17:24.234799+08:00,2026-07-21T18:22:24.323180+08:00,390.113,27,24,12.265894,5.766240,7.578761,11.330217,9.018933,6.441081,9.827273,8.915439,5.796814,15.835198,10.842732,10.388257
2026-07-21,18-23-26,two_teams_slower1,2026-07-21T18:23:26.610500+08:00,2026-07-21T18:24:56.637067+08:00,2026-07-21T18:29:56.768286+08:00,390.158,36,134,5.195401,4.293296,4.252856,6.255613,10.348120,17.658907,7.770039,6.704801,9.580989,12.760051,7.492646,4.187170
2026-07-21,18-30-56,two_teams_slower1,2026-07-21T18:30:56.141118+08:00,2026-07-21T18:32:26.166228+08:00,2026-07-21T18:37:26.187572+08:00,390.046,1288,188,6.769236,4.980381,6.062336,9.141815,14.357964,20.939888,2.335787,2.708306,1.148685,1.975827,3.761205,4.153823
2026-07-21,18-38-39,two_teams_slower1,2026-07-21T18:38:39.889949+08:00,2026-07-21T18:40:09.917884+08:00,2026-07-21T18:45:17.854985+08:00,397.965,49,0,8.786752,4.615116,7.254823,11.153887,9.191093,11.528083,15.876735,13.949509,10.760533,9.597060,13.036665,52.842646
2026-07-21,18-46-23,two_teams_slower1,2026-07-21T18:46:23.991608+08:00,2026-07-21T18:47:53.999804+08:00,2026-07-21T18:52:54.086579+08:00,390.095,80,75,9.298104,6.775763,7.467429,17.314529,18.167651,19.553830,3.186201,5.694811,9.279334,25.057491,13.253309,10.179802
2026-07-22,11-15-51,two_teams_slower1,2026-07-22T11:15:51.989885+08:00,2026-07-22T11:17:22.006488+08:00,2026-07-22T11:22:22.029801+08:00,390.040,5,0,1.658480,1.415255,1.131593,2.404589,4.373221,4.292950,0.405642,0.434666,0.655354,0.414329,0.492274,0.311234
2026-07-22,11-29-19,two_teams_slower1,2026-07-22T11:29:19.346566+08:00,2026-07-22T11:30:49.359622+08:00,2026-07-22T11:35:49.451017+08:00,390.104,22,5,10.268055,9.487975,13.479940,7.408054,7.322988,5.003783,0.422519,0.417589,0.458527,0.409927,0.490877,0.304775
2026-07-22,11-36-48,two_teams_slower1,2026-07-22T11:36:48.367365+08:00,2026-07-22T11:38:18.378558+08:00,2026-07-22T11:43:18.492657+08:00,390.125,0,0,0.464290,0.350194,0.349076,0.379539,0.385184,0.279991,12.505453,5.158966,5.142144,2.363761,9.815510,4.105768
2026-07-22,11-44-24,two_teams_slower1,2026-07-22T11:44:24.340753+08:00,2026-07-22T11:45:54.365773+08:00,2026-07-22T11:50:54.496622+08:00,390.156,4,0,0.517108,0.378429,0.364523,0.408888,0.396082,0.295605,0.402973,0.439106,0.418129,0.426864,0.510587,0.331737
2026-07-22,11-51-45,two_teams_slower1,2026-07-22T11:51:45.814282+08:00,2026-07-22T11:53:15.856602+08:00,2026-07-22T11:58:15.943542+08:00,390.129,0,0,1.361325,1.473217,1.000986,4.340259,3.610832,3.842907,0.379711,0.411246,0.397002,0.404837,0.482158,0.310632
2026-07-22,11-59-11,two_teams_slower1,2026-07-22T11:59:11.239793+08:00,2026-07-22T12:00:41.268430+08:00,2026-07-22T12:05:41.449107+08:00,390.209,9,0,1.421963,3.772337,1.872002,3.795661,4.186258,3.531142,0.422137,0.427814,0.407656,0.412903,0.502392,0.324677
2026-07-22,12-11-44,two_teams_slower1,2026-07-22T12:11:44.095165+08:00,2026-07-22T12:13:14.123295+08:00,2026-07-22T12:18:14.248038+08:00,390.153,6,0,6.799421,6.292602,3.065447,12.758318,6.662890,3.550181,7.044600,6.454603,9.709700,11.209300,6.982048,11.257574
2026-07-22,12-19-46,two_teams_slower1,2026-07-22T12:19:46.726590+08:00,2026-07-22T12:21:16.735506+08:00,2026-07-22T12:26:16.870474+08:00,390.144,7,0,2.093796,4.177023,7.620336,20.296313,19.577665,17.011728,3.004687,4.302908,4.816954,11.227024,6.898158,10.531917
2026-07-22,12-27-44,two_teams_slower1,2026-07-22T12:27:44.165839+08:00,2026-07-22T12:29:14.174150+08:00,2026-07-22T12:34:14.300694+08:00,390.135,27,32,8.419610,6.918067,3.132305,9.014939,5.288088,10.624001,7.056456,11.247745,15.131687,7.269755,26.429197,24.546984
2026-07-22,12-35-50,two_teams_slower1,2026-07-22T12:35:50.289375+08:00,2026-07-22T12:37:20.297420+08:00,2026-07-22T12:42:20.366834+08:00,390.077,0,0,8.316144,4.827211,4.967613,18.971179,6.484529,6.209051,7.622720,6.229152,4.759949,9.775611,14.587723,18.208291
2026-07-22,12-43-14,two_teams_slower1,2026-07-22T12:43:14.974739+08:00,2026-07-22T12:44:44.999912+08:00,2026-07-22T12:49:45.108654+08:00,390.134,75,46,7.200373,9.710460,16.201535,11.535931,12.325881,5.801790,12.264299,8.909851,12.531575,11.486313,13.361584,14.554761
2026-07-22,12-50-52,two_teams_slower1,2026-07-22T12:50:52.468923+08:00,2026-07-22T12:52:22.479310+08:00,2026-07-22T12:57:22.603536+08:00,390.135,135,5,7.294147,8.154288,8.256578,10.442108,16.953832,17.385187,4.513996,5.613577,8.670348,24.903790,17.128604,14.954011
2026-07-22,12-58-34,two_teams_slower1,2026-07-22T12:58:34.239867+08:00,2026-07-22T13:00:04.266013+08:00,2026-07-22T13:05:04.383136+08:00,390.143,4,0,5.759554,2.680773,2.713798,4.203333,3.612963,3.569679,4.389120,1.933464,1.120461,2.607617,3.684943,3.706243
2026-07-22,13-06-18,two_teams_slower1,2026-07-22T13:06:18.693539+08:00,2026-07-22T13:07:48.720195+08:00,2026-07-22T13:12:48.811909+08:00,390.118,0,0,6.380221,3.890018,5.549084,9.113445,7.963496,8.106570,8.857031,5.294001,4.209105,11.604422,10.472172,12.902864
2026-07-22,13-13-46,two_teams_slower1,2026-07-22T13:13:46.901178+08:00,2026-07-22T13:15:16.909529+08:00,2026-07-22T13:20:17.024791+08:00,390.124,10,87,6.953519,3.596816,13.820519,13.617390,5.954146,7.868876,14.448427,6.895808,4.182148,13.707602,9.343992,10.099788
2026-07-22,13-25-40,two_teams_slower1,2026-07-22T13:25:40.320600+08:00,2026-07-22T13:27:10.344731+08:00,2026-07-22T13:32:10.463605+08:00,390.143,13,0,12.742845,7.708791,31.346629,9.547684,4.377345,4.845370,8.213159,5.584642,4.046871,6.099661,4.944286,22.070604
2026-07-22,13-33-09,two_teams_slower1,2026-07-22T13:33:09.509444+08:00,2026-07-22T13:34:39.537159+08:00,2026-07-22T13:39:39.656478+08:00,390.147,0,0,6.877215,6.377800,9.760089,7.234050,5.562335,7.669715,8.881614,3.855388,6.851106,15.208770,5.450841,8.088261
2026-07-22,13-41-47,two_teams_slower1,2026-07-22T13:41:47.332784+08:00,2026-07-22T13:43:17.358386+08:00,2026-07-22T13:48:17.464376+08:00,390.132,0,0,6.015298,3.993936,5.188641,9.779270,5.228467,6.799627,2.234025,0.453283,0.445026,0.416416,0.500116,0.331671
2026-07-22,13-53-40,two_teams_slower1,2026-07-22T13:53:40.880436+08:00,2026-07-22T13:55:10.890385+08:00,2026-07-22T14:00:11.013942+08:00,390.134,13,16,5.795113,7.694381,10.790106,19.555539,10.325908,15.223759,11.658952,5.304250,7.589700,13.405652,13.524239,15.828667
2026-07-22,14-01-44,two_teams_slower1,2026-07-22T14:01:44.564463+08:00,2026-07-22T14:03:14.573128+08:00,2026-07-22T14:08:14.676864+08:00,390.112,20,0,9.452296,8.022971,9.953343,12.093089,7.736481,12.759588,3.645556,6.179305,5.448961,12.045532,10.798741,30.895927
2026-07-22,14-09-16,two_teams_slower1,2026-07-22T14:09:16.708140+08:00,2026-07-22T14:10:46.717653+08:00,2026-07-22T14:15:46.874067+08:00,390.166,25,19,5.263683,7.213334,6.642048,9.134966,9.055026,11.353758,5.785030,5.854887,8.810868,11.871965,6.515108,6.033827
2026-07-22,14-17-04,two_teams_slower1,2026-07-22T14:17:04.493278+08:00,2026-07-22T14:18:34.502549+08:00,2026-07-22T14:23:34.523289+08:00,390.030,0,0,0.514745,0.378632,0.369763,0.413328,0.394203,0.287268,0.400331,0.447337,0.428291,0.437173,0.515241,0.328512
2026-07-22,14-26-54,two_teams_slower1,2026-07-22T14:26:54.423230+08:00,2026-07-22T14:28:24.463015+08:00,2026-07-22T14:33:24.600528+08:00,390.177,76,114,18.841138,11.068932,7.689785,5.668040,27.222364,12.353874,5.834296,5.170488,9.209937,8.712654,12.338787,10.238319
2026-07-22,14-34-30,two_teams_slower1,2026-07-22T14:34:30.635965+08:00,2026-07-22T14:36:00.662824+08:00,2026-07-22T14:41:00.805137+08:00,390.169,0,0,9.058535,7.031565,9.984642,9.843944,13.878125,13.579539,2.534155,1.624028,1.160437,1.884857,3.652040,3.625818
2026-07-22,14-42-00,two_teams_slower1,2026-07-22T14:42:00.080011+08:00,2026-07-22T14:43:30.104831+08:00,2026-07-22T14:48:30.229753+08:00,390.150,50,28,6.137121,4.889637,5.439538,8.803451,7.796689,7.788318,11.861875,7.996102,4.257496,5.819864,5.568302,9.229373
2026-07-22,14-49-25,two_teams_slower1,2026-07-22T14:49:25.751013+08:00,2026-07-22T14:50:55.777416+08:00,2026-07-22T14:55:55.882436+08:00,390.131,11,0,7.508732,9.979700,8.865000,8.392942,17.870917,12.529842,7.317625,7.453712,7.507909,13.157355,13.959508,12.427537
2026-07-22,14-56-54,two_teams_slower1,2026-07-22T14:56:54.502257+08:00,2026-07-22T14:58:24.529124+08:00,2026-07-22T15:03:24.624785+08:00,390.123,65,4,6.038570,6.176707,5.787484,10.824776,4.567674,4.228497,4.029698,4.841195,4.398376,5.348195,8.254187,8.772645
2026-07-22,15-06-00,two_teams_slower1,2026-07-22T15:06:00.343629+08:00,2026-07-22T15:07:30.368018+08:00,2026-07-22T15:12:30.503441+08:00,390.160,86,0,12.695915,11.117014,14.488505,12.711648,6.267424,24.767651,6.270960,6.596109,3.920958,6.584395,5.371018,7.401274
2026-07-22,15-13-37,two_teams_slower1,2026-07-22T15:13:37.129327+08:00,2026-07-22T15:15:07.136741+08:00,2026-07-22T15:20:07.234342+08:00,390.105,0,0,5.166506,4.621999,6.908757,7.083051,11.979149,9.597475,6.460226,2.203428,3.181182,3.401142,4.788767,4.118222
2026-07-22,15-21-07,two_teams_slower1,2026-07-22T15:21:07.827057+08:00,2026-07-22T15:22:37.836315+08:00,2026-07-22T15:27:37.948344+08:00,390.121,75,9,8.926329,7.263398,3.598498,15.459709,8.069136,7.049737,11.969649,5.702273,5.397922,4.997536,9.108169,17.202783
2026-07-22,15-28-36,two_teams_slower1,2026-07-22T15:28:36.087055+08:00,2026-07-22T15:30:06.095837+08:00,2026-07-22T15:35:06.219151+08:00,390.132,22,38,9.023466,8.694489,8.347224,24.088247,5.129621,4.496036,9.981120,5.864523,9.968810,11.143061,12.623624,19.772779
2026-07-22,15-36-18,two_teams_slower1,2026-07-22T15:36:18.404588+08:00,2026-07-22T15:37:48.429840+08:00,2026-07-22T15:42:48.525612+08:00,390.121,56,71,9.513893,9.196743,15.339921,13.438912,16.436660,10.817274,7.055003,14.909101,11.141992,8.197542,35.354374,25.141270
2026-07-22,15-44-09,two_teams_slower1,2026-07-22T15:44:09.922535+08:00,2026-07-22T15:45:39.948698+08:00,2026-07-22T15:50:40.057617+08:00,390.135,72,23,12.816008,14.108890,8.345079,14.130704,26.378006,18.285745,5.847127,5.060401,5.300542,9.833734,21.590193,10.889129
2026-07-22,15-51-44,two_teams_slower1,2026-07-22T15:51:44.372644+08:00,2026-07-22T15:53:14.380529+08:00,2026-07-22T15:58:14.473935+08:00,390.101,8,60,7.589102,6.456403,6.051142,4.781420,13.416169,16.558831,4.811606,4.972695,5.735365,17.251994,7.019304,8.435680
2026-07-22,15-59-19,two_teams_slower1,2026-07-22T15:59:19.406360+08:00,2026-07-22T16:00:49.415971+08:00,2026-07-22T16:04:06.448990+08:00,287.043,0,0,0.370270,0.293455,0.289179,0.316610,0.304997,0.208346,0.284165,0.331353,0.312135,0.319550,0.378748,0.248033
2026-07-22,16-04-52,two_teams_slower1,2026-07-22T16:04:52.383595+08:00,2026-07-22T16:05:28.770502+08:00,2026-07-22T16:10:41.327091+08:00,348.943,80,53,8.077037,5.478325,10.159447,13.177920,7.044935,3.539042,7.444995,12.054273,11.521881,20.329039,10.528821,35.873830
2026-07-22,16-20-53,two_teams_slower1,2026-07-22T16:20:53.985307+08:00,2026-07-22T16:20:55.319736+08:00,2026-07-22T16:25:55.479644+08:00,301.494,17,150,0.365690,0.266229,0.260723,0.290355,0.282168,0.207894,9.793720,16.096642,10.340735,20.818792,4.477293,3.758244
2026-07-22,16-27-36,two_teams_slower1,2026-07-22T16:27:36.249640+08:00,2026-07-22T16:29:06.280236+08:00,2026-07-22T16:34:13.688469+08:00,397.439,133,299,8.619834,6.802735,8.491222,13.547667,6.844678,16.682342,10.797815,16.365895,21.640486,39.920850,3.858109,3.546065
2026-07-22,16-35-17,two_teams_slower1,2026-07-22T16:35:17.267039+08:00,2026-07-22T16:35:20.328143+08:00,2026-07-22T16:40:20.463505+08:00,303.196,116,16,8.165918,8.966712,5.373257,15.436691,12.206016,25.974327,1.633789,0.377620,0.321982,0.318651,0.382545,0.242669
2026-07-22,16-41-20,two_teams_slower1,2026-07-22T16:41:20.487146+08:00,2026-07-22T16:42:50.498845+08:00,2026-07-22T16:47:50.579968+08:00,390.093,176,0,8.473722,13.731840,8.352252,26.690543,16.980984,52.356323,6.723448,7.753111,8.270695,14.674287,5.872306,13.251057
2026-07-22,16-49-09,two_teams_slower1,2026-07-22T16:49:09.841330+08:00,2026-07-22T16:50:39.865164+08:00,2026-07-22T16:55:39.997324+08:00,390.156,33,176,2.545237,6.716869,4.572923,8.121928,4.540166,7.981850,5.939761,13.161377,15.591615,20.149977,3.706722,8.195007
2026-07-22,16-56-41,two_teams_slower1,2026-07-22T16:56:41.529873+08:00,2026-07-22T16:56:43.423032+08:00,2026-07-22T17:04:44.307620+08:00,482.778,119,42,11.181615,11.112108,20.104005,16.867156,35.194903,7.054001,6.191416,19.881606,13.888434,10.014203,7.251758,11.030149
2026-07-22,17-05-52,two_teams_slower1,2026-07-22T17:05:52.400157+08:00,2026-07-22T17:06:08.110807+08:00,2026-07-22T17:12:38.693136+08:00,406.293,206,18,6.629609,12.959935,10.431678,10.884906,28.981563,26.085665,4.512039,3.522869,1.606863,2.799373,3.887040,3.744493
2026-07-22,17-13-42,two_teams_slower1,2026-07-22T17:13:42.746983+08:00,2026-07-22T17:13:53.824199+08:00,2026-07-22T17:18:53.962581+08:00,311.216,84,47,8.869046,7.681042,10.930866,11.787752,37.832817,12.610503,11.626219,13.479882,18.850650,14.480701,26.626251,24.730322
2026-07-22,17-19-49,two_teams_slower1,2026-07-22T17:19:49.901407+08:00,2026-07-22T17:19:51.029302+08:00,2026-07-22T17:24:51.191525+08:00,301.290,178,64,8.993308,12.810329,13.738105,19.022989,16.741660,17.179693,6.983210,14.055206,24.450905,26.468791,35.454432,26.492160
2026-07-22,17-25-57,two_teams_slower1,2026-07-22T17:25:57.294911+08:00,2026-07-22T17:25:57.988174+08:00,2026-07-22T17:30:58.169988+08:00,300.875,1292,2375,4.012491,14.001775,14.883032,27.748515,23.876777,12.528432,13.327123,7.351848,7.304528,9.819507,26.499012,19.042312
2026-07-22,17-32-30,two_teams_slower1,2026-07-22T17:32:30.218462+08:00,2026-07-22T17:32:32.410849+08:00,2026-07-22T17:37:32.537000+08:00,302.319,124,38,6.721597,10.029477,20.599409,12.909537,16.415283,9.610693,5.246902,7.020021,7.512651,13.984565,11.991112,9.966852
2026-07-22,17-38-38,two_teams_slower1,2026-07-22T17:38:38.378063+08:00,2026-07-22T17:38:39.853047+08:00,2026-07-22T17:43:39.987219+08:00,301.609,90,197,7.167265,7.391772,4.920455,10.444438,12.552981,8.285275,9.334538,8.192175,8.879706,23.427802,14.583027,8.809020
2026-07-22,17-44-43,two_teams_slower1,2026-07-22T17:44:43.087731+08:00,2026-07-22T17:44:46.195904+08:00,2026-07-22T17:49:46.255541+08:00,303.168,151,24,5.522825,7.323985,7.604552,11.797032,4.963151,6.715191,4.174168,2.891588,2.350479,2.935163,3.625562,3.604986
2026-07-22,17-50-47,two_teams_slower1,2026-07-22T17:50:47.873590+08:00,2026-07-22T17:50:48.093753+08:00,2026-07-22T17:55:48.189657+08:00,300.316,104,20,6.095016,5.830829,9.434543,10.273142,6.407178,15.436659,10.283114,12.151627,6.351365,6.012528,8.683960,12.917039
2026-07-22,17-56-58,two_teams_slower1,2026-07-22T17:56:58.820040+08:00,2026-07-22T17:58:20.196816+08:00,2026-07-22T18:03:20.343573+08:00,381.524,13,80,5.256820,4.993306,5.067738,13.542601,10.738322,11.284991,7.572042,8.875765,10.567833,15.334343,4.793651,4.120692
2026-07-22,18-04-32,two_teams_slower1,2026-07-22T18:04:32.198276+08:00,2026-07-22T18:06:02.222029+08:00,2026-07-22T18:11:02.359295+08:00,390.161,13,93,7.451863,3.851031,5.425834,7.571605,7.388093,5.619767,2.175646,3.528611,4.430795,7.401912,3.735682,3.529284
2026-07-22,18-14-52,two_teams_slower1,2026-07-22T18:14:52.956935+08:00,2026-07-22T18:15:16.230268+08:00,2026-07-22T18:20:16.375612+08:00,323.419,50,94,3.889852,6.633276,4.096809,9.982220,7.951757,15.462144,2.926608,13.317420,12.905954,25.114151,6.763685,4.254954
2026-07-22,18-23-01,two_teams_slower1,2026-07-22T18:23:01.151995+08:00,2026-07-22T18:24:31.159063+08:00,2026-07-22T18:29:31.286881+08:00,390.135,9,20,7.788566,8.146801,5.726559,5.638534,9.455032,12.057209,6.405807,6.153707,2.049859,4.917501,11.290616,18.868473
2026-07-22,18-30-43,two_teams_slower1,2026-07-22T18:30:43.395353+08:00,2026-07-22T18:30:57.120193+08:00,2026-07-22T18:35:57.278014+08:00,313.883,107,14,9.548062,8.835694,6.431262,5.687632,5.215685,4.811275,0.347146,0.329790,0.306837,0.319526,0.395424,0.250239
2026-07-22,18-37-34,two_teams_slower1,2026-07-22T18:37:34.334232+08:00,2026-07-22T18:39:04.345584+08:00,2026-07-22T18:44:04.471292+08:00,390.137,15,0,14.075472,10.504309,10.155034,14.871508,16.705935,14.949896,9.260449,10.164653,11.062567,13.626838,8.394828,10.722205
2026-07-22,18-45-04,two_teams_slower1,2026-07-22T18:45:04.885392+08:00,2026-07-22T18:45:07.179214+08:00,2026-07-22T18:50:07.354664+08:00,302.469,138,72,6.354807,8.340763,4.965379,17.266351,8.746099,4.588424,10.989063,6.581323,5.788398,10.689848,11.457302,11.755823
2026-07-22,18-51-26,two_teams_slower1,2026-07-22T18:51:26.575509+08:00,2026-07-22T18:52:56.584708+08:00,2026-07-22T18:57:56.763794+08:00,390.188,0,0,4.666317,7.017561,2.734185,10.212942,9.239766,6.333582,5.930878,2.971673,4.258089,5.610494,8.550700,4.729418
2026-07-23,10-47-17,two_teams_slower1,2026-07-23T10:47:17.502158+08:00,2026-07-23T10:48:47.501947+08:00,2026-07-23T10:53:47.791914+08:00,390.290,10,0,1.279959,0.392014,0.401078,0.402015,0.383179,0.283861,0.454768,0.429560,0.422597,0.410506,0.473968,0.318236
2026-07-23,11-22-18,two_teams_slower1,2026-07-23T11:22:18.448670+08:00,2026-07-23T11:23:48.476972+08:00,2026-07-23T11:28:48.468648+08:00,390.020,0,0,0.501447,0.384676,0.456279,0.405751,0.393111,0.291693,0.430553,0.439377,0.684745,0.432240,0.520411,0.318455
2026-07-23,11-54-39,two_teams_slower1,2026-07-23T11:54:39.668191+08:00,2026-07-23T11:56:09.704251+08:00,2026-07-23T12:01:09.767410+08:00,390.099,12,0,2.659603,1.589740,0.545249,0.418828,0.391422,0.281585,7.930266,5.712395,7.545820,11.012456,7.731394,11.085989
2026-07-23,12-02-09,two_teams_slower1,2026-07-23T12:02:09.308006+08:00,2026-07-23T12:03:39.333548+08:00,2026-07-23T12:08:39.425276+08:00,390.117,7,70,9.366901,8.949183,3.637851,6.899761,6.671817,5.687100,6.240570,10.353587,10.340837,23.542981,13.725518,26.035819
2026-07-23,12-09-36,two_teams_slower1,2026-07-23T12:09:36.850346+08:00,2026-07-23T12:11:06.859232+08:00,2026-07-23T12:17:40.953016+08:00,484.103,9,0,6.948613,8.980080,4.170384,8.154352,8.430415,11.490673,1.637320,1.505227,1.142704,2.627841,4.018799,1.706685
2026-07-23,12-18-55,two_teams_slower1,2026-07-23T12:18:55.284709+08:00,2026-07-23T12:20:25.312310+08:00,2026-07-23T12:25:25.394756+08:00,390.110,56,64,6.113808,6.230730,4.079325,6.891143,7.108288,12.329661,4.762348,14.592709,15.372830,20.474293,4.013846,5.838323
2026-07-23,12-26-18,two_teams_slower1,2026-07-23T12:26:18.802122+08:00,2026-07-23T12:27:48.828541+08:00,2026-07-23T12:32:49.041213+08:00,390.239,44,12,6.147011,5.939066,7.095919,12.370892,8.543663,16.732410,5.037426,7.004632,6.349754,24.152428,3.842186,4.890907
2026-07-23,12-33-50,two_teams_slower1,2026-07-23T12:33:50.800027+08:00,2026-07-23T12:35:20.824975+08:00,2026-07-23T12:40:20.985060+08:00,390.185,0,0,7.861561,3.326652,4.188576,2.413010,5.508837,3.445156,0.377303,0.412343,0.396923,0.407385,0.482974,0.314192
2026-07-23,12-43-41,two_teams_slower1,2026-07-23T12:43:41.529738+08:00,2026-07-23T12:45:11.561576+08:00,2026-07-23T12:50:11.628820+08:00,390.099,4,0,6.506143,5.802870,8.013872,3.699529,6.536870,7.826407,3.642859,4.845963,3.905124,4.947446,5.211502,6.902719
2026-07-23,12-51-27,two_teams_slower1,2026-07-23T12:51:27.844692+08:00,2026-07-23T12:52:57.854390+08:00,2026-07-23T12:57:57.952107+08:00,390.107,63,4,11.710974,7.585156,8.445939,12.367784,6.478387,7.442766,3.947341,4.561563,8.789614,15.404701,12.223056,16.476426
2026-07-23,12-59-01,two_teams_slower1,2026-07-23T12:59:01.049022+08:00,2026-07-23T13:00:31.057880+08:00,2026-07-23T13:05:31.156825+08:00,390.108,18,67,4.977858,12.656028,7.201507,24.639671,24.903884,19.944546,3.019651,4.169723,6.114530,7.749786,7.594164,8.671979
2026-07-23,13-06-37,two_teams_slower1,2026-07-23T13:06:37.563748+08:00,2026-07-23T13:08:07.589187+08:00,2026-07-23T13:14:09.928117+08:00,452.364,204,0,7.340273,11.992038,7.134874,20.993253,12.249761,9.340000,13.318874,6.176731,5.015529,4.924454,15.174402,11.348510
2026-07-23,13-15-14,two_teams_slower1,2026-07-23T13:15:14.139081+08:00,2026-07-23T13:16:44.147375+08:00,2026-07-23T13:21:44.266813+08:00,390.128,20,0,7.018353,5.736625,3.863193,15.898243,13.983410,11.899342,7.691933,9.538285,7.471942,13.731743,6.517859,11.828942
2026-07-23,13-22-40,two_teams_slower1,2026-07-23T13:22:40.433261+08:00,2026-07-23T13:24:10.458042+08:00,2026-07-23T13:29:10.525268+08:00,390.092,0,0,0.443132,0.350618,0.335961,0.381141,0.359457,0.264759,8.651610,5.827404,6.589617,12.765034,11.136988,21.868729
2026-07-23,13-35-49,two_teams_slower1,2026-07-23T13:35:49.435232+08:00,2026-07-23T13:37:19.446741+08:00,2026-07-23T13:42:19.520611+08:00,390.085,6,0,12.094909,5.833088,7.342172,7.248615,9.677997,13.476949,5.344599,9.116677,10.278528,8.281751,5.901614,12.657883
2026-07-23,13-43-34,two_teams_slower1,2026-07-23T13:43:34.556921+08:00,2026-07-23T13:44:57.915629+08:00,2026-07-23T13:49:58.033263+08:00,383.476,44,60,14.122653,7.792662,6.666808,10.920395,17.528562,14.551280,8.802699,8.784616,3.453337,6.708321,9.615455,15.999788
2026-07-23,13-51-04,two_teams_slower1,2026-07-23T13:51:04.686794+08:00,2026-07-23T13:52:34.711603+08:00,2026-07-23T13:57:34.817800+08:00,390.131,6,0,6.643252,4.461446,10.425136,10.337558,19.144875,16.424272,0.394796,0.414067,0.405344,0.404802,0.497763,0.317616
2026-07-23,14-04-45,two_teams_slower1,2026-07-23T14:04:45.786631+08:00,2026-07-23T14:06:15.794696+08:00,2026-07-23T14:11:15.860106+08:00,390.073,0,4,2.277937,5.195738,5.352166,25.220719,15.606663,4.436734,0.400694,0.415232,0.455606,0.399218,0.485456,0.311549
2026-07-23,14-13-17,two_teams_slower1,2026-07-23T14:13:17.768066+08:00,2026-07-23T14:14:47.796105+08:00,2026-07-23T14:19:47.916842+08:00,390.149,8,0,16.842194,7.718275,6.543797,10.019388,8.250441,16.026572,3.578788,1.398133,1.016284,1.886042,3.923387,3.483222
2026-07-23,14-20-44,two_teams_slower1,2026-07-23T14:20:44.373289+08:00,2026-07-23T14:21:51.883236+08:00,2026-07-23T14:26:51.955728+08:00,367.582,86,0,5.638071,9.966930,7.161993,15.658561,25.626624,17.107186,8.461242,6.484925,12.979396,19.055601,10.497384,7.980104
2026-07-23,14-28-09,two_teams_slower1,2026-07-23T14:28:09.908756+08:00,2026-07-23T14:29:39.916894+08:00,2026-07-23T14:34:40.031828+08:00,390.123,79,0,7.164558,10.329028,12.421815,22.042812,20.520262,9.703935,2.791691,5.973119,9.875190,15.821925,12.692794,22.241959
2026-07-23,14-35-47,two_teams_slower1,2026-07-23T14:35:47.053316+08:00,2026-07-23T14:37:17.061511+08:00,2026-07-23T14:42:17.153398+08:00,390.100,4,0,8.829753,11.544100,9.445813,15.792573,9.059934,21.230802,4.020024,2.478175,4.172950,8.642453,6.289947,8.645872
2026-07-23,14-43-31,two_teams_slower1,2026-07-23T14:43:31.064710+08:00,2026-07-23T14:44:52.457168+08:00,2026-07-23T14:50:06.381591+08:00,395.317,31,25,9.990398,7.529867,8.146554,5.406584,13.916477,15.847121,7.661378,6.216057,7.704478,8.074007,7.032626,12.715550
2026-07-23,14-51-06,two_teams_slower1,2026-07-23T14:51:06.690068+08:00,2026-07-23T14:52:26.299127+08:00,2026-07-23T14:57:26.393996+08:00,379.704,4,0,7.996175,6.402714,11.839900,15.209702,5.003803,12.270269,4.010484,5.108010,8.197178,6.416690,7.994084,6.159508
2026-07-23,14-58-31,two_teams_slower1,2026-07-23T14:58:31.790491+08:00,2026-07-23T14:58:51.534943+08:00,2026-07-23T15:03:51.636928+08:00,319.846,114,292,12.355441,7.517820,11.011096,12.740866,12.027023,20.972736,13.584042,12.717656,12.115132,29.013052,6.319468,19.401117
2026-07-23,15-08-55,two_teams_slower1,2026-07-23T15:08:55.754024+08:00,2026-07-23T15:10:25.761416+08:00,2026-07-23T15:15:25.866842+08:00,390.113,45,74,12.129492,9.059967,16.761701,5.640962,15.552250,26.520481,17.540484,10.203878,6.323748,8.670499,16.062437,30.651683
2026-07-23,15-16-29,two_teams_slower1,2026-07-23T15:16:29.455194+08:00,2026-07-23T15:17:59.478929+08:00,2026-07-23T15:22:59.581366+08:00,390.126,84,0,15.957079,10.941572,7.681186,6.578651,17.624769,25.283061,5.113197,5.906566,3.735445,3.614277,18.220281,18.165388
2026-07-23,15-33-08,two_teams_slower1,2026-07-23T15:33:08.082767+08:00,2026-07-23T15:34:38.106976+08:00,2026-07-23T15:39:38.265781+08:00,390.183,15,0,1.340392,1.287646,1.059052,0.417646,0.392896,0.273880,4.566887,4.470743,4.984155,14.171557,7.502806,7.150698
2026-07-23,15-40-39,two_teams_slower1,2026-07-23T15:40:39.876939+08:00,2026-07-23T15:42:09.887071+08:00,2026-07-23T15:47:10.003661+08:00,390.127,207,10,5.951879,15.151728,25.859266,22.722537,3.916649,4.003756,0.364714,0.412532,0.398390,0.406061,0.478452,0.307474
2026-07-23,15-48-32,two_teams_slower1,2026-07-23T15:48:32.093903+08:00,2026-07-23T15:50:02.119904+08:00,2026-07-23T15:55:02.195797+08:00,390.102,0,0,13.066860,11.693030,26.513264,17.252719,12.614209,39.783760,2.792310,2.874480,2.307453,2.395678,12.766033,3.890238
2026-07-23,15-56-04,two_teams_slower1,2026-07-23T15:56:04.276736+08:00,2026-07-23T15:57:34.286525+08:00,2026-07-23T16:02:34.371299+08:00,390.095,47,0,4.988348,16.382842,6.355213,38.803493,35.703888,24.866784,11.250180,10.168244,9.400995,16.354880,21.913111,13.729900
2026-07-23,16-03-31,two_teams_slower1,2026-07-23T16:03:31.707028+08:00,2026-07-23T16:05:01.733520+08:00,2026-07-23T16:10:01.815099+08:00,390.108,96,0,16.378422,8.503593,10.082145,8.318446,7.723010,19.434538,11.907583,10.690545,18.361130,22.519389,31.054443,22.390567
2026-07-23,16-11-01,two_teams_slower1,2026-07-23T16:11:01.193485+08:00,2026-07-23T16:12:31.200666+08:00,2026-07-23T16:17:31.294048+08:00,390.101,26,0,11.452575,5.359558,9.161653,8.100492,18.729791,14.098377,11.531211,9.872973,8.596428,18.701027,20.532832,13.348357
2026-07-23,16-18-34,two_teams_slower1,2026-07-23T16:18:34.008303+08:00,2026-07-23T16:20:04.034588+08:00,2026-07-23T16:25:04.111712+08:00,390.103,11,89,25.116802,8.454359,2.424423,9.250584,20.368855,19.630019,7.792956,7.465886,6.276935,11.177964,5.921995,4.817828
2026-07-23,16-26-09,two_teams_slower1,2026-07-23T16:26:09.860981+08:00,2026-07-23T16:27:39.869289+08:00,2026-07-23T16:32:39.941080+08:00,390.080,48,79,10.279674,8.164760,4.533518,15.599673,9.509804,18.603818,7.099129,8.779203,7.580694,5.971722,6.387337,14.904869
2026-07-23,16-33-44,two_teams_slower1,2026-07-23T16:33:44.690336+08:00,2026-07-23T16:35:14.698520+08:00,2026-07-23T16:40:14.785791+08:00,390.095,11,0,4.541110,8.481839,5.937703,13.144371,13.308729,12.101204,6.478094,7.563958,8.786375,12.293794,9.033261,5.389282
2026-07-23,16-41-08,two_teams_slower1,2026-07-23T16:41:08.625488+08:00,2026-07-23T16:42:38.650393+08:00,2026-07-23T16:47:38.753656+08:00,390.128,15,53,4.830978,12.084470,4.048061,7.872767,10.314929,4.164996,4.310124,10.365866,8.620382,11.627485,13.635851,11.980554
2026-07-23,16-49-12,two_teams_slower1,2026-07-23T16:49:12.253507+08:00,2026-07-23T16:50:42.280912+08:00,2026-07-23T16:55:42.407958+08:00,390.154,5,0,4.975722,5.372342,5.903308,5.857474,8.352305,13.428181,0.424247,0.415918,0.415080,0.412216,0.480494,0.319108
2026-07-23,16-56-45,two_teams_slower1,2026-07-23T16:56:45.578977+08:00,2026-07-23T16:58:15.605990+08:00,2026-07-23T17:03:15.689394+08:00,390.110,25,6,14.173874,10.103857,15.682500,14.783441,21.743795,13.369116,11.293181,7.169799,16.121985,8.054736,15.742414,8.558079
2026-07-23,17-04-22,two_teams_slower1,2026-07-23T17:04:22.158113+08:00,2026-07-23T17:05:52.167419+08:00,2026-07-23T17:10:52.262970+08:00,390.105,153,96,4.378873,8.513025,12.311477,23.615097,8.732842,23.583572,8.847851,12.088231,8.567024,15.738557,23.417098,8.148172
2026-07-23,17-12-05,two_teams_slower1,2026-07-23T17:12:05.813182+08:00,2026-07-23T17:13:35.839420+08:00,2026-07-23T17:20:54.317861+08:00,528.505,76,11,16.429937,10.938612,10.309591,24.323103,11.094046,14.515219,5.707649,8.219287,9.484718,8.010957,15.969063,10.439222
2026-07-23,17-21-57,two_teams_slower1,2026-07-23T17:21:57.606976+08:00,2026-07-23T17:23:27.632756+08:00,2026-07-23T17:28:27.803587+08:00,390.197,44,65,9.193808,8.048161,4.773900,7.989040,11.152154,9.029942,3.996101,8.830927,5.757228,14.889528,21.548253,8.590416
2026-07-23,17-29-31,two_teams_slower1,2026-07-23T17:29:31.573673+08:00,2026-07-23T17:31:01.600517+08:00,2026-07-23T17:37:02.396952+08:00,450.823,12,42,9.278122,5.485852,7.925302,5.383192,7.161351,7.769749,3.893514,10.116797,8.581674,13.138702,11.150772,15.463181
2026-07-23,17-38-02,two_teams_slower1,2026-07-23T17:38:02.647375+08:00,2026-07-23T17:38:26.358787+08:00,2026-07-23T17:43:26.431854+08:00,323.784,61,60,11.454784,8.865583,6.348411,26.113387,9.385734,7.945906,6.077994,5.674087,1.955190,7.057124,21.126936,11.841457
2026-07-23,17-45-57,two_teams_slower1,2026-07-23T17:45:57.191716+08:00,2026-07-23T17:47:13.199702+08:00,2026-07-23T17:52:13.302750+08:00,376.111,19,0,11.023967,6.301662,2.560172,5.308477,9.003444,7.855444,5.431967,5.339542,9.004867,14.700979,5.590162,5.122215
2026-07-23,17-53-42,two_teams_slower1,2026-07-23T17:53:42.493460+08:00,2026-07-23T17:55:12.502339+08:00,2026-07-23T18:00:47.119292+08:00,424.626,0,0,0.501513,0.417068,0.404522,0.449607,0.440557,0.322449,0.477665,0.488310,0.471090,0.480845,0.571316,0.362324
2026-07-23,18-05-36,two_teams_slower1,2026-07-23T18:05:36.555511+08:00,2026-07-23T18:07:06.584121+08:00,2026-07-23T18:12:06.631687+08:00,390.076,96,151,19.078231,14.893724,8.975502,33.503878,5.373031,4.396910,5.187350,8.969229,8.478996,11.689887,27.961211,23.397897
2026-07-23,18-18-50,two_teams_slower1,2026-07-23T18:18:50.513125+08:00,2026-07-23T18:19:39.023867+08:00,2026-07-23T18:24:39.101155+08:00,348.588,80,19,9.887165,7.355733,10.458472,8.492174,4.769696,4.807217,3.883824,5.218299,8.184019,10.752796,17.518459,7.302985
2026-07-23,18-25-53,two_teams_slower1,2026-07-23T18:25:53.960881+08:00,2026-07-23T18:25:57.003294+08:00,2026-07-23T18:30:57.126251+08:00,303.165,128,15,8.240225,7.362767,6.003989,13.563391,6.623330,8.076775,1.204112,0.494133,0.308365,0.325704,0.382848,0.233778
2026-07-23,18-32-04,two_teams_slower1,2026-07-23T18:32:04.846923+08:00,2026-07-23T18:32:06.424832+08:00,2026-07-23T18:37:06.557049+08:00,301.710,91,16,8.546803,4.253478,4.411665,3.465370,6.286116,9.291942,11.937040,8.633133,8.821602,10.564849,20.300314,21.292255
2026-07-23,18-38-03,two_teams_slower1,2026-07-23T18:38:03.474870+08:00,2026-07-23T18:39:33.500395+08:00,2026-07-23T18:44:33.580304+08:00,390.105,70,25,6.110824,5.552061,5.413547,7.845671,4.603551,4.548312,10.960569,14.084424,11.331852,12.149989,24.745085,28.386099
2026-07-24,10-41-12,two_teams_slower1,2026-07-24T10:41:12.151990+08:00,2026-07-24T10:42:42.168641+08:00,2026-07-24T10:47:42.382376+08:00,390.230,7,0,0.494625,0.376754,0.365216,0.393659,0.394231,0.298995,0.419709,0.423848,0.440289,0.443955,0.481602,0.313545
2026-07-24,11-06-52,two_teams_slower1,2026-07-24T11:06:52.861638+08:00,2026-07-24T11:08:22.879248+08:00,2026-07-24T11:13:22.963524+08:00,390.102,5,0,1.654508,3.411924,1.439462,3.263931,16.988596,3.530096,1.867945,2.465831,2.327219,6.490989,14.048982,6.638526
2026-07-24,11-14-31,two_teams_slower1,2026-07-24T11:14:31.982891+08:00,2026-07-24T11:16:01.998012+08:00,2026-07-24T11:21:02.107889+08:00,390.125,16,91,10.284910,7.108821,7.907121,9.948424,20.510129,24.444704,15.073661,8.425652,16.992233,22.704940,13.901064,40.835137
2026-07-24,11-22-13,two_teams_slower1,2026-07-24T11:22:13.794439+08:00,2026-07-24T11:23:43.822237+08:00,2026-07-24T11:28:43.903670+08:00,390.109,10,28,8.587541,10.601507,11.556001,10.823294,24.603295,24.890216,7.117969,10.801034,11.913206,7.147221,32.718589,19.296173
2026-07-24,11-30-20,two_teams_slower1,2026-07-24T11:30:20.126372+08:00,2026-07-24T11:31:50.134139+08:00,2026-07-24T11:36:50.209204+08:00,390.083,38,0,5.218988,5.754089,14.722842,5.619766,11.529655,21.510248,5.939439,8.025635,15.632462,4.905099,24.029397,18.611252
2026-07-24,11-37-49,two_teams_slower1,2026-07-24T11:37:49.905514+08:00,2026-07-24T11:39:19.928683+08:00,2026-07-24T11:44:20.031853+08:00,390.126,4,18,17.909789,9.200818,23.795653,15.770065,42.486479,37.333828,13.587066,8.394416,8.321084,19.710222,23.666452,18.134221
2026-07-24,11-45-18,two_teams_slower1,2026-07-24T11:45:18.633018+08:00,2026-07-24T11:46:48.642817+08:00,2026-07-24T11:52:04.754828+08:00,406.122,29,110,1.443255,4.568028,1.194247,0.514772,0.397118,0.282075,12.184961,15.590423,25.557586,8.450109,57.429833,33.789935
2026-07-24,11-56-12,two_teams_slower1,2026-07-24T11:56:12.659098+08:00,2026-07-24T11:57:42.669851+08:00,2026-07-24T12:02:42.840351+08:00,390.181,14,0,9.317485,22.950030,9.618135,34.582444,41.885667,23.698428,6.349844,3.520121,4.882637,7.282597,4.303588,4.796304
2026-07-24,12-03-40,two_teams_slower1,2026-07-24T12:03:40.777993+08:00,2026-07-24T12:05:10.787449+08:00,2026-07-24T12:10:10.860863+08:00,390.083,0,0,1.455579,1.368414,2.090245,1.964586,3.645616,3.476011,0.404087,0.417403,0.412363,0.418676,0.490336,0.312166
2026-07-24,12-11-11,two_teams_slower1,2026-07-24T12:11:11.282709+08:00,2026-07-24T12:12:41.293214+08:00,2026-07-24T12:17:41.407669+08:00,390.125,6,0,9.355127,2.881242,6.714239,19.517771,14.919857,37.062791,0.651372,0.412464,0.393492,0.407336,0.481508,0.314655
2026-07-24,12-23-28,two_teams_slower1,2026-07-24T12:23:28.424768+08:00,2026-07-24T12:24:58.436925+08:00,2026-07-24T12:29:58.583894+08:00,390.159,112,136,5.838608,5.426794,16.004610,15.914721,13.420457,4.118066,4.136477,7.565944,12.940176,14.187759,4.302232,3.499705
2026-07-24,12-32-13,two_teams_slower1,2026-07-24T12:32:13.672575+08:00,2026-07-24T12:33:43.680385+08:00,2026-07-24T12:38:43.782912+08:00,390.110,0,0,5.672866,5.478870,5.558355,11.457135,5.939374,10.296765,1.465692,1.447376,1.147855,1.960245,12.232555,3.921101
2026-07-24,12-42-33,two_teams_slower1,2026-07-24T12:42:33.833874+08:00,2026-07-24T12:44:03.859832+08:00,2026-07-24T12:49:03.959904+08:00,390.126,12,94,6.220174,9.886769,13.598348,13.768454,10.433919,13.220450,6.243805,15.428383,8.337494,14.267785,13.875296,40.104458
2026-07-24,12-50-11,two_teams_slower1,2026-07-24T12:50:11.975412+08:00,2026-07-24T12:51:42.000798+08:00,2026-07-24T12:56:42.125155+08:00,390.150,0,0,7.769256,4.464989,9.224135,8.344438,8.376380,14.059701,6.101248,4.710715,4.468092,13.023569,7.661159,8.857514
2026-07-24,12-57-59,two_teams_slower1,2026-07-24T12:57:59.097000+08:00,2026-07-24T12:59:29.106549+08:00,2026-07-24T13:04:29.206138+08:00,390.109,15,34,11.957179,4.628923,7.166337,13.969738,15.487939,20.236448,8.688658,6.118797,6.074452,8.463134,7.421260,9.142895
2026-07-24,13-14-41,two_teams_slower1,2026-07-24T13:14:41.104979+08:00,2026-07-24T13:16:11.115693+08:00,2026-07-24T13:21:11.207954+08:00,390.103,7,4,18.305083,10.894730,11.556774,8.270370,9.474027,26.351876,10.422035,9.514250,5.987935,7.821280,10.656881,7.727393
2026-07-24,13-24-41,two_teams_slower1,2026-07-24T13:24:41.249412+08:00,2026-07-24T13:26:11.259191+08:00,2026-07-24T13:31:11.447875+08:00,390.198,6,0,7.677611,4.748146,4.163442,4.303315,8.856238,5.352413,5.646419,7.949005,13.899761,18.417910,8.661860,4.889991
2026-07-24,13-32-15,two_teams_slower1,2026-07-24T13:32:15.346085+08:00,2026-07-24T13:33:45.373627+08:00,2026-07-24T13:39:03.412017+08:00,408.066,28,63,8.072839,11.053255,11.017013,11.583988,24.030710,31.652372,4.306343,7.364368,8.896099,8.882432,16.503559,15.493405
2026-07-24,13-40-14,two_teams_slower1,2026-07-24T13:40:14.945003+08:00,2026-07-24T13:41:44.969317+08:00,2026-07-24T13:47:05.013426+08:00,410.068,20,42,8.679993,7.998728,7.701781,10.070370,11.906626,15.715765,6.689995,4.040624,5.492833,11.493760,8.357111,6.829108
2026-07-24,13-48-27,two_teams_slower1,2026-07-24T13:48:27.912207+08:00,2026-07-24T13:49:57.922755+08:00,2026-07-24T13:54:58.097602+08:00,390.185,29,0,12.312266,9.549169,18.549955,11.061471,11.053265,9.043919,2.899730,8.651512,24.433750,8.171960,20.887035,17.029965
2026-07-24,13-56-02,two_teams_slower1,2026-07-24T13:56:02.696363+08:00,2026-07-24T13:57:32.722407+08:00,2026-07-24T14:02:32.809101+08:00,390.113,12,24,9.964974,5.608547,9.303752,7.257044,14.385311,20.830059,11.574633,8.960207,14.026564,9.675144,13.513105,7.664563
2026-07-24,14-03-57,two_teams_slower1,2026-07-24T14:03:57.770179+08:00,2026-07-24T14:05:27.796580+08:00,2026-07-24T14:10:27.904590+08:00,390.134,4,0,8.974616,3.805133,5.016979,11.820457,10.052013,14.575547,6.738651,5.513331,14.914155,14.909993,15.822980,9.212192
2026-07-24,14-12-04,two_teams_slower1,2026-07-24T14:12:04.044098+08:00,2026-07-24T14:13:34.052991+08:00,2026-07-24T14:18:34.161365+08:00,390.117,146,90,6.004491,7.785023,7.118171,19.482527,8.345852,21.492354,10.450348,10.705729,14.513879,10.427331,19.902452,19.036402
2026-07-24,14-19-52,two_teams_slower1,2026-07-24T14:19:52.235025+08:00,2026-07-24T14:21:22.242956+08:00,2026-07-24T14:26:22.334530+08:00,390.100,0,0,8.336222,4.521894,6.774193,7.726451,10.542279,7.243354,5.696722,2.719973,4.184162,5.630394,3.686426,3.995116
2026-07-24,14-27-29,two_teams_slower1,2026-07-24T14:27:29.285258+08:00,2026-07-24T14:28:59.314231+08:00,2026-07-24T14:33:59.503031+08:00,390.218,12,0,8.831161,6.875889,5.881984,7.266511,13.741434,6.047487,3.146935,16.033779,18.822983,18.369428,30.663502,15.824061
2026-07-24,14-34-57,two_teams_slower1,2026-07-24T14:34:57.373200+08:00,2026-07-24T14:36:27.397912+08:00,2026-07-24T14:41:27.597667+08:00,390.224,5,40,7.126920,5.799858,12.296635,7.971303,22.658231,47.096868,4.253681,8.072564,10.507610,9.611634,10.072745,11.641688
2026-07-24,14-42-57,two_teams_slower1,2026-07-24T14:42:57.480630+08:00,2026-07-24T14:44:27.488505+08:00,2026-07-24T14:49:57.272462+08:00,419.792,15,0,3.951637,14.122776,26.241033,18.265041,21.587491,15.085498,7.949179,20.328129,24.409814,33.050430,11.142926,25.537367
2026-07-24,14-51-12,two_teams_slower1,2026-07-24T14:51:12.664224+08:00,2026-07-24T14:52:42.672956+08:00,2026-07-24T14:57:42.775170+08:00,390.111,7,69,4.464332,7.206031,10.686416,26.448129,21.209588,10.262430,4.764454,4.936865,3.769579,10.751755,9.589358,8.123142
2026-07-24,14-59-00,two_teams_slower1,2026-07-24T14:59:00.543570+08:00,2026-07-24T15:00:30.569225+08:00,2026-07-24T15:05:30.665269+08:00,390.122,0,0,30.053013,4.296535,3.480008,11.238614,22.773581,17.188897,8.837427,8.015080,6.545081,14.479258,24.819665,12.071454
2026-07-24,15-06-35,two_teams_slower1,2026-07-24T15:06:35.912315+08:00,2026-07-24T15:08:05.938563+08:00,2026-07-24T15:13:06.008727+08:00,390.096,57,98,7.723831,9.908161,16.184132,25.178326,20.332318,18.448437,14.816123,15.245398,13.768443,44.768365,26.121529,28.389356
2026-07-24,15-14-55,two_teams_slower1,2026-07-24T15:14:55.660894+08:00,2026-07-24T15:16:25.668979+08:00,2026-07-24T15:21:25.845401+08:00,390.185,11,69,9.159800,19.862231,15.288001,7.053187,24.182408,20.883077,15.073836,6.409206,4.334398,20.657612,16.146090,34.349626
2026-07-24,15-22-41,two_teams_slower1,2026-07-24T15:22:41.385349+08:00,2026-07-24T15:24:11.409133+08:00,2026-07-24T15:29:31.849810+08:00,410.464,64,94,11.342463,3.538032,4.442496,6.453060,6.983413,19.541504,6.192610,8.082955,9.497193,9.729336,12.638408,11.765227
2026-07-24,15-30-33,two_teams_slower1,2026-07-24T15:30:33.521897+08:00,2026-07-24T15:32:03.552258+08:00,2026-07-24T15:37:03.663641+08:00,390.142,35,42,4.600808,5.368361,4.977970,6.495403,12.948418,11.373132,10.534756,6.976177,7.562575,11.081764,9.022082,5.803416
2026-07-24,15-38-05,two_teams_slower1,2026-07-24T15:38:05.701411+08:00,2026-07-24T15:39:35.709057+08:00,2026-07-24T15:44:35.858910+08:00,390.157,98,74,10.581354,6.446811,9.251146,18.130240,8.238046,16.516365,4.155702,6.545602,6.070837,13.989332,17.992740,10.605944
2026-07-24,15-45-50,two_teams_slower1,2026-07-24T15:45:50.460440+08:00,2026-07-24T15:47:20.484775+08:00,2026-07-24T15:52:20.575732+08:00,390.115,46,0,6.712731,12.232697,13.552579,22.909280,4.098062,4.902958,7.467280,5.818568,6.499796,25.482505,8.067708,9.667541
2026-07-24,15-53-32,two_teams_slower1,2026-07-24T15:53:32.954968+08:00,2026-07-24T15:55:02.963643+08:00,2026-07-24T16:00:03.076640+08:00,390.122,12,0,4.242587,3.553900,3.164860,11.289209,8.793070,13.287249,2.890409,6.755797,9.260975,10.773803,25.304547,16.111432
2026-07-24,16-01-19,two_teams_slower1,2026-07-24T16:01:19.011883+08:00,2026-07-24T16:02:49.021061+08:00,2026-07-24T16:07:49.111005+08:00,390.099,10,0,9.606387,5.314847,7.522694,12.478550,3.885592,3.944043,2.400120,8.258142,4.027368,18.077090,11.225688,17.247114
2026-07-24,16-08-55,two_teams_slower1,2026-07-24T16:08:55.329336+08:00,2026-07-24T16:10:25.338962+08:00,2026-07-24T16:15:49.877459+08:00,414.548,67,4,5.083311,11.694976,15.225345,14.999140,8.434980,18.171178,7.504858,6.732788,5.907158,7.179035,15.657786,22.826502
2026-07-24,16-17-15,two_teams_slower1,2026-07-24T16:17:15.886558+08:00,2026-07-24T16:18:45.896899+08:00,2026-07-24T16:23:46.070846+08:00,390.184,89,0,9.260316,9.287432,10.480690,22.955677,3.675947,4.519030,1.643107,2.136542,3.556966,3.236060,6.151486,6.210761
2026-07-24,16-24-46,two_teams_slower1,2026-07-24T16:24:46.248643+08:00,2026-07-24T16:25:10.143684+08:00,2026-07-24T16:30:24.132459+08:00,337.884,96,81,9.833200,7.709288,10.944175,6.970375,10.338588,13.316212,4.037764,3.546451,10.397284,22.051364,3.689540,3.487334
2026-07-24,16-31-22,two_teams_slower1,2026-07-24T16:31:22.315397+08:00,2026-07-24T16:32:52.340968+08:00,2026-07-24T16:37:52.420243+08:00,390.105,30,51,19.838467,30.646349,20.621289,26.200555,24.457101,25.370079,4.721203,7.339249,5.130636,16.320072,11.372337,15.216807
2026-07-24,16-38-52,two_teams_slower1,2026-07-24T16:38:52.125529+08:00,2026-07-24T16:40:22.149548+08:00,2026-07-24T16:45:41.692278+08:00,409.567,36,0,9.542881,7.853863,13.583881,36.298565,18.597557,6.954787,5.561075,8.987644,10.415198,8.213223,9.973151,17.268514
2026-07-24,16-46-56,two_teams_slower1,2026-07-24T16:46:56.505229+08:00,2026-07-24T16:47:33.313454+08:00,2026-07-24T16:52:33.409299+08:00,336.904,138,162,16.998140,10.076888,14.102637,20.504897,3.766804,3.590764,15.483239,6.434305,5.969356,16.449710,6.689554,3.944856
2026-07-24,16-53-36,two_teams_slower1,2026-07-24T16:53:36.776772+08:00,2026-07-24T16:55:06.803523+08:00,2026-07-24T17:00:19.820827+08:00,403.044,0,87,12.187755,9.432681,17.408061,33.983126,17.336985,10.667267,18.024236,12.847190,6.276868,22.097152,8.088798,18.643366
2026-07-24,17-01-46,two_teams_slower1,2026-07-24T17:01:46.703612+08:00,2026-07-24T17:01:52.295321+08:00,2026-07-24T17:06:52.396990+08:00,305.693,85,7,6.320374,5.398236,7.924187,15.161261,9.115465,11.589847,3.499858,2.184740,1.201406,7.224784,6.112368,4.535527
2026-07-24,17-07-51,two_teams_slower1,2026-07-24T17:07:51.870923+08:00,2026-07-24T17:08:50.382157+08:00,2026-07-24T17:14:31.027866+08:00,399.157,74,51,4.490047,3.746225,8.979331,10.408455,9.572562,13.136736,7.783144,4.795908,9.150051,13.725671,10.486476,8.769721
2026-07-24,17-15-31,two_teams_slower1,2026-07-24T17:15:31.194633+08:00,2026-07-24T17:15:56.771143+08:00,2026-07-24T17:20:56.867591+08:00,325.673,124,7,2.250567,6.030372,6.709715,19.657515,39.778009,26.639575,5.761814,8.234331,15.705443,17.752238,20.731634,6.637565
2026-07-24,17-22-06,two_teams_slower1,2026-07-24T17:22:06.307410+08:00,2026-07-24T17:22:21.282807+08:00,2026-07-24T17:27:21.390243+08:00,315.083,123,53,9.027619,14.201544,12.099399,21.180142,14.708477,33.580893,5.942588,6.880065,10.961692,9.385134,16.015010,10.740207
2026-07-24,17-28-36,two_teams_slower1,2026-07-24T17:28:36.540205+08:00,2026-07-24T17:29:11.032122+08:00,2026-07-24T17:34:11.253303+08:00,334.713,35,0,25.997785,18.857527,23.644165,16.443938,48.943138,39.414818,17.074247,4.607630,6.658167,5.765461,9.713244,10.392468
2026-07-24,17-35-26,two_teams_slower1,2026-07-24T17:35:26.527267+08:00,2026-07-24T17:36:56.536021+08:00,2026-07-24T17:41:56.634214+08:00,390.107,79,22,11.524700,8.927650,11.236397,6.004712,11.532396,7.282787,7.507789,5.917286,5.969041,13.692882,13.907358,13.988692
2026-07-24,17-43-07,two_teams_slower1,2026-07-24T17:43:07.263402+08:00,2026-07-24T17:43:09.054826+08:00,2026-07-24T17:48:29.517872+08:00,322.254,89,127,10.446193,5.611697,4.393151,8.224264,10.428377,8.114340,3.922797,6.128017,2.866989,4.241994,10.498754,11.309051
2026-07-24,17-51-30,two_teams_slower1,2026-07-24T17:51:30.776343+08:00,2026-07-24T17:51:34.950569+08:00,2026-07-24T17:56:35.065159+08:00,304.289,7,0,7.767451,5.766178,5.918911,15.314606,13.285034,20.184106,8.448898,5.612230,7.251201,15.372179,13.446097,12.369008
2026-07-24,17-57-34,two_teams_slower1,2026-07-24T17:57:34.986879+08:00,2026-07-24T17:57:45.062474+08:00,2026-07-24T18:02:45.168108+08:00,310.181,101,13,6.022582,4.743325,3.400497,5.899620,11.029254,9.654671,9.572739,8.678056,9.316958,17.064182,5.881640,6.081286
2026-07-24,18-08-38,two_teams_slower1,2026-07-24T18:08:38.874883+08:00,2026-07-24T18:08:41.980906+08:00,2026-07-24T18:13:42.090912+08:00,303.216,35,34,6.070522,5.824206,2.515486,11.240321,20.538781,19.313768,5.230040,4.086117,4.781450,7.590318,4.602063,3.794428
2026-07-24,18-16-48,two_teams_slower1,2026-07-24T18:16:48.426797+08:00,2026-07-24T18:16:50.254213+08:00,2026-07-24T18:21:50.345145+08:00,301.918,38,0,5.335398,6.680306,3.315044,7.197674,16.291466,11.208696,1.374267,1.305043,0.944175,2.276415,3.626495,3.391567
2026-07-24,18-22-56,two_teams_slower1,2026-07-24T18:22:56.034457+08:00,2026-07-24T18:23:05.028114+08:00,2026-07-24T18:28:05.098169+08:00,309.064,93,74,9.153751,6.114513,18.946515,9.101757,19.340319,6.898918,4.612725,5.919636,3.770027,11.820824,14.688806,11.417994
2026-07-24,18-29-12,two_teams_slower1,2026-07-24T18:29:12.890626+08:00,2026-07-24T18:29:50.982372+08:00,2026-07-24T18:34:51.066087+08:00,338.175,31,30,2.802182,3.766258,2.657638,4.730514,7.075366,12.079347,2.829885,4.181995,4.530987,8.722689,12.976877,10.681089
2026-07-24,18-35-58,two_teams_slower1,2026-07-24T18:35:58.157133+08:00,2026-07-24T18:36:00.348635+08:00,2026-07-24T18:41:00.480786+08:00,302.324,155,73,6.362281,3.878131,4.924083,8.119568,3.549004,3.460751,7.205820,6.185955,3.107939,8.844167,12.907300,4.969067
2026-07-24,18-46-07,two_teams_slower1,2026-07-24T18:46:07.600825+08:00,2026-07-24T18:46:20.626000+08:00,2026-07-24T18:51:20.767901+08:00,313.167,13,0,7.494433,7.779338,5.660663,8.580996,9.409928,4.912507,7.016136,4.586894,3.863447,4.045827,9.223466,13.198206
2026-07-24,18-52-36,two_teams_slower1,2026-07-24T18:52:36.906365+08:00,2026-07-24T19:02:54.416101+08:00,2026-07-24T19:03:05.096368+08:00,628.190,0,0,0.758012,0.662364,0.609097,0.674708,0.651297,0.495014,0.506445,0.746487,0.795625,0.746804,0.819374,0.566182
2026-07-25,10-45-22,two_teams_slower1,2026-07-25T10:45:22.696549+08:00,2026-07-25T10:46:52.697687+08:00,2026-07-25T10:51:52.888122+08:00,390.192,10,4,0.541262,0.372169,0.368538,0.396629,0.371787,0.294845,0.411312,0.425966,0.438366,0.406730,0.498543,0.325472
2026-07-25,11-08-16,two_teams_slower1,2026-07-25T11:08:16.628042+08:00,2026-07-25T11:09:46.664566+08:00,2026-07-25T11:14:46.802188+08:00,390.174,41,0,2.171047,3.936381,3.000832,5.071082,4.104449,3.453344,0.423983,0.415137,0.607932,0.404358,0.481096,0.306061
2026-07-25,11-16-18,two_teams_slower1,2026-07-25T11:16:18.416995+08:00,2026-07-25T11:17:48.428174+08:00,2026-07-25T11:23:13.047883+08:00,414.631,13,50,13.368033,10.331923,7.067419,7.957753,17.715516,16.852667,4.360507,5.409824,4.551349,5.317803,11.279324,14.338820
2026-07-25,11-27-03,two_teams_slower1,2026-07-25T11:27:03.408396+08:00,2026-07-25T11:28:33.433189+08:00,2026-07-25T11:33:33.548112+08:00,390.140,10,24,10.766616,5.580013,2.924574,7.829264,6.614801,23.460721,6.274989,6.537297,10.045493,18.974835,8.092326,8.105451
2026-07-25,11-34-36,two_teams_slower1,2026-07-25T11:34:36.768550+08:00,2026-07-25T11:34:40.209750+08:00,2026-07-25T11:39:40.356638+08:00,303.588,203,42,6.698985,6.954906,7.540590,18.976874,5.732116,5.541845,12.343479,12.327353,15.050985,24.171417,3.897417,3.692512
2026-07-25,11-44-17,two_teams_slower1,2026-07-25T11:44:17.540581+08:00,2026-07-25T11:45:47.548677+08:00,2026-07-25T11:50:47.621644+08:00,390.081,55,4,6.773028,5.049417,5.759569,16.007298,5.792907,6.987547,2.719229,4.156217,4.143505,13.442826,6.258716,6.998028
2026-07-25,11-53-08,two_teams_slower1,2026-07-25T11:53:08.615596+08:00,2026-07-25T11:54:38.640499+08:00,2026-07-25T11:59:38.773412+08:00,390.158,34,66,6.005965,7.140105,4.795330,7.844540,9.582587,9.210075,8.490696,7.013487,5.671870,11.287305,11.096282,12.433994
2026-07-25,12-00-41,two_teams_slower1,2026-07-25T12:00:41.428325+08:00,2026-07-25T12:00:54.888878+08:00,2026-07-25T12:05:55.007770+08:00,313.579,68,9,7.030236,6.506798,11.105817,15.396921,11.615899,14.219519,13.063650,5.194939,5.778670,2.528632,9.616316,9.623529
2026-07-25,12-06-52,two_teams_slower1,2026-07-25T12:06:52.863763+08:00,2026-07-25T12:07:19.406010+08:00,2026-07-25T12:12:19.514819+08:00,326.651,52,54,6.595443,9.772776,11.532655,15.805252,8.584467,23.440809,7.849360,11.826302,15.820127,18.826498,3.675000,7.839421
2026-07-25,12-13-53,two_teams_slower1,2026-07-25T12:13:53.620185+08:00,2026-07-25T12:14:42.378997+08:00,2026-07-25T12:19:42.461378+08:00,348.841,4,0,3.768797,4.248715,3.531368,7.139701,7.600451,5.043176,5.787773,3.301573,3.007714,3.025662,6.670872,10.596133
2026-07-25,12-20-41,two_teams_slower1,2026-07-25T12:20:41.175221+08:00,2026-07-25T12:22:11.184886+08:00,2026-07-25T12:27:11.273285+08:00,390.098,0,0,6.027566,6.614644,5.809295,6.907714,10.528476,5.860966,5.539643,4.934389,3.059588,6.969042,7.978450,9.699953
2026-07-25,12-28-06,two_teams_slower1,2026-07-25T12:28:06.680305+08:00,2026-07-25T12:29:36.703676+08:00,2026-07-25T12:34:36.786869+08:00,390.107,5,0,13.564369,8.238200,5.733018,10.495745,5.559116,4.413107,7.919236,3.043536,2.530053,5.087219,8.807777,5.016959
2026-07-25,12-35-36,two_teams_slower1,2026-07-25T12:35:36.302885+08:00,2026-07-25T12:35:39.528325+08:00,2026-07-25T12:40:39.694893+08:00,303.392,157,19,9.986523,14.474543,9.095479,19.775815,3.690804,4.329512,4.190208,9.103733,10.637092,9.833594,3.743354,3.558932
2026-07-25,12-41-39,two_teams_slower1,2026-07-25T12:41:39.354675+08:00,2026-07-25T12:43:09.379097+08:00,2026-07-25T12:48:09.499243+08:00,390.145,59,0,10.057962,6.558136,13.353166,10.375716,4.312174,3.465302,0.409872,0.412092,0.394920,0.409612,0.474489,0.308088
2026-07-25,12-49-45,two_teams_slower1,2026-07-25T12:49:45.476124+08:00,2026-07-25T12:51:15.486106+08:00,2026-07-25T12:56:15.624135+08:00,390.148,49,0,6.998638,4.089278,4.946362,6.623259,4.537751,4.074686,6.751337,7.425499,8.189626,21.810512,16.024707,18.698854
2026-07-25,12-57-17,two_teams_slower1,2026-07-25T12:57:17.701956+08:00,2026-07-25T12:57:21.728055+08:00,2026-07-25T13:02:21.882081+08:00,304.180,93,12,4.039852,4.450184,6.034806,7.229096,7.943779,8.470172,5.750771,3.344805,9.231296,13.777405,5.318090,11.456756
2026-07-25,13-03-21,two_teams_slower1,2026-07-25T13:03:21.351933+08:00,2026-07-25T13:03:23.561408+08:00,2026-07-25T13:08:23.716730+08:00,302.365,84,14,7.682177,9.658922,10.142855,21.278425,11.073064,12.655638,4.997715,11.656531,2.550243,11.977223,11.775272,9.697014
2026-07-25,13-09-22,two_teams_slower1,2026-07-25T13:09:22.036017+08:00,2026-07-25T13:09:22.812562+08:00,2026-07-25T13:14:22.995865+08:00,300.960,117,32,11.577578,7.146605,14.179306,22.145359,10.342842,4.512624,4.468083,9.066073,7.258692,6.245188,9.461427,11.507342
2026-07-25,13-15-23,two_teams_slower1,2026-07-25T13:15:23.086859+08:00,2026-07-25T13:16:13.280949+08:00,2026-07-25T13:19:10.877976+08:00,227.791,91,0,3.328172,4.894994,6.277347,12.013340,6.360148,3.515758,1.734586,4.643195,8.555295,4.255743,3.484668,3.336775
2026-07-25,13-28-15,two_teams_slower1,2026-07-25T13:28:15.088441+08:00,2026-07-25T13:29:45.092665+08:00,2026-07-25T13:34:45.275616+08:00,390.187,27,72,17.785766,10.517825,13.279751,17.546416,28.037842,8.657956,7.218076,10.921634,9.263494,8.446181,7.864970,20.145864
2026-07-25,13-35-45,two_teams_slower1,2026-07-25T13:35:45.973519+08:00,2026-07-25T13:37:15.996743+08:00,2026-07-25T13:44:00.376026+08:00,494.403,14,81,8.150419,9.254678,8.325640,11.121412,16.198356,10.266960,11.335254,8.834974,14.872911,9.152336,7.182389,11.285713
2026-07-25,13-44-58,two_teams_slower1,2026-07-25T13:44:58.339781+08:00,2026-07-25T13:45:26.664886+08:00,2026-07-25T13:50:26.889870+08:00,328.550,39,49,9.639275,6.202312,9.566073,10.177683,8.066909,7.249078,4.160264,6.306658,13.214358,28.890007,6.847217,7.311051
2026-07-25,13-51-31,two_teams_slower1,2026-07-25T13:51:31.295282+08:00,2026-07-25T13:53:01.320358+08:00,2026-07-25T13:58:01.511759+08:00,390.216,53,64,3.481655,6.854002,6.446285,5.832354,10.453575,10.189188,8.662603,7.831308,2.281097,13.305743,10.668257,12.396908
2026-07-25,13-59-03,two_teams_slower1,2026-07-25T13:59:03.645604+08:00,2026-07-25T14:00:33.652818+08:00,2026-07-25T14:05:33.776628+08:00,390.131,278,101,11.139201,8.052525,12.490059,16.786867,21.926886,25.799876,9.625850,9.466375,6.410831,14.120527,9.118215,11.927342
2026-07-25,14-06-43,two_teams_slower1,2026-07-25T14:06:43.048376+08:00,2026-07-25T14:08:13.058528+08:00,2026-07-25T14:13:13.184161+08:00,390.136,10,0,13.795268,2.314901,1.194332,1.913030,6.040383,3.776668,7.146687,7.745530,12.246559,16.949527,14.347124,13.223398
2026-07-25,14-14-14,two_teams_slower1,2026-07-25T14:14:14.992109+08:00,2026-07-25T14:15:45.018359+08:00,2026-07-25T14:20:45.147322+08:00,390.155,49,4,6.042941,9.171705,11.725827,20.702691,13.786956,11.024452,8.457893,13.526863,5.723716,22.461841,11.806595,16.413301
2026-07-25,14-21-55,two_teams_slower1,2026-07-25T14:21:55.133068+08:00,2026-07-25T14:23:25.142537+08:00,2026-07-25T14:28:25.292194+08:00,390.159,85,7,17.249154,11.784359,16.895194,22.124645,7.507502,5.472044,3.643871,12.513399,18.838674,19.938960,12.805925,29.849504
2026-07-25,14-29-24,two_teams_slower1,2026-07-25T14:29:24.923141+08:00,2026-07-25T14:30:54.948624+08:00,2026-07-25T14:35:55.060142+08:00,390.137,56,69,10.652927,8.337745,5.618138,14.655148,16.659474,6.028655,3.117837,5.281975,6.311258,14.285020,12.890370,8.727406
2026-07-25,14-37-22,two_teams_slower1,2026-07-25T14:37:22.178135+08:00,2026-07-25T14:38:52.202938+08:00,2026-07-25T14:43:52.323484+08:00,390.145,114,94,5.474327,9.085968,11.379978,22.033868,6.181498,10.151837,16.792003,10.510107,11.109967,23.215027,22.837725,16.489522
2026-07-25,14-45-07,two_teams_slower1,2026-07-25T14:45:07.501528+08:00,2026-07-25T14:46:37.510803+08:00,2026-07-25T14:51:37.642189+08:00,390.141,10,0,15.309651,11.943863,5.982884,10.034362,7.448887,24.591533,11.014179,10.937796,20.720686,19.020396,16.734632,9.939628
2026-07-25,14-52-32,two_teams_slower1,2026-07-25T14:52:32.409951+08:00,2026-07-25T14:54:02.418477+08:00,2026-07-25T14:59:02.553201+08:00,390.143,70,93,20.692974,20.409959,31.426655,16.860201,15.459509,17.193681,6.890953,9.544832,12.438995,27.888571,22.111244,13.556791
2026-07-25,14-59-58,two_teams_slower1,2026-07-25T14:59:58.057589+08:00,2026-07-25T15:01:09.665732+08:00,2026-07-25T15:06:09.814566+08:00,371.757,14,0,7.208490,11.699952,22.893780,23.729692,22.762859,35.215373,8.850739,12.964549,7.191458,4.149060,21.398338,26.135550
2026-07-25,15-07-08,two_teams_slower1,2026-07-25T15:07:08.147408+08:00,2026-07-25T15:07:14.656308+08:00,2026-07-25T15:12:25.701249+08:00,317.554,162,47,10.994053,5.649885,21.319154,17.358899,13.296899,50.195899,7.668511,10.192607,16.365224,31.387891,28.526224,28.964602
2026-07-25,15-13-29,two_teams_slower1,2026-07-25T15:13:29.602192+08:00,2026-07-25T15:13:32.027747+08:00,2026-07-25T15:18:32.162691+08:00,302.560,119,16,11.917323,8.708067,31.041398,33.883676,9.719194,52.335167,5.772921,11.957562,12.770651,11.506342,18.156703,28.632451
2026-07-25,15-19-40,two_teams_slower1,2026-07-25T15:19:40.897830+08:00,2026-07-25T15:19:48.007359+08:00,2026-07-25T15:25:10.803416+08:00,329.906,133,110,9.948458,11.889556,23.299897,33.630806,33.383551,11.153834,12.330998,9.953709,18.672419,30.856427,9.768685,11.225937
2026-07-25,15-26-18,two_teams_slower1,2026-07-25T15:26:18.451936+08:00,2026-07-25T15:27:48.477251+08:00,2026-07-25T15:32:48.548629+08:00,390.097,45,0,7.304794,16.552591,24.610937,22.110927,21.780296,31.560085,12.694149,18.115125,6.433335,27.489292,24.536083,38.075526
2026-07-25,15-33-44,two_teams_slower1,2026-07-25T15:33:44.052212+08:00,2026-07-25T15:35:14.061409+08:00,2026-07-25T15:40:14.155768+08:00,390.104,19,89,12.229469,5.830792,3.488590,6.670546,19.337364,18.398229,9.806370,11.584145,13.542757,44.343876,14.330226,32.960530
2026-07-25,15-41-16,two_teams_slower1,2026-07-25T15:41:16.575100+08:00,2026-07-25T15:42:46.602533+08:00,2026-07-25T15:50:23.278990+08:00,546.704,96,0,20.166344,12.682063,13.481302,23.511256,14.301296,28.662715,10.530135,11.010138,10.998242,10.750051,22.488265,24.945388
2026-07-25,15-51-24,two_teams_slower1,2026-07-25T15:51:24.472511+08:00,2026-07-25T15:52:54.481914+08:00,2026-07-25T15:57:54.697021+08:00,390.225,82,5,12.842340,10.848832,11.890335,11.269108,9.725246,26.336921,9.291728,12.402013,24.388842,19.576428,35.545474,14.363612
2026-07-25,15-58-56,two_teams_slower1,2026-07-25T15:58:56.317393+08:00,2026-07-25T16:00:26.326841+08:00,2026-07-25T16:07:11.557477+08:00,495.240,82,0,7.400204,10.663231,11.935330,6.363272,9.217165,17.752888,10.373220,5.062837,8.488967,8.349526,24.260563,16.135857
2026-07-25,16-08-17,two_teams_slower1,2026-07-25T16:08:17.156601+08:00,2026-07-25T16:09:47.180712+08:00,2026-07-25T16:14:47.312613+08:00,390.156,71,60,12.151709,9.620072,10.951678,31.429626,22.154336,29.809424,7.418184,6.160240,5.278287,11.074479,26.927825,22.360697
2026-07-25,16-15-53,two_teams_slower1,2026-07-25T16:15:53.139291+08:00,2026-07-25T16:17:23.146882+08:00,2026-07-25T16:22:23.319421+08:00,390.180,67,148,7.145977,7.733377,9.375800,18.498718,13.477337,18.923548,3.829660,13.001675,23.151539,24.096157,9.445627,12.041707
2026-07-25,16-23-45,two_teams_slower1,2026-07-25T16:23:45.073359+08:00,2026-07-25T16:23:54.216226+08:00,2026-07-25T16:28:54.385643+08:00,309.312,79,45,5.886336,6.515699,5.726166,7.244496,7.618881,8.939103,7.478668,5.824212,7.146058,6.547761,9.859586,18.452945
2026-07-25,16-29-54,two_teams_slower1,2026-07-25T16:29:54.560499+08:00,2026-07-25T16:30:09.202471+08:00,2026-07-25T16:35:27.654154+08:00,333.094,105,37,8.067205,8.855679,10.966563,8.814757,23.375214,44.897516,14.262705,16.445696,16.499023,8.507426,11.438878,35.052508
2026-07-25,16-36-28,two_teams_slower1,2026-07-25T16:36:28.635561+08:00,2026-07-25T16:36:39.560503+08:00,2026-07-25T16:41:39.706929+08:00,311.071,171,52,15.603056,16.026221,14.346190,28.584848,11.314182,11.789381,15.986809,11.303597,16.224568,21.585542,32.752150,29.594637
2026-07-25,16-42-43,two_teams_slower1,2026-07-25T16:42:43.772153+08:00,2026-07-25T16:42:44.432072+08:00,2026-07-25T16:56:46.685199+08:00,842.913,220,112,11.659877,12.150029,14.267521,5.887843,6.758344,17.009024,10.350297,12.903927,23.952494,9.106518,25.369112,29.483293
2026-07-25,16-57-49,two_teams_slower1,2026-07-25T16:57:49.827887+08:00,2026-07-25T16:59:19.852739+08:00,2026-07-25T17:04:20.053185+08:00,390.225,41,64,13.249897,18.262166,6.749740,26.512382,26.271697,38.330174,26.184242,8.423793,14.191096,25.044048,25.196870,28.239559
2026-07-25,17-05-25,two_teams_slower1,2026-07-25T17:05:25.094278+08:00,2026-07-25T17:06:55.104471+08:00,2026-07-25T17:11:55.218465+08:00,390.124,33,7,12.827656,11.796138,25.792729,17.396071,21.350261,18.098716,12.422184,10.793065,13.147877,12.450389,23.406106,13.195798
2026-07-25,17-12-53,two_teams_slower1,2026-07-25T17:12:53.703098+08:00,2026-07-25T17:14:23.729255+08:00,2026-07-25T17:19:44.702414+08:00,410.999,106,209,18.274486,14.314842,19.548557,14.627998,13.095076,31.199429,10.137957,11.560589,14.569827,32.257767,31.188278,17.163419
2026-07-25,17-20-53,two_teams_slower1,2026-07-25T17:20:53.194158+08:00,2026-07-25T17:22:23.204422+08:00,2026-07-25T17:27:23.328540+08:00,390.134,98,60,19.667029,15.248175,14.815612,44.066627,10.404209,34.485300,19.250390,16.320442,14.843142,19.376039,21.084355,10.199986
2026-07-25,17-28-28,two_teams_slower1,2026-07-25T17:28:28.181973+08:00,2026-07-25T17:29:22.441417+08:00,2026-07-25T17:34:22.608052+08:00,354.426,33,174,4.244005,8.264989,6.887712,5.998293,6.792256,24.881314,14.553603,10.551257,11.541471,21.980892,10.332865,35.032561
2026-07-25,17-35-31,two_teams_slower1,2026-07-25T17:35:31.691461+08:00,2026-07-25T17:37:01.717757+08:00,2026-07-25T17:42:01.898715+08:00,390.207,60,54,14.383917,8.519496,14.645434,20.623466,11.019314,18.975018,8.864791,12.727741,12.294025,9.646390,35.934742,26.162666
2026-07-25,17-43-06,two_teams_slower1,2026-07-25T17:43:06.667983+08:00,2026-07-25T17:44:36.676151+08:00,2026-07-25T17:49:36.860451+08:00,390.192,105,5,25.888208,13.124137,20.967354,41.628001,12.931425,28.428384,8.094364,5.443042,6.739600,12.285902,10.646717,8.474791
2026-07-25,17-50-37,two_teams_slower1,2026-07-25T17:50:37.494516+08:00,2026-07-25T17:52:07.520247+08:00,2026-07-25T17:57:07.678781+08:00,390.184,12,153,5.491598,18.569968,13.051602,12.064500,11.700692,22.289692,11.579073,10.542694,8.007831,23.083677,18.579287,13.186191
2026-07-25,17-58-12,two_teams_slower1,2026-07-25T17:58:12.946812+08:00,2026-07-25T17:58:21.155583+08:00,2026-07-25T18:03:21.309532+08:00,308.363,139,9,6.303223,11.695736,12.670475,16.646995,15.190713,12.570160,5.876225,11.291830,4.871632,16.869968,24.781105,14.325078
2026-07-25,18-04-15,two_teams_slower1,2026-07-25T18:04:15.865472+08:00,2026-07-25T18:05:45.872656+08:00,2026-07-25T18:12:11.627330+08:00,475.762,73,20,13.870189,9.187145,16.705184,19.288240,10.477568,10.106276,6.431014,4.563599,8.126958,2.887636,7.067509,11.306157
2026-07-25,18-13-40,two_teams_slower1,2026-07-25T18:13:40.926218+08:00,2026-07-25T18:15:10.952385+08:00,2026-07-25T18:20:11.038059+08:00,390.112,15,0,5.011314,6.990962,2.334855,6.903294,6.947803,9.157255,4.892291,5.683841,4.230568,7.521527,9.330633,6.844317
2026-07-25,18-21-08,two_teams_slower1,2026-07-25T18:21:08.535441+08:00,2026-07-25T18:22:38.544644+08:00,2026-07-25T18:27:38.675950+08:00,390.141,29,45,19.690750,6.738377,4.910511,5.967953,7.418667,9.357093,9.058296,7.079752,4.686180,7.785277,19.114631,16.294392
2026-07-25,18-28-43,two_teams_slower1,2026-07-25T18:28:43.839507+08:00,2026-07-25T18:30:13.849276+08:00,2026-07-25T18:35:13.962381+08:00,390.123,5,0,8.318471,19.870461,10.192927,5.669352,12.185599,25.364361,8.915873,4.939212,5.924450,10.637638,7.484572,7.068599
2026-07-25,18-36-34,two_teams_slower1,2026-07-25T18:36:34.377008+08:00,2026-07-25T18:38:04.402626+08:00,2026-07-25T18:44:28.472699+08:00,474.096,60,0,5.253482,5.731209,5.367820,10.268169,5.534560,8.714746,7.993041,5.211872,6.708858,11.664392,10.019716,15.522048
2026-07-26,16-12-56,two_teams_slower1,2026-07-26T16:12:56.398390+08:00,2026-07-26T16:14:26.414850+08:00,2026-07-26T16:19:26.583384+08:00,390.185,0,0,7.122755,8.042546,13.272932,8.468285,9.684206,34.792517,10.645578,14.358002,11.084716,16.067196,9.469152,13.896453
2026-07-26,16-20-26,two_teams_slower1,2026-07-26T16:20:26.998345+08:00,2026-07-26T16:20:32.859900+08:00,2026-07-26T16:25:32.974359+08:00,305.976,269,79,10.166433,9.177177,7.363560,10.568239,14.467625,20.922342,12.014442,9.956369,17.569772,23.226017,6.451137,15.446063
2026-07-26,16-27-09,two_teams_slower1,2026-07-26T16:27:09.377590+08:00,2026-07-26T16:27:12.904533+08:00,2026-07-26T16:32:13.020045+08:00,303.642,176,50,6.395957,9.475620,11.885116,19.251663,3.735452,3.507818,9.708744,6.625330,10.549887,11.799401,3.954330,9.626644
2026-07-26,16-33-11,two_teams_slower1,2026-07-26T16:33:11.218074+08:00,2026-07-26T16:33:15.743847+08:00,2026-07-26T16:38:15.869932+08:00,304.652,294,17,11.365875,10.898711,23.257989,27.974941,3.679328,3.568069,10.100173,5.869201,8.788431,12.047919,8.618585,13.470396
2026-07-26,16-39-21,two_teams_slower1,2026-07-26T16:39:21.577354+08:00,2026-07-26T16:39:35.789218+08:00,2026-07-26T16:44:35.949660+08:00,314.372,91,101,9.699360,7.846445,11.236945,27.198898,16.583630,4.012258,15.513634,6.751609,19.030010,18.440318,6.489058,10.647364
2026-07-26,16-45-34,two_teams_slower1,2026-07-26T16:45:34.764994+08:00,2026-07-26T16:45:52.206861+08:00,2026-07-26T16:50:52.307043+08:00,317.542,103,8,8.261792,9.507479,20.473750,14.466266,5.682584,46.769021,8.824452,6.788501,11.156698,7.787529,16.750488,18.928580
2026-07-26,16-52-03,two_teams_slower1,2026-07-26T16:52:03.897082+08:00,2026-07-26T16:52:12.074760+08:00,2026-07-26T16:57:12.170907+08:00,308.274,207,24,12.805714,13.222676,21.630240,36.873736,4.123879,3.878701,9.873310,11.853158,15.992767,21.621228,41.805821,22.960864
2026-07-26,16-58-23,two_teams_slower1,2026-07-26T16:58:23.106714+08:00,2026-07-26T16:59:39.983337+08:00,2026-07-26T17:04:40.102952+08:00,376.996,55,106,13.655963,18.806603,16.948856,30.506114,16.705629,23.079826,5.221550,16.653275,16.486625,23.356062,15.242694,21.684128
2026-07-26,17-05-51,two_teams_slower1,2026-07-26T17:05:51.508605+08:00,2026-07-26T17:06:14.182049+08:00,2026-07-26T17:11:14.301254+08:00,322.793,62,109,0.964555,0.314088,0.294961,0.341672,0.314174,0.231718,12.662244,7.817182,14.668998,20.239174,5.592419,7.564589
2026-07-26,17-12-32,two_teams_slower1,2026-07-26T17:12:32.618339+08:00,2026-07-26T17:12:35.333528+08:00,2026-07-26T17:17:35.460870+08:00,302.843,126,97,21.015115,3.959806,4.761487,6.488718,7.473306,6.537310,6.495515,8.454427,6.875325,17.637285,5.547411,4.047537
2026-07-26,17-18-35,two_teams_slower1,2026-07-26T17:18:35.994236+08:00,2026-07-26T17:18:40.658957+08:00,2026-07-26T17:23:40.738842+08:00,304.745,111,13,5.779949,8.247071,10.417683,29.120029,3.642463,3.647042,7.067745,7.596349,7.485323,17.607548,3.757532,4.011319
2026-07-26,17-24-51,two_teams_slower1,2026-07-26T17:24:51.871306+08:00,2026-07-26T17:24:56.928439+08:00,2026-07-26T17:29:57.094098+08:00,305.223,103,14,6.032483,13.957794,9.368643,14.666602,25.629989,11.368255,3.795953,5.417565,3.526998,11.272482,23.403399,37.754907
2026-07-26,17-31-05,two_teams_slower1,2026-07-26T17:31:05.676422+08:00,2026-07-26T17:31:25.034496+08:00,2026-07-26T17:36:25.150015+08:00,319.474,62,12,9.881068,10.287730,9.853236,4.966326,12.366719,16.156570,3.634177,10.376306,4.773807,6.328358,10.698373,25.874379
2026-07-26,17-38-11,two_teams_slower1,2026-07-26T17:38:11.872514+08:00,2026-07-26T17:38:59.698341+08:00,2026-07-26T17:45:44.120173+08:00,452.248,66,39,8.719110,12.186349,9.580954,22.038231,28.867311,23.566860,6.217389,8.817677,4.386127,7.531214,8.310906,32.552188
2026-07-26,17-47-11,two_teams_slower1,2026-07-26T17:47:11.322451+08:00,2026-07-26T17:48:41.349612+08:00,2026-07-26T17:53:41.466717+08:00,390.144,26,59,8.758753,7.112442,4.012266,5.339780,18.966081,31.281316,2.444395,19.700652,15.778825,11.029631,22.402416,59.026060
2026-07-26,17-54-55,two_teams_slower1,2026-07-26T17:54:55.076983+08:00,2026-07-26T17:56:02.454246+08:00,2026-07-26T18:01:02.569739+08:00,367.493,8,82,10.005932,8.158053,11.829766,10.361742,15.097482,13.584139,6.494381,10.643977,5.184711,3.861954,25.740237,38.511925
2026-07-26,18-02-03,two_teams_slower1,2026-07-26T18:02:03.715264+08:00,2026-07-26T18:03:33.739748+08:00,2026-07-26T18:08:33.824798+08:00,390.110,59,0,3.545353,5.701161,4.714925,12.974681,8.425995,19.296653,2.573568,4.092011,2.566749,3.763180,7.046232,8.101948
2026-07-26,18-09-39,two_teams_slower1,2026-07-26T18:09:39.559398+08:00,2026-07-26T18:10:13.385084+08:00,2026-07-26T18:15:13.601747+08:00,334.042,27,0,3.830439,5.431549,6.389447,14.325226,13.148843,9.474055,4.095150,4.548970,6.832291,6.640187,7.465233,9.004319
2026-07-26,18-16-59,two_teams_slower1,2026-07-26T18:16:59.787144+08:00,2026-07-26T18:18:29.795074+08:00,2026-07-26T18:23:29.919369+08:00,390.132,12,0,10.034678,6.915289,4.799612,9.155183,10.095660,8.605079,6.217812,3.950379,2.396706,8.570329,13.572450,18.290309
2026-07-26,18-24-40,two_teams_slower1,2026-07-26T18:24:40.870744+08:00,2026-07-26T18:26:10.896286+08:00,2026-07-26T18:31:10.990285+08:00,390.120,61,0,12.405142,5.469790,4.552680,3.269902,15.352811,12.883117,7.443291,4.293569,5.009327,9.323272,5.321191,8.965943
2026-07-26,18-32-13,two_teams_slower1,2026-07-26T18:32:13.654354+08:00,2026-07-26T18:33:43.679473+08:00,2026-07-26T18:38:43.749307+08:00,390.095,0,0,0.499966,0.374187,0.365500,0.404573,0.400214,0.291624,0.406279,0.428464,0.417564,0.423832,0.501548,0.324984
2026-07-27,11-06-44,two_teams_slower1,2026-07-27T11:06:44.677568+08:00,2026-07-27T11:08:14.677057+08:00,2026-07-27T11:13:14.698887+08:00,390.021,0,0,0.530728,0.382414,0.414742,0.401884,0.382960,0.301991,0.438946,0.444764,0.589712,0.420762,0.499705,0.329124
2026-07-27,11-14-11,two_teams_slower1,2026-07-27T11:14:11.301248+08:00,2026-07-27T11:15:41.343405+08:00,2026-07-27T11:20:41.529962+08:00,390.229,11,36,7.464976,8.323851,11.770517,15.126122,9.491957,7.565502,6.785253,5.681120,6.235732,14.612907,14.704856,14.689296
2026-07-27,11-21-50,two_teams_slower1,2026-07-27T11:21:50.880167+08:00,2026-07-27T11:21:52.951990+08:00,2026-07-27T11:27:07.639146+08:00,316.759,114,21,5.802655,11.460484,23.423530,30.719537,10.658593,24.553905,4.775269,9.054583,10.676107,24.770335,32.681891,16.390422
2026-07-27,11-30-09,two_teams_slower1,2026-07-27T11:30:09.121487+08:00,2026-07-27T11:31:39.150123+08:00,2026-07-27T11:37:37.397883+08:00,448.276,113,108,4.867644,8.023590,8.181271,17.223878,8.647172,8.378906,13.672604,16.409626,21.559037,23.478719,18.699065,28.802313
2026-07-27,11-43-34,two_teams_slower1,2026-07-27T11:43:34.951617+08:00,2026-07-27T11:45:04.978948+08:00,2026-07-27T11:50:05.023502+08:00,390.072,0,0,0.496577,0.377468,0.394256,0.405334,0.388771,0.288267,0.429560,0.431995,0.450933,0.425562,0.502910,0.321047
2026-07-27,12-36-49,two_teams_slower1,2026-07-27T12:36:49.892260+08:00,2026-07-27T12:38:19.922425+08:00,2026-07-27T12:46:39.444879+08:00,589.553,58,26,3.798309,4.195746,6.395371,9.889025,12.223344,6.103406,0.628285,0.682389,0.950512,0.674103,0.774747,0.508870
2026-07-27,14-23-25,two_teams_slower1,2026-07-27T14:23:25.861950+08:00,2026-07-27T14:24:55.892202+08:00,2026-07-27T14:29:56.091366+08:00,390.229,0,0,0.481176,0.410817,0.527636,0.421025,0.413706,0.299719,0.439752,0.480965,0.833386,0.450692,0.520363,0.330028
2026-07-27,16-40-56,two_teams_slower1,2026-07-27T16:40:56.605508+08:00,2026-07-27T16:42:26.648214+08:00,2026-07-27T16:47:26.690125+08:00,390.085,0,0,0.527764,0.398812,0.448511,0.416046,0.412588,0.293581,0.473496,0.489817,0.809925,0.475878,0.517066,0.398020
2026-07-27,17-20-39,two_teams_slower1,2026-07-27T17:20:39.512755+08:00,2026-07-27T17:22:09.540911+08:00,2026-07-27T17:27:09.642795+08:00,390.130,0,0,0.496880,0.391697,0.467348,0.413096,0.404580,0.299077,0.452228,0.442875,0.610797,0.443817,0.504454,0.327585
2026-07-27,17-28-20,two_teams_slower1,2026-07-27T17:28:20.125612+08:00,2026-07-27T17:29:50.147369+08:00,2026-07-27T17:34:50.382063+08:00,390.256,33,0,13.473434,8.499525,10.905369,25.816330,19.928608,32.563214,5.187812,7.740081,9.470357,37.770969,19.781198,29.788475
2026-07-27,17-50-22,two_teams_slower1,2026-07-27T17:50:22.121974+08:00,2026-07-27T17:51:52.133387+08:00,2026-07-27T17:56:52.297407+08:00,390.175,28,0,10.070522,5.151095,8.747707,9.116741,8.455244,10.758845,6.700778,4.359395,6.463840,8.524993,11.044239,9.883662
2026-07-28,10-59-21,two_teams_slower1,2026-07-28T10:59:21.129969+08:00,2026-07-28T10:59:23.679994+08:00,2026-07-28T11:04:23.876906+08:00,302.747,7,0,3.134341,0.360649,0.387102,0.315410,0.298420,0.232710,1.350259,1.275599,0.477044,0.346156,0.368377,0.236196
2026-07-28,11-05-58,two_teams_slower1,2026-07-28T11:05:58.019729+08:00,2026-07-28T11:07:28.040574+08:00,2026-07-28T11:12:28.195735+08:00,390.176,0,0,3.570239,1.470237,1.231698,1.979329,3.615028,4.282757,0.411902,0.413530,0.405419,0.411320,0.480986,0.305440
2026-07-28,11-17-26,two_teams_slower1,2026-07-28T11:17:26.169335+08:00,2026-07-28T11:18:56.180396+08:00,2026-07-28T11:26:32.843629+08:00,546.674,29,67,9.579761,3.222810,1.967942,3.226968,3.994003,10.127575,6.318113,6.515836,3.128152,5.749746,5.957932,4.124215
2026-07-28,11-27-30,two_teams_slower1,2026-07-28T11:27:30.661553+08:00,2026-07-28T11:29:00.689760+08:00,2026-07-28T11:34:00.810843+08:00,390.149,19,0,11.976509,7.770236,5.249202,3.976481,9.444848,17.040739,15.003993,11.298574,14.483195,20.226943,20.814152,14.173031
2026-07-28,11-35-26,two_teams_slower1,2026-07-28T11:35:26.912804+08:00,2026-07-28T11:36:56.937943+08:00,2026-07-28T11:41:57.070795+08:00,390.158,108,58,8.661838,6.820351,8.807513,15.718242,4.174559,3.482667,6.360241,9.450288,8.438441,13.765843,10.707397,10.606466
2026-07-28,11-43-02,two_teams_slower1,2026-07-28T11:43:02.736703+08:00,2026-07-28T11:44:32.762419+08:00,2026-07-28T11:49:44.203315+08:00,401.467,215,91,9.998380,9.992613,11.539738,20.462433,4.329211,3.627249,5.022587,8.298825,8.955484,12.728353,12.901192,12.307194
2026-07-28,11-54-26,two_teams_slower1,2026-07-28T11:54:26.451947+08:00,2026-07-28T11:55:56.479197+08:00,2026-07-28T12:00:56.572551+08:00,390.121,15,0,5.753357,6.499028,5.893455,9.111356,3.904590,4.574100,0.428122,0.411580,0.439983,0.419332,0.480997,0.307446
2026-07-28,12-02-53,two_teams_slower1,2026-07-28T12:02:53.663882+08:00,2026-07-28T12:04:23.689559+08:00,2026-07-28T12:09:23.735340+08:00,390.071,0,0,1.503182,0.617245,0.408765,0.419366,0.406651,0.291357,0.396374,0.434381,0.432871,0.430397,0.503908,0.328163
2026-07-28,12-19-07,two_teams_slower1,2026-07-28T12:19:07.005011+08:00,2026-07-28T12:20:37.044413+08:00,2026-07-28T12:25:37.158110+08:00,390.153,28,80,13.514515,4.870197,6.993622,11.466850,6.337975,7.799921,7.374961,6.212511,6.524663,17.228512,10.110339,9.643416
2026-07-28,12-26-40,two_teams_slower1,2026-07-28T12:26:40.505990+08:00,2026-07-28T12:28:10.533141+08:00,2026-07-28T12:33:10.652298+08:00,390.146,98,9,8.231343,10.706746,15.532372,24.884320,10.897618,15.348624,9.669496,5.434550,8.064262,11.979372,10.681118,12.512000
2026-07-28,12-34-12,two_teams_slower1,2026-07-28T12:34:12.874046+08:00,2026-07-28T12:34:21.733880+08:00,2026-07-28T12:39:35.371878+08:00,322.498,238,34,14.189127,17.351016,8.695634,40.118462,9.521889,13.880225,12.681684,6.057411,6.122015,20.704076,9.559528,43.210441
2026-07-28,12-40-38,two_teams_slower1,2026-07-28T12:40:38.447243+08:00,2026-07-28T12:42:08.473630+08:00,2026-07-28T12:47:08.626729+08:00,390.179,18,0,0.493144,0.361510,0.358605,0.398278,0.396029,0.285561,5.319495,4.228505,5.107296,6.164814,5.773247,4.456380
2026-07-28,12-48-03,two_teams_slower1,2026-07-28T12:48:03.558124+08:00,2026-07-28T12:48:13.336077+08:00,2026-07-28T12:53:13.513165+08:00,309.955,89,113,9.794499,6.883501,6.011494,9.961257,9.287764,7.837448,10.248380,7.849891,7.194106,14.595667,3.967718,3.523086
2026-07-28,12-54-12,two_teams_slower1,2026-07-28T12:54:12.303576+08:00,2026-07-28T12:55:42.328312+08:00,2026-07-28T13:00:42.483514+08:00,390.180,36,0,4.989625,5.972672,7.188213,10.680091,9.935092,7.918025,0.396176,0.419182,0.402482,0.404498,0.490678,0.311739
2026-07-28,13-01-39,two_teams_slower1,2026-07-28T13:01:39.436353+08:00,2026-07-28T13:03:09.463889+08:00,2026-07-28T13:08:09.534265+08:00,390.098,0,0,0.489365,0.370579,0.363511,0.412127,0.420013,0.292830,0.408803,0.430815,0.413511,0.423460,0.512156,0.318844
2026-07-28,13-12-54,two_teams_slower1,2026-07-28T13:12:54.683624+08:00,2026-07-28T13:14:24.715797+08:00,2026-07-28T13:19:24.821899+08:00,390.138,7,0,1.881615,0.446066,0.423231,0.412496,0.402344,0.294203,0.439289,0.426168,0.462381,0.420942,0.510926,0.326900
2026-07-28,13-20-18,two_teams_slower1,2026-07-28T13:20:18.414014+08:00,2026-07-28T13:21:48.430040+08:00,2026-07-28T13:26:48.477897+08:00,390.064,0,0,0.479306,0.359245,0.347961,0.396756,0.389452,0.281718,1.656365,3.701980,2.933555,5.315074,5.215033,4.161514
2026-07-28,13-28-17,two_teams_slower1,2026-07-28T13:28:17.948324+08:00,2026-07-28T13:29:47.976611+08:00,2026-07-28T13:34:48.161019+08:00,390.213,6,0,1.932951,11.598296,5.976038,8.410299,14.066079,14.057127,4.716276,6.880991,9.220623,10.309943,6.008315,14.412037
2026-07-28,13-35-48,two_teams_slower1,2026-07-28T13:35:48.047499+08:00,2026-07-28T13:35:58.090046+08:00,2026-07-28T13:40:58.267912+08:00,310.220,134,51,10.691232,11.213327,2.207134,28.582502,5.206656,4.203932,8.739106,13.285888,7.236658,26.706784,9.967559,20.553610
2026-07-28,13-42-00,two_teams_slower1,2026-07-28T13:42:00.187821+08:00,2026-07-28T13:43:30.198458+08:00,2026-07-28T13:48:30.329177+08:00,390.141,29,0,6.770070,12.608787,13.396037,18.715108,5.875721,4.030529,5.859163,6.495081,8.872376,5.226531,8.882165,13.754231
2026-07-28,13-50-21,two_teams_slower1,2026-07-28T13:50:21.579409+08:00,2026-07-28T13:51:51.606067+08:00,2026-07-28T13:56:51.755204+08:00,390.176,0,0,3.566030,3.491181,3.032628,8.505456,5.698334,5.791851,3.071684,4.442018,3.769347,6.687206,5.162247,4.983112
2026-07-28,13-58-39,two_teams_slower1,2026-07-28T13:58:39.479726+08:00,2026-07-28T14:00:09.488940+08:00,2026-07-28T14:05:09.606856+08:00,390.127,0,0,0.496073,0.370887,0.371658,0.407369,0.401184,0.288900,0.438215,0.426548,0.415442,0.419550,0.500956,0.329673
2026-07-28,14-05-58,two_teams_slower1,2026-07-28T14:05:58.713240+08:00,2026-07-28T14:07:28.726813+08:00,2026-07-28T14:12:28.835437+08:00,390.122,0,0,2.784343,1.388701,2.049233,1.902438,3.534008,1.862750,0.407184,0.422004,0.411822,0.411497,0.494047,0.327775
2026-07-28,14-13-28,two_teams_slower1,2026-07-28T14:13:28.797696+08:00,2026-07-28T14:14:58.828929+08:00,2026-07-28T14:19:58.929082+08:00,390.131,5,0,5.373395,2.073948,1.948833,1.891168,3.725654,10.203492,2.979128,3.353591,9.886277,8.637431,9.539315,24.155288
2026-07-28,14-21-02,two_teams_slower1,2026-07-28T14:21:02.297320+08:00,2026-07-28T14:22:32.321769+08:00,2026-07-28T14:27:32.504841+08:00,390.208,11,0,8.825122,4.593101,7.355380,10.631910,14.542966,13.285293,5.831961,6.835097,8.514684,8.648214,15.123699,21.798549
2026-07-28,14-28-57,two_teams_slower1,2026-07-28T14:28:57.305580+08:00,2026-07-28T14:30:27.314446+08:00,2026-07-28T14:35:27.430966+08:00,390.125,14,60,9.618768,3.726858,5.171948,8.876750,5.116638,3.643785,7.773770,5.763135,7.019370,7.795319,6.727058,9.225688
2026-07-28,14-37-56,two_teams_slower1,2026-07-28T14:37:56.833878+08:00,2026-07-28T14:39:26.860314+08:00,2026-07-28T14:44:26.991732+08:00,390.158,12,0,16.883794,5.171007,2.740835,4.793397,5.707209,8.954333,3.853583,6.746818,5.778489,19.189428,9.536808,9.711172
2026-07-28,14-45-25,two_teams_slower1,2026-07-28T14:45:25.697296+08:00,2026-07-28T14:46:55.706163+08:00,2026-07-28T14:51:55.787538+08:00,390.090,23,91,5.041345,2.630310,3.258930,5.916054,7.845110,10.353650,2.756074,8.438559,5.929182,31.109651,9.185862,10.278386
2026-07-28,14-56-35,two_teams_slower1,2026-07-28T14:56:35.075451+08:00,2026-07-28T14:58:05.098959+08:00,2026-07-28T15:03:05.224218+08:00,390.149,6,38,6.322053,4.492145,9.323985,13.000283,13.299534,19.271723,7.362998,12.564063,11.602800,22.849919,5.404062,10.913801
2026-07-28,15-04-00,two_teams_slower1,2026-07-28T15:04:00.406918+08:00,2026-07-28T15:05:30.415525+08:00,2026-07-28T15:10:30.539315+08:00,390.132,46,0,5.497919,6.681553,8.186203,25.855938,8.818227,33.314980,3.739180,4.612632,6.067189,4.235987,6.274679,13.662113
2026-07-28,15-11-37,two_teams_slower1,2026-07-28T15:11:37.904433+08:00,2026-07-28T15:13:07.929411+08:00,2026-07-28T15:18:08.024482+08:00,390.120,4,0,10.566702,8.053831,6.473576,7.687666,11.781876,13.177642,2.681729,2.194343,0.536979,0.483265,0.495287,0.316446
2026-07-28,15-19-34,two_teams_slower1,2026-07-28T15:19:34.921601+08:00,2026-07-28T15:21:04.945955+08:00,2026-07-28T15:26:05.078572+08:00,390.157,38,0,7.933045,5.923956,5.514636,9.802038,10.561396,11.177343,4.428965,6.360875,8.103363,8.900932,18.787332,11.149994
2026-07-28,15-27-12,two_teams_slower1,2026-07-28T15:27:12.971117+08:00,2026-07-28T15:28:42.980956+08:00,2026-07-28T15:33:43.049346+08:00,390.078,24,254,11.079811,5.545458,12.429055,20.003677,28.583001,23.642254,8.834491,12.647860,11.179090,30.124771,18.043653,48.114492
2026-07-28,15-34-55,two_teams_slower1,2026-07-28T15:34:55.749609+08:00,2026-07-28T15:36:25.773746+08:00,2026-07-28T15:45:40.131974+08:00,644.382,49,0,6.025473,6.915921,10.100955,19.008044,13.243984,21.977034,1.702625,2.155590,1.388296,2.329137,4.144721,4.082692
2026-07-28,15-46-38,two_teams_slower1,2026-07-28T15:46:38.406564+08:00,2026-07-28T15:48:08.416663+08:00,2026-07-28T15:53:08.546726+08:00,390.140,50,0,9.851368,4.621853,5.419838,8.221978,6.640853,13.000382,7.187226,2.067653,1.623375,2.284813,4.937779,6.098150
2026-07-28,15-54-07,two_teams_slower1,2026-07-28T15:54:07.221764+08:00,2026-07-28T15:54:30.130322+08:00,2026-07-28T16:00:11.751064+08:00,364.529,43,10,3.041287,10.355620,2.190916,9.301287,20.925152,15.332605,6.657756,23.865927,20.431488,22.463690,39.164079,24.865424
2026-07-28,16-01-10,two_teams_slower1,2026-07-28T16:01:10.893552+08:00,2026-07-28T16:02:40.917383+08:00,2026-07-28T16:07:58.420960+08:00,407.527,59,58,14.731905,20.523012,5.542111,18.662229,50.448352,42.098203,10.725028,19.169446,11.863099,41.100505,25.272346,16.055913
2026-07-28,16-09-09,two_teams_slower1,2026-07-28T16:09:09.424394+08:00,2026-07-28T16:10:39.450710+08:00,2026-07-28T16:15:39.561909+08:00,390.138,17,0,5.932596,7.165252,5.314062,6.954869,7.867525,21.372671,6.434131,9.160799,15.182332,31.741977,14.189083,13.924643
2026-07-28,16-16-37,two_teams_slower1,2026-07-28T16:16:37.534083+08:00,2026-07-28T16:18:07.558225+08:00,2026-07-28T16:23:07.640641+08:00,390.107,26,37,13.088746,7.903793,14.493210,9.895546,28.782551,18.355575,10.372318,7.013179,11.947372,11.036591,27.008137,46.300756
2026-07-28,16-24-24,two_teams_slower1,2026-07-28T16:24:24.334948+08:00,2026-07-28T16:25:54.343939+08:00,2026-07-28T16:30:54.481771+08:00,390.147,15,0,3.929639,5.340083,4.259781,5.541291,8.031478,10.929844,14.211293,6.898577,13.934821,2.791615,26.067379,29.099257
2026-07-28,16-31-51,two_teams_slower1,2026-07-28T16:31:51.946136+08:00,2026-07-28T16:33:21.953784+08:00,2026-07-28T16:38:22.051760+08:00,390.106,98,0,23.073559,7.418655,15.199676,16.363913,15.341240,12.495336,8.651726,10.109349,10.650964,7.453084,16.772380,28.959941
2026-07-28,16-39-19,two_teams_slower1,2026-07-28T16:39:19.435062+08:00,2026-07-28T16:40:49.443133+08:00,2026-07-28T16:45:49.524471+08:00,390.089,18,0,6.010881,4.824856,3.719621,4.207520,5.402318,3.657829,3.824413,1.473388,1.155926,3.131526,4.082460,3.912849
2026-07-28,16-46-50,two_teams_slower1,2026-07-28T16:46:50.424147+08:00,2026-07-28T16:48:20.450270+08:00,2026-07-28T17:02:12.342835+08:00,921.919,35,0,23.421233,21.659609,24.042681,22.774296,29.755206,41.184853,14.464752,15.245807,15.293273,19.053614,21.028035,22.897949
2026-07-28,17-03-11,two_teams_slower1,2026-07-28T17:03:11.761669+08:00,2026-07-28T17:04:41.770530+08:00,2026-07-28T17:09:41.848575+08:00,390.087,5,12,5.936079,0.483040,0.432182,0.404584,0.401662,0.280922,5.802159,5.495581,9.817245,7.782181,15.419886,24.011435
2026-07-28,17-10-42,two_teams_slower1,2026-07-28T17:10:42.705895+08:00,2026-07-28T17:12:12.731502+08:00,2026-07-28T17:17:12.821620+08:00,390.116,77,85,12.005393,13.241872,24.378433,13.631058,17.822241,40.141588,13.065863,14.528689,12.391555,9.570654,26.127692,12.740850
2026-07-28,17-18-07,two_teams_slower1,2026-07-28T17:18:07.158261+08:00,2026-07-28T17:19:37.168087+08:00,2026-07-28T17:24:37.305099+08:00,390.147,9,0,10.795896,12.638782,15.516191,13.145381,10.899025,30.002182,5.080724,3.863460,12.806377,12.519176,9.742672,19.746465
2026-07-28,17-25-46,two_teams_slower1,2026-07-28T17:25:46.808425+08:00,2026-07-28T17:27:16.816316+08:00,2026-07-28T17:32:16.905113+08:00,390.097,44,0,7.889564,9.007346,12.861589,7.906001,7.998052,20.648438,2.622098,12.582656,17.443102,14.504034,22.546000,29.248513
2026-07-28,17-33-22,two_teams_slower1,2026-07-28T17:33:22.060162+08:00,2026-07-28T17:34:52.083636+08:00,2026-07-28T17:37:15.402730+08:00,233.343,39,0,1.494733,2.770950,3.123621,1.806000,4.201726,7.488329,1.356913,2.217097,2.465462,2.228481,3.557659,3.464412
2026-07-28,17-38-24,two_teams_slower1,2026-07-28T17:38:24.397203+08:00,2026-07-28T17:39:54.398331+08:00,2026-07-28T17:44:54.605826+08:00,390.209,46,65,7.484633,5.921875,12.159416,8.055895,7.316909,16.273299,3.974599,8.156310,7.991765,7.674591,17.118848,14.983076
2026-07-28,17-45-57,two_teams_slower1,2026-07-28T17:45:57.156586+08:00,2026-07-28T17:47:27.180560+08:00,2026-07-28T17:52:27.325992+08:00,390.169,36,22,4.505936,4.894552,7.677860,9.798243,10.709158,13.604757,12.377985,11.576389,9.564579,8.000008,11.644878,15.234527
2026-07-28,17-53-32,two_teams_slower1,2026-07-28T17:53:32.122579+08:00,2026-07-28T17:55:02.149838+08:00,2026-07-28T18:00:02.271570+08:00,390.149,27,0,8.649992,11.160590,13.464129,19.539575,17.309782,14.818896,4.678165,4.990513,2.885085,12.948335,10.964197,11.870395
2026-07-28,18-00-57,two_teams_slower1,2026-07-28T18:00:57.254428+08:00,2026-07-28T18:02:27.261631+08:00,2026-07-28T18:07:27.413006+08:00,390.159,60,117,8.046596,17.015233,12.137761,12.605667,12.609234,16.008814,9.723590,10.755800,13.849934,15.341323,13.261328,7.625392
2026-07-28,18-08-33,two_teams_slower1,2026-07-28T18:08:33.331675+08:00,2026-07-28T18:10:03.359217+08:00,2026-07-28T18:15:03.476112+08:00,390.144,33,98,8.068127,9.280949,6.757580,13.031284,11.061597,18.970983,3.279614,9.611934,13.709091,14.137092,14.325872,18.883250
2026-07-28,18-16-09,two_teams_slower1,2026-07-28T18:16:09.564557+08:00,2026-07-28T18:17:39.573765+08:00,2026-07-28T18:22:39.693560+08:00,390.129,28,0,21.249024,5.807186,2.497406,3.098604,4.461125,3.497641,7.355263,11.129028,10.377671,6.107975,12.456607,7.056907
2026-07-28,18-23-34,two_teams_slower1,2026-07-28T18:23:34.996148+08:00,2026-07-28T18:25:05.005332+08:00,2026-07-28T18:30:05.129895+08:00,390.134,0,0,11.502067,2.764676,3.624500,5.652389,3.840873,4.893397,3.693747,3.571300,2.622772,3.504605,3.826650,3.568838
2026-07-28,18-31-05,two_teams_slower1,2026-07-28T18:31:05.716802+08:00,2026-07-28T18:32:35.725429+08:00,2026-07-28T18:37:35.808441+08:00,390.092,17,27,0.462103,0.356575,0.344739,0.387143,0.376381,0.271066,6.423838,4.790453,5.037774,6.267688,9.735946,9.053688
2026-07-28,18-38-56,two_teams_slower1,2026-07-28T18:38:56.017123+08:00,2026-07-28T18:40:26.043812+08:00,2026-07-28T18:47:00.713882+08:00,484.697,121,78,13.227325,13.054717,12.165662,10.705177,16.964603,15.507598,1.466253,1.473485,1.290373,2.001936,5.071979,0.410526
2026-07-29,11-47-24,two_teams_slower1,2026-07-29T11:47:24.050677+08:00,2026-07-29T11:48:54.050216+08:00,2026-07-29T11:53:54.133579+08:00,390.083,37,4,0.984488,0.373989,0.367583,0.384447,0.386679,0.293362,11.431839,0.704321,0.729257,0.524192,0.554429,0.314368
2026-07-29,11-54-48,two_teams_slower1,2026-07-29T11:54:48.086014+08:00,2026-07-29T11:56:18.099944+08:00,2026-07-29T11:58:00.383162+08:00,192.297,4,0,0.228626,0.181526,0.179795,0.193511,0.205535,0.141021,4.595538,1.256949,2.119435,1.881028,3.482739,3.686002
2026-07-29,11-58-56,two_teams_slower1,2026-07-29T11:58:56.843280+08:00,2026-07-29T12:00:26.864774+08:00,2026-07-29T12:05:26.957731+08:00,390.114,34,0,0.490461,0.353946,0.346910,0.385433,0.368836,0.270091,6.636450,6.671623,9.386072,10.727264,9.868372,9.087762
2026-07-29,12-11-57,two_teams_slower1,2026-07-29T12:11:57.337529+08:00,2026-07-29T12:13:27.354285+08:00,2026-07-29T12:18:27.453639+08:00,390.116,0,0,0.850015,0.386579,0.389547,0.405986,0.398048,0.279369,0.431775,0.424896,0.454180,0.413562,0.500139,0.321713
2026-07-29,12-19-55,two_teams_slower1,2026-07-29T12:19:55.260871+08:00,2026-07-29T12:21:25.297832+08:00,2026-07-29T12:26:25.358709+08:00,390.098,4,0,4.166986,0.437696,0.407969,0.400893,0.385862,0.281947,1.991234,4.505547,3.694170,18.000153,9.019803,14.991964
2026-07-29,12-44-19,two_teams_slower1,2026-07-29T12:44:19.878913+08:00,2026-07-29T12:45:49.906080+08:00,2026-07-29T12:50:49.923816+08:00,390.045,12,7,0.528545,0.376174,0.463117,0.401237,0.414765,0.288219,1.293715,1.695311,1.198217,2.247036,0.508242,0.323016
2026-07-29,12-57-18,two_teams_slower1,2026-07-29T12:57:18.715524+08:00,2026-07-29T12:58:48.731322+08:00,2026-07-29T13:03:48.828686+08:00,390.113,0,0,0.508494,0.358242,0.372455,0.395614,0.386974,0.282558,2.152196,1.428150,1.563152,4.360973,3.891336,3.963600
2026-07-29,13-07-22,two_teams_slower1,2026-07-29T13:07:22.822170+08:00,2026-07-29T13:08:52.834102+08:00,2026-07-29T13:13:52.917367+08:00,390.095,0,0,1.676291,0.382539,0.396587,0.396882,0.382955,0.279592,4.125389,4.470748,2.506351,4.165204,5.237618,4.567180
2026-07-29,13-18-35,two_teams_slower1,2026-07-29T13:18:35.924878+08:00,2026-07-29T13:20:05.933850+08:00,2026-07-29T13:25:06.062091+08:00,390.137,17,13,1.297679,0.367520,0.365551,0.384956,0.372239,0.271036,2.721433,3.384531,4.874278,7.496902,3.910348,3.608633
2026-07-29,13-26-03,two_teams_slower1,2026-07-29T13:26:03.202475+08:00,2026-07-29T13:27:33.233628+08:00,2026-07-29T13:32:33.266641+08:00,390.064,39,96,1.532067,0.370865,0.356319,0.383017,0.380031,0.270781,2.709257,4.276088,5.235168,15.213790,6.773566,7.957303
2026-07-29,13-38-59,two_teams_slower1,2026-07-29T13:38:59.565689+08:00,2026-07-29T13:40:29.575700+08:00,2026-07-29T13:45:29.704517+08:00,390.139,8,0,3.132067,0.437107,0.424135,0.412819,0.401407,0.291024,1.447744,1.941044,2.534268,3.039569,6.068023,5.506836
2026-07-29,13-46-25,two_teams_slower1,2026-07-29T13:46:25.040409+08:00,2026-07-29T13:47:55.050053+08:00,2026-07-29T13:52:55.220368+08:00,390.180,40,45,3.329324,0.429201,0.397630,0.388274,0.392744,0.276429,10.144421,12.334048,16.730365,43.490021,36.066182,37.080378
2026-07-29,13-54-52,two_teams_slower1,2026-07-29T13:54:52.475226+08:00,2026-07-29T13:56:22.486566+08:00,2026-07-29T14:01:22.549577+08:00,390.074,18,92,0.726167,0.365369,0.349391,0.383968,0.370360,0.264656,8.559683,13.843677,26.669678,30.783179,14.508302,18.692234
2026-07-29,14-03-41,two_teams_slower1,2026-07-29T14:03:41.616843+08:00,2026-07-29T14:05:11.628663+08:00,2026-07-29T14:10:11.700096+08:00,390.083,20,15,0.426455,0.355717,0.351027,0.384989,0.364884,0.269819,7.722218,10.300301,13.528675,13.285588,5.237619,19.279185
2026-07-29,14-12-00,two_teams_slower1,2026-07-29T14:12:00.456429+08:00,2026-07-29T14:13:30.469140+08:00,2026-07-29T14:19:12.158925+08:00,431.702,19,74,10.608163,0.649412,0.592568,0.468419,0.460856,0.308229,16.462885,12.069972,21.989235,41.314447,24.508351,41.997379
2026-07-29,14-21-47,two_teams_slower1,2026-07-29T14:21:47.173221+08:00,2026-07-29T14:23:17.200326+08:00,2026-07-29T14:28:17.390162+08:00,390.217,23,67,0.901911,0.352847,0.346709,0.388219,0.375274,0.262776,13.727727,13.350410,18.461334,13.619894,28.389643,39.307823
2026-07-29,14-30-57,two_teams_slower1,2026-07-29T14:30:57.136711+08:00,2026-07-29T14:32:27.147953+08:00,2026-07-29T14:37:27.264196+08:00,390.127,0,0,0.421501,0.345428,0.335028,0.379846,0.361240,0.267688,3.280119,6.641277,16.088755,9.849412,13.728213,16.816043
2026-07-29,14-38-49,two_teams_slower1,2026-07-29T14:38:49.099604+08:00,2026-07-29T14:40:19.130101+08:00,2026-07-29T14:45:19.234528+08:00,390.135,0,0,0.436984,0.349483,0.345661,0.374065,0.370102,0.269577,4.165214,4.793571,10.381800,7.031771,5.766825,7.754668
2026-07-29,14-50-40,two_teams_slower1,2026-07-29T14:50:40.476538+08:00,2026-07-29T14:52:10.488861+08:00,2026-07-29T14:57:10.567656+08:00,390.091,13,10,0.464092,0.366466,0.368193,0.407055,0.394755,0.291123,13.920800,0.763777,0.807306,0.593658,0.550116,0.342671
2026-07-29,14-57-58,two_teams_slower1,2026-07-29T14:57:58.267998+08:00,2026-07-29T14:59:28.281399+08:00,2026-07-29T15:04:41.723366+08:00,403.455,22,0,2.691139,0.415445,0.404372,0.405675,0.385365,0.276133,10.118748,14.317276,7.032584,18.269846,31.061139,36.961240
2026-07-29,15-06-03,two_teams_slower1,2026-07-29T15:06:03.190646+08:00,2026-07-29T15:07:33.216700+08:00,2026-07-29T15:12:33.334568+08:00,390.144,21,0,0.423643,0.347812,0.336572,0.376919,0.371083,0.287569,8.855960,8.633687,10.483248,18.305239,9.072742,8.344132
2026-07-29,15-18-55,two_teams_slower1,2026-07-29T15:18:55.582909+08:00,2026-07-29T15:20:25.611156+08:00,2026-07-29T15:25:25.698948+08:00,390.116,8,6,3.932693,0.445721,0.422800,0.395169,0.383922,0.276660,13.722745,10.087608,6.133010,7.173671,9.791376,14.538416
2026-07-29,15-30-15,two_teams_slower1,2026-07-29T15:30:15.952192+08:00,2026-07-29T15:31:45.980335+08:00,2026-07-29T15:36:46.049881+08:00,390.098,6,0,2.553353,0.402894,0.396677,0.383555,0.383673,0.269635,32.116204,23.640044,10.041137,7.349905,31.676818,30.093228
2026-07-29,15-41-54,two_teams_slower1,2026-07-29T15:41:54.751840+08:00,2026-07-29T15:43:24.763886+08:00,2026-07-29T15:48:24.930506+08:00,390.179,20,34,1.316457,0.371062,0.362899,0.381690,0.368322,0.266030,10.493555,12.743290,17.765668,11.105466,18.752279,37.089560
2026-07-29,15-50-27,two_teams_slower1,2026-07-29T15:50:27.470717+08:00,2026-07-29T15:51:57.500004+08:00,2026-07-29T15:57:07.912301+08:00,400.442,19,0,0.438012,0.363671,0.359621,0.395309,0.377602,0.277539,10.363935,16.781479,14.668303,19.810863,29.430218,24.838965
2026-07-29,16-01-16,two_teams_slower1,2026-07-29T16:01:16.551542+08:00,2026-07-29T16:02:46.585283+08:00,2026-07-29T16:07:46.703708+08:00,390.152,8,0,1.113338,0.362789,0.349497,0.375921,0.374638,0.267657,11.909173,9.974216,10.373361,9.856507,34.021567,31.338779
2026-07-29,16-09-39,two_teams_slower1,2026-07-29T16:09:39.240350+08:00,2026-07-29T16:09:42.984543+08:00,2026-07-29T16:14:43.127346+08:00,303.887,73,91,0.724629,0.264064,0.257259,0.286882,0.274865,0.204331,5.990753,14.969091,8.697272,12.094893,32.291658,28.340706
2026-07-29,16-15-55,two_teams_slower1,2026-07-29T16:15:55.800303+08:00,2026-07-29T16:15:57.962157+08:00,2026-07-29T16:20:58.111750+08:00,302.311,87,78,0.316364,0.255689,0.247443,0.287520,0.277625,0.203082,7.002117,16.363769,4.481395,14.567029,15.014217,41.044209
2026-07-29,16-24-26,two_teams_slower1,2026-07-29T16:24:26.525228+08:00,2026-07-29T16:24:28.222237+08:00,2026-07-29T16:29:35.091664+08:00,308.566,95,123,0.323809,0.262727,0.256045,0.291032,0.290236,0.211159,6.792682,11.536791,11.895889,27.242918,3.790167,3.392896
2026-07-29,16-33-29,two_teams_slower1,2026-07-29T16:33:29.208100+08:00,2026-07-29T16:33:30.677476+08:00,2026-07-29T16:38:30.847541+08:00,301.639,61,79,2.798192,0.310539,0.282272,0.290836,0.281598,0.202823,6.544068,16.272511,3.161149,33.017635,38.977967,5.057440
2026-07-29,16-40-50,two_teams_slower1,2026-07-29T16:40:50.131970+08:00,2026-07-29T16:40:52.061137+08:00,2026-07-29T16:45:52.181748+08:00,302.050,73,91,0.380918,0.271948,0.261724,0.303309,0.294758,0.213568,9.938557,13.853846,6.507724,23.109383,12.631259,4.884181
2026-07-29,16-57-33,two_teams_slower1,2026-07-29T16:57:33.635308+08:00,2026-07-29T16:57:46.213600+08:00,2026-07-29T17:02:46.299031+08:00,312.664,8,61,2.964129,0.357964,0.398235,0.348016,0.325859,0.226111,6.208149,4.583128,2.463496,5.686520,5.491025,8.894437
2026-07-29,17-04-00,two_teams_slower1,2026-07-29T17:04:00.123855+08:00,2026-07-29T17:05:30.150206+08:00,2026-07-29T17:10:30.300520+08:00,390.177,0,0,18.377532,0.842073,0.847982,0.523627,0.438843,0.282095,1.343233,1.392987,1.155630,2.257014,2.590653,0.322980
2026-07-29,17-11-25,two_teams_slower1,2026-07-29T17:11:25.027023+08:00,2026-07-29T17:11:36.524723+08:00,2026-07-29T17:11:37.791822+08:00,12.765,0,0,0.015429,0.014539,0.012297,0.013118,0.029145,0.016336,0.078559,0.016217,0.016527,0.015738,0.031565,0.021975
2026-07-29,17-12-31,two_teams_slower1,2026-07-29T17:12:31.876602+08:00,2026-07-29T17:13:50.879372+08:00,2026-07-29T17:18:51.011468+08:00,379.135,8,0,0.464867,0.346577,0.337224,0.376055,0.372194,0.273061,2.116794,5.220294,3.154912,16.254941,8.876105,13.854136
2026-07-29,17-20-28,two_teams_slower1,2026-07-29T17:20:28.383373+08:00,2026-07-29T17:20:29.802443+08:00,2026-07-29T17:25:29.861856+08:00,301.478,125,169,0.344830,0.261700,0.257101,0.288301,0.285733,0.212195,7.347783,11.276312,2.981995,22.641859,5.413030,4.667187
2026-07-29,17-31-41,two_teams_slower1,2026-07-29T17:31:41.838228+08:00,2026-07-29T17:33:11.852358+08:00,2026-07-29T17:38:12.043329+08:00,390.205,5,0,3.769789,0.460227,0.463124,0.447884,0.408758,0.291224,0.412733,0.441873,0.456325,0.430900,0.518662,0.337911
2026-07-29,17-39-06,two_teams_slower1,2026-07-29T17:39:06.835751+08:00,2026-07-29T17:39:12.662782+08:00,2026-07-29T17:44:12.757886+08:00,305.922,69,16,20.583643,0.749712,0.627881,0.373426,0.368314,0.221279,13.348215,8.721854,21.147215,26.039611,23.282801,23.388813
2026-07-29,17-45-12,two_teams_slower1,2026-07-29T17:45:12.036900+08:00,2026-07-29T17:45:14.778909+08:00,2026-07-29T17:50:14.859941+08:00,302.823,102,18,10.507457,0.493050,0.425692,0.326183,0.328089,0.215706,11.803141,15.800088,9.362105,25.332469,19.995415,5.154494
2026-07-29,17-57-53,two_teams_slower1,2026-07-29T17:57:53.502173+08:00,2026-07-29T17:59:23.529032+08:00,2026-07-29T18:04:23.621676+08:00,390.120,0,0,0.705859,0.381782,0.384933,0.408461,0.400465,0.295742,0.433467,0.430459,0.470093,0.427044,0.506650,0.330763
2026-07-29,18-10-14,two_teams_slower1,2026-07-29T18:10:14.957772+08:00,2026-07-29T18:11:44.992068+08:00,2026-07-29T18:16:45.136926+08:00,390.179,14,32,0.465907,0.380102,0.394588,0.407300,0.406631,0.293105,0.443776,0.434342,0.462786,0.425454,0.515635,0.338249
2026-07-29,18-17-34,two_teams_slower1,2026-07-29T18:17:34.944920+08:00,2026-07-29T18:19:04.990308+08:00,2026-07-29T18:24:05.091516+08:00,390.147,19,73,5.650684,0.476600,0.449823,0.408320,0.386436,0.273042,6.806627,5.474448,8.946740,19.295064,8.346199,10.072703
2026-07-29,18-25-31,two_teams_slower1,2026-07-29T18:25:31.263789+08:00,2026-07-29T18:27:01.291315+08:00,2026-07-29T18:32:01.431865+08:00,390.168,22,106,2.011886,0.386320,0.359654,0.387609,0.374575,0.266440,5.186332,6.982994,9.014494,22.110448,19.746793,8.761350
2026-07-29,18-40-24,two_teams_slower1,2026-07-29T18:40:24.621917+08:00,2026-07-29T18:41:54.648785+08:00,2026-07-29T18:46:54.880852+08:00,390.259,0,22,10.070984,2.874182,2.512499,0.516600,0.425945,0.277254,10.289230,7.816611,8.674707,25.101087,15.960048,7.078955
2026-07-29,18-47-52,two_teams_slower1,2026-07-29T18:47:52.636297+08:00,2026-07-29T18:47:55.695283+08:00,2026-07-29T18:52:55.855736+08:00,303.219,84,19,0.330396,0.261261,0.253145,0.291851,0.283461,0.205664,5.727208,7.105249,3.770659,16.527437,9.667181,3.476687
2026-07-29,18-54-29,two_teams_slower1,2026-07-29T18:54:29.987705+08:00,2026-07-29T18:56:00.016321+08:00,2026-07-29T18:57:32.921976+08:00,182.934,0,0,0.206746,0.172674,0.171197,0.188898,0.194003,0.136299,7.088908,0.367019,0.404061,0.283090,0.262080,0.159559
2026-07-30,10-40-42,two_teams_slower1,2026-07-30T10:40:42.409970+08:00,2026-07-30T10:42:12.410274+08:00,2026-07-30T10:47:12.435038+08:00,390.025,0,0,0.503867,0.369213,0.369228,0.400412,0.379280,0.282871,0.421938,0.431474,0.428848,0.412952,0.470899,0.333304
2026-07-30,11-18-11,two_teams_slower1,2026-07-30T11:18:11.928309+08:00,2026-07-30T11:19:41.963504+08:00,2026-07-30T11:24:41.970332+08:00,390.042,9,0,3.598097,1.320721,1.121906,1.864469,3.650172,4.204556,0.416762,0.438259,0.597850,0.432086,0.498466,0.322774
2026-07-30,11-30-14,two_teams_slower1,2026-07-30T11:30:14.840942+08:00,2026-07-30T11:30:19.537519+08:00,2026-07-30T11:35:19.673545+08:00,304.833,0,0,5.259318,3.366580,3.658124,1.839285,3.507801,3.357290,4.889677,7.090220,6.275003,10.109475,15.741086,9.582875
2026-07-30,11-36-28,two_teams_slower1,2026-07-30T11:36:28.193616+08:00,2026-07-30T11:36:53.187577+08:00,2026-07-30T11:41:53.333665+08:00,325.140,56,52,10.147208,23.014497,3.587406,10.733706,28.613357,18.592139,5.986538,8.422586,9.929896,12.711519,4.312043,30.739354
2026-07-30,11-43-15,two_teams_slower1,2026-07-30T11:43:15.533370+08:00,2026-07-30T11:43:19.010431+08:00,2026-07-30T11:48:28.489401+08:00,312.956,48,24,3.941587,10.449466,8.552443,7.774424,9.132441,11.366734,9.246489,9.355289,11.424142,15.463467,17.481997,23.045347
2026-07-30,11-49-41,two_teams_slower1,2026-07-30T11:49:41.881737+08:00,2026-07-30T11:50:09.004241+08:00,2026-07-30T11:55:09.134513+08:00,327.253,61,0,14.740461,6.308064,5.317955,16.488414,6.222140,3.755000,3.688244,3.574972,8.448736,9.738488,5.155371,8.760389
2026-07-30,11-56-11,two_teams_slower1,2026-07-30T11:56:11.518464+08:00,2026-07-30T11:56:48.411702+08:00,2026-07-30T12:02:13.723042+08:00,362.205,30,151,15.381616,9.202987,7.867599,5.287783,15.547225,5.868129,9.856945,7.948202,5.700310,15.936457,4.182902,3.460228
2026-07-30,12-03-20,two_teams_slower1,2026-07-30T12:03:20.823876+08:00,2026-07-30T12:03:24.282239+08:00,2026-07-30T12:08:32.715109+08:00,311.891,137,102,8.171719,7.456339,8.374222,16.093444,9.016719,3.794089,7.395338,8.368442,8.631162,11.051180,10.086122,6.088117
2026-07-30,12-09-32,two_teams_slower1,2026-07-30T12:09:32.932813+08:00,2026-07-30T12:11:02.962240+08:00,2026-07-30T12:16:03.070117+08:00,390.137,171,74,10.249636,13.277957,9.501659,19.413080,6.213011,10.833202,17.938002,9.622757,12.404196,20.961931,24.532884,29.483351
2026-07-30,12-17-11,two_teams_slower1,2026-07-30T12:17:11.739331+08:00,2026-07-30T12:18:41.746961+08:00,2026-07-30T12:23:41.878421+08:00,390.139,55,0,7.729450,10.252146,10.595686,13.908045,16.104772,40.952499,4.404893,11.399807,22.614788,9.074830,17.834530,42.623147
2026-07-30,12-24-50,two_teams_slower1,2026-07-30T12:24:50.422773+08:00,2026-07-30T12:26:20.437782+08:00,2026-07-30T12:31:20.548202+08:00,390.125,231,155,10.611010,16.929747,17.297250,19.928940,10.416103,39.880549,10.143400,14.739724,34.280051,15.370478,17.155909,52.063699
2026-07-30,12-32-30,two_teams_slower1,2026-07-30T12:32:30.850834+08:00,2026-07-30T12:34:00.859380+08:00,2026-07-30T12:39:50.288027+08:00,439.437,44,17,3.044759,8.924382,11.101854,20.940576,13.091040,26.406637,4.492119,6.912975,4.721922,10.539019,13.309891,19.974442
2026-07-30,12-43-00,two_teams_slower1,2026-07-30T12:43:00.106059+08:00,2026-07-30T12:44:30.136394+08:00,2026-07-30T12:49:30.245011+08:00,390.139,4,0,4.517227,8.838226,12.219911,3.990370,4.908873,4.979299,9.437558,10.207024,2.300546,10.438429,5.375071,6.230148
2026-07-30,12-50-25,two_teams_slower1,2026-07-30T12:50:25.197391+08:00,2026-07-30T12:51:55.222858+08:00,2026-07-30T12:56:55.327072+08:00,390.130,6,0,1.648133,1.337878,1.058429,0.437549,0.404824,0.286691,10.946438,5.172354,2.528211,6.851722,12.017583,9.717374
2026-07-30,12-57-56,two_teams_slower1,2026-07-30T12:57:56.154454+08:00,2026-07-30T12:59:26.169427+08:00,2026-07-30T13:04:26.297077+08:00,390.143,163,86,5.167223,8.209257,3.316015,6.099594,8.451016,10.183434,11.503244,7.929656,3.494722,5.037638,10.280183,4.647098
2026-07-30,13-05-23,two_teams_slower1,2026-07-30T13:05:23.345141+08:00,2026-07-30T13:06:53.360308+08:00,2026-07-30T13:11:53.436870+08:00,390.092,14,26,8.086303,8.300594,6.609407,10.386838,21.855643,25.360775,4.278598,5.889039,11.043647,15.488762,13.644976,17.148741
2026-07-30,13-13-01,two_teams_slower1,2026-07-30T13:13:01.956256+08:00,2026-07-30T13:14:31.982913+08:00,2026-07-30T13:19:32.172423+08:00,390.216,22,0,12.450864,10.517713,9.101947,7.434807,12.618664,15.348653,6.619977,11.191369,10.620146,12.875259,13.030730,27.226228
2026-07-30,13-20-34,two_teams_slower1,2026-07-30T13:20:34.111551+08:00,2026-07-30T13:22:04.133171+08:00,2026-07-30T13:32:45.713913+08:00,731.602,57,0,7.783024,8.191543,11.352037,26.936194,12.686679,4.983762,2.269219,3.945902,3.512052,3.266674,6.660167,4.573612
2026-07-30,13-33-57,two_teams_slower1,2026-07-30T13:33:57.900292+08:00,2026-07-30T13:35:27.905047+08:00,2026-07-30T13:40:28.035781+08:00,390.135,24,211,3.765208,5.559310,6.922544,11.947133,8.465092,10.508808,7.530983,10.407243,11.444603,30.615900,8.159315,5.762672
2026-07-30,13-41-26,two_teams_slower1,2026-07-30T13:41:26.638143+08:00,2026-07-30T13:42:56.663779+08:00,2026-07-30T13:47:56.862363+08:00,390.224,25,0,23.423449,10.749451,18.608689,9.890014,16.858012,15.223978,9.459301,5.673956,10.452496,3.802696,8.906223,14.284770
2026-07-30,13-49-03,two_teams_slower1,2026-07-30T13:49:03.756586+08:00,2026-07-30T13:50:33.765816+08:00,2026-07-30T13:55:33.856480+08:00,390.100,13,0,11.094537,12.052579,6.191787,11.300516,8.401618,3.796749,10.943732,8.379899,6.791774,9.049504,12.437366,13.567822
2026-07-30,13-56-33,two_teams_slower1,2026-07-30T13:56:33.955328+08:00,2026-07-30T13:58:03.962322+08:00,2026-07-30T14:03:04.049675+08:00,390.094,7,47,2.170514,3.040088,5.198424,16.084324,25.947747,17.416299,9.662513,10.158563,9.996200,24.175711,9.574773,17.776731
2026-07-30,14-04-04,two_teams_slower1,2026-07-30T14:04:04.793183+08:00,2026-07-30T14:05:34.807540+08:00,2026-07-30T14:10:34.958995+08:00,390.166,9,0,11.031520,5.427944,9.000193,11.491325,6.867191,6.513205,5.509673,6.935181,5.839663,6.325910,10.491140,12.462003
2026-07-30,14-11-45,two_teams_slower1,2026-07-30T14:11:45.192343+08:00,2026-07-30T14:13:15.202727+08:00,2026-07-30T14:18:15.351325+08:00,390.159,0,0,7.707599,5.499580,10.206016,8.132613,12.143244,7.066366,10.899625,14.372671,17.265368,9.863655,9.891028,9.967022
2026-07-30,14-19-16,two_teams_slower1,2026-07-30T14:19:16.118493+08:00,2026-07-30T14:20:46.147549+08:00,2026-07-30T14:25:46.309254+08:00,390.191,28,0,3.557705,6.194242,7.049740,9.880368,12.957200,17.410988,10.886501,4.468503,9.711639,6.144377,11.169139,12.286400
2026-07-30,14-26-46,two_teams_slower1,2026-07-30T14:26:46.522829+08:00,2026-07-30T14:28:16.552185+08:00,2026-07-30T14:33:16.645206+08:00,390.122,58,56,3.868659,12.723451,21.788389,19.664169,4.425832,16.271923,4.010594,6.829872,12.231211,8.537393,11.704143,22.844138
2026-07-30,14-34-27,two_teams_slower1,2026-07-30T14:34:27.342724+08:00,2026-07-30T14:35:57.367248+08:00,2026-07-30T14:40:57.479930+08:00,390.137,32,59,3.787098,4.782490,3.981044,15.303092,5.444235,7.109757,5.401935,14.558410,24.973286,26.918318,3.941524,3.532320
2026-07-30,14-42-00,two_teams_slower1,2026-07-30T14:42:00.294572+08:00,2026-07-30T14:43:30.307722+08:00,2026-07-30T14:48:30.433237+08:00,390.139,63,20,7.477807,6.624305,14.459745,18.946650,13.999176,15.247604,13.203772,4.298362,5.146149,3.718574,16.079174,16.185250
2026-07-30,14-49-31,two_teams_slower1,2026-07-30T14:49:31.742766+08:00,2026-07-30T14:51:01.749808+08:00,2026-07-30T14:56:01.836914+08:00,390.094,13,0,10.935849,14.732045,7.562002,24.922577,9.186884,11.147136,13.734676,8.130150,8.691568,10.847841,14.449788,16.136573
2026-07-30,14-57-20,two_teams_slower1,2026-07-30T14:57:20.318587+08:00,2026-07-30T14:58:50.343669+08:00,2026-07-30T15:03:50.481033+08:00,390.162,11,0,6.739328,4.433051,5.928376,12.012149,13.236903,13.093147,2.193453,8.220756,9.713493,4.072134,7.390112,10.084770
2026-07-30,15-04-53,two_teams_slower1,2026-07-30T15:04:53.528384+08:00,2026-07-30T15:06:23.558676+08:00,2026-07-30T15:11:23.704659+08:00,390.176,32,81,8.922112,7.399004,1.977180,8.935117,3.796384,3.956322,8.065460,6.979167,11.924227,13.778692,7.093472,8.445231
2026-07-30,15-15-48,two_teams_slower1,2026-07-30T15:15:48.269978+08:00,2026-07-30T15:17:18.295136+08:00,2026-07-30T15:22:18.506327+08:00,390.236,16,28,14.222363,6.394867,6.908223,3.661871,10.254563,8.463099,4.791039,5.656362,8.366929,9.282600,9.341496,9.482315
2026-07-30,15-23-54,two_teams_slower1,2026-07-30T15:23:54.533700+08:00,2026-07-30T15:25:24.545332+08:00,2026-07-30T15:30:24.647344+08:00,390.114,0,0,12.498693,11.662409,5.787018,5.735713,8.200335,20.471922,4.789705,5.387006,8.985731,8.041860,5.498550,12.055294
2026-07-30,15-31-27,two_teams_slower1,2026-07-30T15:31:27.311549+08:00,2026-07-30T15:32:57.337677+08:00,2026-07-30T15:37:57.498351+08:00,390.187,5,0,15.871658,12.299186,10.501951,12.142212,19.088243,50.475496,4.192380,8.155572,6.286901,8.163448,14.614899,11.723265
2026-07-30,15-39-09,two_teams_slower1,2026-07-30T15:39:09.770764+08:00,2026-07-30T15:40:39.783165+08:00,2026-07-30T15:45:39.865356+08:00,390.095,93,65,6.580186,7.722343,7.568788,16.977864,8.475427,8.464721,13.873160,5.075540,9.696967,10.776771,14.418043,10.842089
2026-07-30,15-49-51,two_teams_slower1,2026-07-30T15:49:51.231196+08:00,2026-07-30T15:51:21.258950+08:00,2026-07-30T15:56:21.378858+08:00,390.148,15,0,3.500981,2.436005,4.092080,2.506335,25.287560,40.236585,8.813667,4.477774,8.635555,13.280101,9.586178,10.620292
2026-07-30,15-57-21,two_teams_slower1,2026-07-30T15:57:21.227364+08:00,2026-07-30T15:58:51.257863+08:00,2026-07-30T16:03:51.366150+08:00,390.139,335,0,5.163089,9.584447,13.163361,16.973888,3.832676,3.653318,2.786941,2.543252,1.910063,2.268349,4.503149,3.738251
2026-07-30,16-04-51,two_teams_slower1,2026-07-30T16:04:51.833048+08:00,2026-07-30T16:06:21.865541+08:00,2026-07-30T16:11:21.944721+08:00,390.112,16,88,10.415978,7.956703,11.487418,4.929122,13.604588,10.342241,5.705392,10.502137,16.281152,22.095603,4.313667,4.278964
2026-07-30,16-12-19,two_teams_slower1,2026-07-30T16:12:19.311083+08:00,2026-07-30T16:13:49.323065+08:00,2026-07-30T16:18:49.447904+08:00,390.137,65,35,9.807877,9.850650,10.004102,17.110018,22.191748,22.063665,11.798858,9.113047,8.304651,11.016647,23.160764,24.272890
2026-07-30,16-19-50,two_teams_slower1,2026-07-30T16:19:50.585513+08:00,2026-07-30T16:21:20.614406+08:00,2026-07-30T16:26:20.727574+08:00,390.142,100,0,6.032069,15.852654,16.029847,16.258925,21.841401,10.863217,21.387080,16.848391,17.648204,19.221572,22.464665,47.582759
2026-07-30,16-27-21,two_teams_slower1,2026-07-30T16:27:21.159220+08:00,2026-07-30T16:28:51.167063+08:00,2026-07-30T16:33:51.355158+08:00,390.196,97,5,9.353650,8.343865,12.632610,12.600250,23.580069,31.263272,18.043648,6.315860,11.977471,10.737400,12.055446,11.047629
2026-07-30,16-35-02,two_teams_slower1,2026-07-30T16:35:02.485955+08:00,2026-07-30T16:36:32.514694+08:00,2026-07-30T16:41:32.708837+08:00,390.223,6,0,7.390518,5.013796,4.706476,7.922818,8.125064,6.718855,7.989806,5.684821,5.735325,3.615491,8.856944,4.756512
2026-07-30,16-42-39,two_teams_slower1,2026-07-30T16:42:39.579929+08:00,2026-07-30T16:44:09.595334+08:00,2026-07-30T16:49:09.724030+08:00,390.144,17,43,13.099596,9.117658,6.320435,18.102575,10.022244,8.475095,5.998157,14.345883,9.157091,27.454520,24.167392,23.695007
2026-07-30,16-50-08,two_teams_slower1,2026-07-30T16:50:08.471874+08:00,2026-07-30T16:51:38.498916+08:00,2026-07-30T16:56:38.651738+08:00,390.180,0,32,0.455300,0.367052,0.353760,0.405226,0.382186,0.280515,4.553804,9.340010,6.947570,17.262899,17.572732,19.400044
2026-07-30,16-58-47,two_teams_slower1,2026-07-30T16:58:47.510932+08:00,2026-07-30T17:00:17.528322+08:00,2026-07-30T17:05:17.682803+08:00,390.172,27,139,10.575553,7.734104,3.167513,9.083595,8.280188,10.292976,11.406837,19.348953,22.506791,28.791325,15.186194,14.979084
2026-07-30,17-07-15,two_teams_slower1,2026-07-30T17:07:15.093948+08:00,2026-07-30T17:08:45.107906+08:00,2026-07-30T17:18:24.771795+08:00,669.678,55,0,7.094551,5.596452,8.189358,12.497162,9.533550,6.360354,6.831811,7.217380,7.297170,10.024012,6.458805,10.332654
2026-07-30,17-21-23,two_teams_slower1,2026-07-30T17:21:23.823551+08:00,2026-07-30T17:22:53.853014+08:00,2026-07-30T17:27:53.949360+08:00,390.126,134,0,10.606959,10.365035,6.921673,18.416341,22.749745,28.252876,1.684017,2.610736,2.366780,10.031073,5.399493,8.987767
2026-07-30,17-37-47,two_teams_slower1,2026-07-30T17:37:47.184402+08:00,2026-07-30T17:39:17.211870+08:00,2026-07-30T17:44:17.428288+08:00,390.244,30,118,6.514229,6.308527,7.422701,5.817329,13.897651,14.381136,3.640452,5.749417,13.598025,27.806698,27.340119,20.025240
2026-07-30,17-45-18,two_teams_slower1,2026-07-30T17:45:18.750247+08:00,2026-07-30T17:46:48.778015+08:00,2026-07-30T17:51:48.988834+08:00,390.239,158,57,12.429780,11.165107,14.362178,22.249554,22.672757,6.102912,2.359892,10.390460,16.486292,16.581569,9.053014,10.470973
2026-07-30,17-52-51,two_teams_slower1,2026-07-30T17:52:51.386916+08:00,2026-07-30T17:54:21.397402+08:00,2026-07-30T17:59:21.533004+08:00,390.146,0,0,4.581236,7.860774,7.180736,13.941606,11.332537,14.269859,14.035896,3.475747,1.708849,6.844113,7.919301,5.398862
2026-07-30,18-00-17,two_teams_slower1,2026-07-30T18:00:17.957871+08:00,2026-07-30T18:01:47.966857+08:00,2026-07-30T18:06:48.093298+08:00,390.135,0,0,7.874317,3.847881,6.745002,8.141250,8.832684,9.042848,3.385171,9.299522,11.425276,22.129012,8.550670,7.840422
2026-07-30,18-07-47,two_teams_slower1,2026-07-30T18:07:47.026264+08:00,2026-07-30T18:09:17.055923+08:00,2026-07-30T18:14:17.179861+08:00,390.154,12,0,15.607236,8.235609,6.956362,9.498583,14.402593,7.275813,9.266279,9.680152,18.029270,5.097226,4.302126,4.314479
2026-07-30,18-15-15,two_teams_slower1,2026-07-30T18:15:15.260752+08:00,2026-07-30T18:16:45.288983+08:00,2026-07-30T18:21:45.452914+08:00,390.192,17,94,19.184413,9.204031,5.746353,14.235020,12.897739,26.874472,7.755793,9.190271,15.302687,16.506476,16.890700,14.453600
2026-07-30,18-23-08,two_teams_slower1,2026-07-30T18:23:08.409676+08:00,2026-07-30T18:23:41.219527+08:00,2026-07-30T18:28:41.353939+08:00,332.944,269,123,12.409324,10.981869,7.743814,42.759347,6.985145,4.658205,2.745174,9.805478,13.762619,28.444955,17.679210,7.771761
2026-07-30,18-31-48,two_teams_slower1,2026-07-30T18:31:48.808992+08:00,2026-07-30T18:33:18.835958+08:00,2026-07-30T18:38:18.931490+08:00,390.122,12,0,12.371322,11.578331,3.903639,3.511312,3.987950,6.444856,1.658810,1.416972,1.521177,2.004869,3.686213,4.369559
2026-07-30,18-39-31,two_teams_slower1,2026-07-30T18:39:31.932338+08:00,2026-07-30T18:41:01.958940+08:00,2026-07-30T18:46:02.062643+08:00,390.130,0,0,4.445051,4.653932,6.799607,7.932279,4.933420,5.263589,8.646140,4.212024,5.485714,8.289444,12.754844,12.589029
2026-07-31,11-18-00,two_teams_slower1,2026-07-31T11:18:00.427343+08:00,2026-07-31T11:19:30.428243+08:00,2026-07-31T11:24:30.641991+08:00,390.215,0,0,0.457214,0.382165,0.416971,0.406486,0.392770,0.289727,0.439710,0.449197,0.658485,0.435730,0.487545,0.320811
2026-07-31,11-30-18,two_teams_slower1,2026-07-31T11:30:18.148435+08:00,2026-07-31T11:31:48.177381+08:00,2026-07-31T11:36:48.282770+08:00,390.134,4,0,11.627326,6.781276,9.242493,2.122504,3.630982,3.736865,0.410093,0.411984,0.464316,0.410653,0.490540,0.318924
2026-07-31,11-47-01,two_teams_slower1,2026-07-31T11:47:01.211781+08:00,2026-07-31T11:48:31.241243+08:00,2026-07-31T11:53:31.315975+08:00,390.104,6,0,2.583381,2.214910,2.285951,2.267632,3.558208,9.620193,3.378150,8.578326,5.322500,10.585799,6.828028,6.813538
2026-07-31,11-58-26,two_teams_slower1,2026-07-31T11:58:26.558231+08:00,2026-07-31T11:59:56.584789+08:00,2026-07-31T12:04:56.652505+08:00,390.094,0,0,0.474156,0.365298,0.387517,0.406227,0.397065,0.288221,2.935940,2.362627,1.546336,0.518711,0.508968,0.315979
2026-07-31,12-07-33,two_teams_slower1,2026-07-31T12:07:33.435107+08:00,2026-07-31T12:09:03.449166+08:00,2026-07-31T12:14:03.514036+08:00,390.079,0,0,4.524855,8.929130,8.074133,7.252908,8.437947,9.518336,0.425837,0.408744,0.426167,0.408398,0.486449,0.316928
2026-07-31,12-22-54,two_teams_slower1,2026-07-31T12:22:54.115734+08:00,2026-07-31T12:24:24.142015+08:00,2026-07-31T12:29:24.243174+08:00,390.127,5,0,4.472976,5.671068,3.375128,2.961091,4.320881,3.786587,3.575745,1.723082,3.254137,8.811124,5.148269,4.558870
2026-07-31,12-32-30,two_teams_slower1,2026-07-31T12:32:30.553002+08:00,2026-07-31T12:34:00.579183+08:00,2026-07-31T12:39:00.698560+08:00,390.146,26,0,8.688848,5.540341,10.085722,10.865948,9.320759,10.608730,3.082329,2.387504,2.863824,2.598385,9.824091,7.082040
2026-07-31,12-39-55,two_teams_slower1,2026-07-31T12:39:55.166980+08:00,2026-07-31T12:41:25.175813+08:00,2026-07-31T12:46:25.345073+08:00,390.178,7,0,1.907638,3.654070,1.113988,1.928873,3.555606,3.450579,1.343623,1.319291,1.098111,1.811604,0.490632,0.319856
2026-07-31,12-47-18,two_teams_slower1,2026-07-31T12:47:18.897330+08:00,2026-07-31T12:48:48.928009+08:00,2026-07-31T12:53:49.031646+08:00,390.134,91,0,3.262288,14.286716,7.962994,45.005545,4.451336,3.703749,9.097671,6.126352,4.419116,13.631291,9.003130,13.337734
2026-07-31,12-58-02,two_teams_slower1,2026-07-31T12:58:02.717772+08:00,2026-07-31T12:59:32.724848+08:00,2026-07-31T13:08:18.241982+08:00,615.524,12,4,12.124120,5.943705,2.930925,5.182229,5.163900,5.764497,2.182195,1.631024,1.288399,2.188279,2.787873,0.532737
2026-07-31,13-10-36,two_teams_slower1,2026-07-31T13:10:36.557247+08:00,2026-07-31T13:12:06.563747+08:00,2026-07-31T13:17:06.687607+08:00,390.130,126,12,15.350046,8.520124,12.942889,23.016227,7.343138,5.944563,17.776888,9.742361,5.597168,10.665917,20.680911,31.341544
2026-07-31,13-18-10,two_teams_slower1,2026-07-31T13:18:10.241846+08:00,2026-07-31T13:19:40.251130+08:00,2026-07-31T13:24:40.427480+08:00,390.186,24,0,13.338068,15.365823,14.605994,23.347169,24.202922,31.160321,30.628409,12.354486,7.634299,9.502879,14.649723,37.409371
2026-07-31,13-25-38,two_teams_slower1,2026-07-31T13:25:38.991912+08:00,2026-07-31T13:27:09.018538+08:00,2026-07-31T13:32:21.395897+08:00,402.404,106,5,8.133741,8.432793,12.131920,19.558206,20.874815,42.937681,4.354939,7.054173,10.149575,13.266704,15.837570,28.875517
2026-07-31,13-33-24,two_teams_slower1,2026-07-31T13:33:24.041974+08:00,2026-07-31T13:34:54.049816+08:00,2026-07-31T13:39:54.146297+08:00,390.104,52,50,14.836287,13.198635,11.112450,15.471508,17.001345,15.676918,6.173196,9.027265,9.596407,27.296225,10.877091,18.423268
2026-07-31,13-40-55,two_teams_slower1,2026-07-31T13:40:55.502653+08:00,2026-07-31T13:42:25.526797+08:00,2026-07-31T13:47:25.597830+08:00,390.095,117,108,17.264605,10.739612,15.794795,12.206448,19.348934,25.643600,6.055381,6.510355,8.400974,10.652083,9.639656,13.937633
2026-07-31,13-48-38,two_teams_slower1,2026-07-31T13:48:38.564320+08:00,2026-07-31T13:50:08.588551+08:00,2026-07-31T13:55:08.694663+08:00,390.130,22,43,10.333314,10.463832,5.497068,11.200376,17.744279,22.726402,6.158740,9.681820,12.691898,10.134289,13.236245,18.792405
2026-07-31,13-56-10,two_teams_slower1,2026-07-31T13:56:10.900712+08:00,2026-07-31T13:57:40.926817+08:00,2026-07-31T14:02:41.038069+08:00,390.137,25,104,14.197947,7.188626,16.266189,6.027667,19.870623,32.621954,12.367698,7.034397,10.996006,11.368663,5.163066,7.509766
2026-07-31,14-03-39,two_teams_slower1,2026-07-31T14:03:39.503481+08:00,2026-07-31T14:05:09.510981+08:00,2026-07-31T14:10:18.042554+08:00,398.539,15,0,10.016554,9.110616,14.873412,8.144766,7.426304,11.429512,22.781623,26.738847,17.610387,11.500288,10.578628,21.807523
2026-07-31,14-11-19,two_teams_slower1,2026-07-31T14:11:19.246706+08:00,2026-07-31T14:12:49.272702+08:00,2026-07-31T14:17:58.716570+08:00,399.470,17,0,18.531637,8.091404,7.723846,34.198437,44.364058,16.697211,7.696495,9.624458,8.306901,18.318471,17.902548,14.821566
2026-07-31,14-18-55,two_teams_slower1,2026-07-31T14:18:55.001357+08:00,2026-07-31T14:20:25.026023+08:00,2026-07-31T14:25:25.185832+08:00,390.184,22,0,10.832768,20.611030,7.100376,18.423925,14.907024,54.288367,9.023115,10.301912,12.806245,39.516771,24.474965,29.918751
2026-07-31,14-26-25,two_teams_slower1,2026-07-31T14:26:25.553180+08:00,2026-07-31T14:27:55.561326+08:00,2026-07-31T14:32:55.642866+08:00,390.090,22,93,15.009741,6.497364,24.346358,15.654483,18.482518,23.514917,18.983254,12.082412,12.346721,18.888285,35.893488,15.493450
2026-07-31,14-33-58,two_teams_slower1,2026-07-31T14:33:58.595154+08:00,2026-07-31T14:35:28.603549+08:00,2026-07-31T14:40:28.742336+08:00,390.147,29,150,13.634611,7.570436,13.364252,17.773975,22.975538,27.018915,16.066274,16.731453,26.276627,11.301138,17.159867,19.561948
2026-07-31,14-41-27,two_teams_slower1,2026-07-31T14:41:27.184003+08:00,2026-07-31T14:42:57.208086+08:00,2026-07-31T14:47:57.293137+08:00,390.109,23,7,9.072612,6.081846,10.194527,14.307960,13.898569,12.294826,12.084518,10.529924,12.911951,14.491687,7.939187,32.381027
2026-07-31,14-49-03,two_teams_slower1,2026-07-31T14:49:03.693413+08:00,2026-07-31T14:50:33.716081+08:00,2026-07-31T14:55:33.934594+08:00,390.241,60,97,12.992118,7.678656,17.221307,14.628021,10.808963,14.327588,4.809995,7.143743,6.623967,19.020927,16.066827,20.659318
2026-07-31,14-56-55,two_teams_slower1,2026-07-31T14:56:55.872790+08:00,2026-07-31T14:58:25.898420+08:00,2026-07-31T15:03:37.392126+08:00,401.519,179,62,8.683463,9.636743,16.594941,22.505164,4.943736,4.335850,7.976300,6.186019,6.191277,8.441415,7.522021,13.271294
2026-07-31,15-04-41,two_teams_slower1,2026-07-31T15:04:41.744776+08:00,2026-07-31T15:06:11.752812+08:00,2026-07-31T15:11:11.971364+08:00,390.227,20,150,11.140534,9.875679,9.223665,2.508896,16.134498,20.611879,7.708026,16.615186,24.571671,30.226541,4.135356,3.560841
2026-07-31,15-12-09,two_teams_slower1,2026-07-31T15:12:09.634990+08:00,2026-07-31T15:13:39.659022+08:00,2026-07-31T15:18:39.802377+08:00,390.167,113,223,7.458392,6.777226,5.885405,18.884289,12.307692,18.195427,5.805926,14.917902,20.739692,32.652283,15.478255,21.636642
2026-07-31,15-19-38,two_teams_slower1,2026-07-31T15:19:38.585682+08:00,2026-07-31T15:21:08.609401+08:00,2026-07-31T15:26:28.205127+08:00,409.619,120,51,7.471212,12.497784,16.482108,21.964849,8.259013,5.011300,11.420150,14.452017,14.337937,7.587586,5.085700,11.225262
2026-07-31,15-27-39,two_teams_slower1,2026-07-31T15:27:39.570937+08:00,2026-07-31T15:29:09.580154+08:00,2026-07-31T15:34:09.822643+08:00,390.252,48,142,10.009219,9.427244,17.459597,6.513698,7.764218,13.928783,18.509988,11.701803,9.300149,9.249122,16.431243,9.647985
2026-07-31,15-35-20,two_teams_slower1,2026-07-31T15:35:20.720016+08:00,2026-07-31T15:36:50.745011+08:00,2026-07-31T15:41:50.918987+08:00,390.199,18,79,11.422947,6.373314,17.539132,29.577764,17.087266,13.477193,20.255230,11.103199,10.107047,10.215258,18.188730,30.522513
2026-07-31,15-42-56,two_teams_slower1,2026-07-31T15:42:56.429436+08:00,2026-07-31T15:44:26.454625+08:00,2026-07-31T15:49:26.586249+08:00,390.157,17,71,13.181026,14.606174,9.206741,30.369279,15.224831,25.006475,18.709191,11.313449,10.435801,17.025708,24.208210,35.833966
2026-07-31,15-50-46,two_teams_slower1,2026-07-31T15:50:46.523124+08:00,2026-07-31T15:52:16.531803+08:00,2026-07-31T15:57:16.675561+08:00,390.152,151,10,15.401286,13.910410,9.792397,12.441453,5.951186,3.597357,5.184318,5.942490,8.638824,9.510295,4.565919,4.049583
2026-07-31,15-58-15,two_teams_slower1,2026-07-31T15:58:15.450050+08:00,2026-07-31T15:59:45.474342+08:00,2026-07-31T16:05:13.691069+08:00,418.241,79,7,11.523323,9.438351,13.522824,9.973249,9.877511,21.794260,8.627169,10.681891,13.498685,7.550953,6.560326,9.933721
2026-07-31,16-06-22,two_teams_slower1,2026-07-31T16:06:22.075887+08:00,2026-07-31T16:07:52.084113+08:00,2026-07-31T16:13:05.621446+08:00,403.546,131,67,16.386484,8.336882,11.553334,10.818507,17.910411,39.923405,16.020578,9.033375,22.530778,16.439273,9.647324,22.720265
2026-07-31,16-14-16,two_teams_slower1,2026-07-31T16:14:16.169543+08:00,2026-07-31T16:15:46.177743+08:00,2026-07-31T16:20:46.263754+08:00,390.094,41,31,9.845376,8.524951,8.433010,12.290744,13.280746,21.640344,3.662595,3.851313,10.186093,14.073857,9.151976,14.733005
2026-07-31,16-21-50,two_teams_slower1,2026-07-31T16:21:50.321230+08:00,2026-07-31T16:23:20.346289+08:00,2026-07-31T16:28:20.472517+08:00,390.151,0,13,6.219540,6.343186,7.277816,10.812117,6.887507,6.508393,6.307158,6.850753,3.495349,8.459696,10.942361,8.079508
2026-07-31,16-29-23,two_teams_slower1,2026-07-31T16:29:23.347284+08:00,2026-07-31T16:30:53.371863+08:00,2026-07-31T16:36:04.843148+08:00,401.496,26,50,12.182706,7.851879,10.163776,14.378119,17.390661,18.408066,8.560667,7.801707,6.874992,13.801098,4.167409,5.676533
2026-07-31,16-37-04,two_teams_slower1,2026-07-31T16:37:04.972384+08:00,2026-07-31T16:38:34.998647+08:00,2026-07-31T16:43:35.076968+08:00,390.105,55,5,1.919668,5.662772,8.512440,4.465764,13.343371,9.260731,5.120012,5.482896,7.211603,11.685146,24.818575,18.741178
2026-07-31,16-44-37,two_teams_slower1,2026-07-31T16:44:37.399969+08:00,2026-07-31T16:46:07.423819+08:00,2026-07-31T16:51:07.635671+08:00,390.236,0,0,0.706536,0.360644,0.348692,0.390368,0.381757,0.279813,1.438807,2.860606,11.167179,2.691761,5.611894,46.430980
2026-07-31,16-53-43,two_teams_slower1,2026-07-31T16:53:43.428520+08:00,2026-07-31T16:54:51.390920+08:00,2026-07-31T16:59:51.520791+08:00,368.092,24,4,5.440633,5.454034,3.653917,17.818446,5.584644,3.586217,2.585261,5.419359,6.312835,13.085611,17.172532,24.109693
2026-07-31,17-01-14,two_teams_slower1,2026-07-31T17:01:14.443760+08:00,2026-07-31T17:01:27.969290+08:00,2026-07-31T17:06:28.069126+08:00,313.625,28,0,4.182953,4.214032,7.767897,9.404928,11.797485,9.672512,8.521641,6.823328,5.754906,10.398608,11.803477,11.610959
2026-07-31,17-07-44,two_teams_slower1,2026-07-31T17:07:44.039819+08:00,2026-07-31T17:09:14.049278+08:00,2026-07-31T17:14:14.184230+08:00,390.144,7,0,3.626566,4.823519,5.265690,7.903791,11.831853,4.758056,4.038045,4.604783,4.827018,9.825446,7.046152,5.319990
2026-07-31,17-15-17,two_teams_slower1,2026-07-31T17:15:17.679359+08:00,2026-07-31T17:15:26.322472+08:00,2026-07-31T17:15:32.250775+08:00,14.571,13,0,0.016805,0.014039,0.013451,0.014455,0.028544,0.017699,0.553382,0.025569,0.032038,0.028167,0.029706,0.011902
2026-07-31,17-16-20,two_teams_slower1,2026-07-31T17:16:20.254226+08:00,2026-07-31T17:16:22.002814+08:00,2026-07-31T17:21:36.386601+08:00,316.132,146,64,6.019979,9.819119,9.718342,12.448040,13.281552,23.551013,7.553672,8.941448,7.177544,3.807073,10.732480,19.441489
2026-07-31,17-22-37,two_teams_slower1,2026-07-31T17:22:37.498451+08:00,2026-07-31T17:24:07.507118+08:00,2026-07-31T17:29:07.639433+08:00,390.141,22,0,25.357288,11.882266,26.531905,10.569138,8.611345,47.853493,18.250943,10.974885,23.760396,31.090582,27.350362,37.795886
2026-07-31,17-30-22,two_teams_slower1,2026-07-31T17:30:22.843915+08:00,2026-07-31T17:31:52.869443+08:00,2026-07-31T17:36:53.038088+08:00,390.194,15,0,9.150936,21.122430,17.450911,18.296656,23.599694,41.440466,10.890600,13.361086,7.899987,10.245779,18.524528,13.700878
2026-07-31,17-38-04,two_teams_slower1,2026-07-31T17:38:04.250528+08:00,2026-07-31T17:38:22.943399+08:00,2026-07-31T17:43:23.081260+08:00,318.831,36,20,12.242759,5.739104,16.296156,16.179831,11.506342,25.787255,4.910599,6.942721,8.043614,11.125899,4.618946,4.201957
2026-07-31,17-44-24,two_teams_slower1,2026-07-31T17:44:24.137716+08:00,2026-07-31T17:45:02.047923+08:00,2026-07-31T17:50:02.208302+08:00,338.071,28,72,6.475209,13.944470,8.704701,19.249672,16.939563,35.291273,4.381144,11.836255,12.347146,6.541675,12.620329,11.234337
2026-07-31,17-51-01,two_teams_slower1,2026-07-31T17:51:01.467103+08:00,2026-07-31T17:52:11.592132+08:00,2026-07-31T17:57:11.732745+08:00,370.266,165,40,5.956986,17.992175,16.574254,52.066598,4.560788,3.823766,6.404868,8.069957,13.582857,14.227777,10.377647,17.317910
2026-07-31,17-58-33,two_teams_slower1,2026-07-31T17:58:33.571565+08:00,2026-07-31T18:00:03.581366+08:00,2026-07-31T18:05:03.719791+08:00,390.148,73,0,13.877451,10.381344,8.545443,18.756451,14.111935,17.193703,3.819843,6.820641,10.317781,13.511303,12.134295,18.560237
2026-07-31,18-06-01,two_teams_slower1,2026-07-31T18:06:01.705375+08:00,2026-07-31T18:06:33.346726+08:00,2026-07-31T18:11:56.891616+08:00,355.186,84,49,3.481998,8.216856,10.639314,17.514022,10.407205,24.673006,6.184818,9.099441,19.875813,23.568529,29.188121,19.637569
2026-07-31,18-12-57,two_teams_slower1,2026-07-31T18:12:57.872308+08:00,2026-07-31T18:14:27.881956+08:00,2026-07-31T18:19:27.961925+08:00,390.090,22,180,10.644113,18.798286,9.361398,31.395651,18.976855,28.754338,8.900964,13.884426,8.122673,20.557745,12.468082,24.988510
2026-07-31,18-20-35,two_teams_slower1,2026-07-31T18:20:35.152984+08:00,2026-07-31T18:22:05.161439+08:00,2026-07-31T18:27:18.582352+08:00,403.429,15,0,5.703241,11.915534,11.380250,34.402980,31.457437,32.231545,6.693187,5.235708,4.243486,3.406888,4.415063,16.607004
2026-07-31,18-32-25,two_teams_slower1,2026-07-31T18:32:25.397722+08:00,2026-07-31T18:33:22.440427+08:00,2026-07-31T18:38:22.560299+08:00,357.163,8,0,5.404009,7.272415,5.230425,13.032362,10.951811,12.648621,3.753326,2.632734,2.009433,3.540970,4.087375,8.186358
2026-07-31,18-39-22,two_teams_slower1,2026-07-31T18:39:22.292016+08:00,2026-07-31T18:39:45.769265+08:00,2026-07-31T18:45:05.721574+08:00,343.430,107,73,4.130805,4.574772,3.328644,5.679466,5.190938,6.892029,7.858489,8.132736,10.938378,11.384796,10.669436,8.428024
2026-08-01,10-44-42,two_teams_slower1,2026-08-01T10:44:42.547436+08:00,2026-08-01T10:44:49.313737+08:00,2026-08-01T10:49:49.460082+08:00,306.913,10,0,0.393159,0.287553,0.291653,0.308441,0.314206,0.240396,1.307742,0.880780,0.362298,0.360168,0.398595,0.247849
2026-08-01,11-11-44,two_teams_slower1,2026-08-01T11:11:44.127601+08:00,2026-08-01T11:13:14.163331+08:00,2026-08-01T11:18:14.232078+08:00,390.104,0,4,9.563331,6.914051,8.644532,15.955730,10.633327,9.869071,7.377078,3.756837,3.955520,6.571459,3.919340,5.482349
2026-08-01,11-19-55,two_teams_slower1,2026-08-01T11:19:55.680176+08:00,2026-08-01T11:21:25.705768+08:00,2026-08-01T11:26:25.825345+08:00,390.145,0,0,2.105863,2.439619,1.614765,5.181795,8.278616,11.073362,5.068195,3.511287,5.337417,3.704013,5.362505,4.855493
2026-08-01,11-30-44,two_teams_slower1,2026-08-01T11:30:44.806367+08:00,2026-08-01T11:32:14.815622+08:00,2026-08-01T11:37:14.923649+08:00,390.117,14,0,9.357716,7.897043,3.646922,2.341290,6.066482,5.625980,5.499977,3.823186,6.337083,11.758484,7.143398,7.743415
2026-08-01,11-39-46,two_teams_slower1,2026-08-01T11:39:46.187397+08:00,2026-08-01T11:41:16.198011+08:00,2026-08-01T11:46:16.330426+08:00,390.143,5,0,4.924999,6.609854,7.016071,11.071352,7.140655,12.041265,8.041222,6.283029,5.077908,7.092768,4.446414,4.676389
2026-08-01,11-48-49,two_teams_slower1,2026-08-01T11:48:49.342435+08:00,2026-08-01T11:50:19.350746+08:00,2026-08-01T11:55:19.449286+08:00,390.107,0,0,9.652887,6.078187,4.979923,12.760265,8.417356,15.575198,4.948510,4.756977,6.770936,8.707902,5.727369,7.440395
2026-08-01,11-59-09,two_teams_slower1,2026-08-01T11:59:09.899372+08:00,2026-08-01T12:00:39.908114+08:00,2026-08-01T12:05:39.992781+08:00,390.093,20,18,2.806113,3.372644,5.245692,6.883712,18.053682,17.921996,3.331053,4.712472,3.027179,3.124418,10.320643,6.925751
2026-08-01,12-06-44,two_teams_slower1,2026-08-01T12:06:44.929486+08:00,2026-08-01T12:08:14.936830+08:00,2026-08-01T12:13:15.107411+08:00,390.178,26,0,3.819696,3.989596,5.552152,5.725048,5.474359,5.713410,5.312423,3.661191,7.359485,8.758294,5.009395,9.686560
2026-08-01,12-14-13,two_teams_slower1,2026-08-01T12:14:13.561464+08:00,2026-08-01T12:15:13.871840+08:00,2026-08-01T12:20:13.976091+08:00,360.415,11,0,16.502013,8.344183,6.365472,5.337831,27.521947,6.954996,13.134657,8.738283,5.457097,14.688677,10.006702,17.692793
2026-08-01,12-21-17,two_teams_slower1,2026-08-01T12:21:17.802604+08:00,2026-08-01T12:22:47.811865+08:00,2026-08-01T12:27:47.983820+08:00,390.181,18,63,2.740995,4.135542,7.809411,23.856758,9.652651,18.804948,6.626063,10.581964,11.288111,6.657897,20.966571,17.111048
2026-08-01,12-28-53,two_teams_slower1,2026-08-01T12:28:53.940502+08:00,2026-08-01T12:30:23.965782+08:00,2026-08-01T12:35:24.064794+08:00,390.124,38,0,4.752420,6.208723,10.938905,15.289863,7.745680,15.947804,10.725051,15.984635,10.375227,22.705944,19.080722,21.623121
2026-08-01,12-36-40,two_teams_slower1,2026-08-01T12:36:40.380995+08:00,2026-08-01T12:38:10.405096+08:00,2026-08-01T12:43:10.579568+08:00,390.199,8,76,1.433941,1.337565,0.993222,2.013724,2.164647,0.283022,2.604187,5.146947,12.248696,7.725930,11.447908,14.458363
2026-08-01,12-44-19,two_teams_slower1,2026-08-01T12:44:19.327002+08:00,2026-08-01T12:45:49.337981+08:00,2026-08-01T12:50:49.534235+08:00,390.207,4,14,0.485213,0.355384,0.349286,0.386368,0.371870,0.273757,6.549256,4.094466,4.872600,5.880817,6.381869,9.351352
2026-08-01,12-55-47,two_teams_slower1,2026-08-01T12:55:47.313315+08:00,2026-08-01T12:57:17.321635+08:00,2026-08-01T13:02:17.493432+08:00,390.180,17,36,8.377536,8.620349,11.695407,14.818721,19.107497,22.139356,6.796839,9.457743,4.870950,12.679648,17.129567,4.427108
2026-08-01,13-07-56,two_teams_slower1,2026-08-01T13:07:56.655890+08:00,2026-08-01T13:09:26.680300+08:00,2026-08-01T13:14:26.849524+08:00,390.194,38,14,8.342124,3.765504,4.246554,5.495763,6.377668,5.700403,6.498638,7.376186,6.369737,15.953119,24.157288,43.630707
2026-08-01,13-15-41,two_teams_slower1,2026-08-01T13:15:41.340229+08:00,2026-08-01T13:17:11.348176+08:00,2026-08-01T13:22:11.447228+08:00,390.107,43,0,5.445318,7.388663,9.981378,11.489828,7.735951,4.263269,10.450315,4.865647,5.553183,7.693768,5.488683,8.426749
2026-08-01,13-23-27,two_teams_slower1,2026-08-01T13:23:27.766814+08:00,2026-08-01T13:23:33.127226+08:00,2026-08-01T13:28:45.612393+08:00,317.846,59,94,8.657370,6.258676,4.225407,5.709888,5.713661,13.549715,8.282406,11.678941,12.020138,24.714568,3.829838,3.418266
2026-08-01,13-29-41,two_teams_slower1,2026-08-01T13:29:41.989095+08:00,2026-08-01T13:30:38.882542+08:00,2026-08-01T13:36:14.127225+08:00,392.138,132,14,16.728857,11.356661,3.743480,15.661884,16.723500,20.867095,4.275497,8.112822,6.503814,10.654142,10.935026,21.399062
2026-08-01,13-37-22,two_teams_slower1,2026-08-01T13:37:22.762118+08:00,2026-08-01T13:38:52.771876+08:00,2026-08-01T13:43:52.848104+08:00,390.086,180,11,4.317591,8.432919,4.501417,14.097226,20.715572,22.332170,4.766218,7.962172,12.060879,20.341515,8.544644,6.296087
2026-08-01,13-45-45,two_teams_slower1,2026-08-01T13:45:45.438547+08:00,2026-08-01T13:47:15.465451+08:00,2026-08-01T13:52:26.827259+08:00,401.389,19,43,13.057391,9.923898,8.673502,14.449734,21.134953,23.611827,8.553048,5.298428,11.945860,21.363948,13.522094,15.483552
2026-08-01,13-53-35,two_teams_slower1,2026-08-01T13:53:35.452668+08:00,2026-08-01T13:55:05.460813+08:00,2026-08-01T14:00:05.598503+08:00,390.146,19,0,8.580874,5.310731,6.266605,8.930774,7.692867,8.113504,3.619787,1.380227,1.049536,1.942574,3.790266,3.525093
2026-08-01,14-01-12,two_teams_slower1,2026-08-01T14:01:12.497781+08:00,2026-08-01T14:02:42.523115+08:00,2026-08-01T14:07:42.601173+08:00,390.103,45,0,4.565855,4.115881,6.754088,5.998383,9.580859,16.251107,6.598514,8.703941,1.458643,2.066186,18.852029,18.334696
2026-08-01,14-09-15,two_teams_slower1,2026-08-01T14:09:15.692267+08:00,2026-08-01T14:10:45.715451+08:00,2026-08-01T14:15:45.873490+08:00,390.181,6,0,6.723184,3.315252,1.253087,2.717842,3.922798,0.297487,3.863883,4.274508,5.109704,3.499506,5.329856,3.570676
2026-08-01,14-16-54,two_teams_slower1,2026-08-01T14:16:54.539425+08:00,2026-08-01T14:16:56.649651+08:00,2026-08-01T14:21:56.755894+08:00,302.216,93,83,6.021749,6.608823,5.910192,7.754691,18.543700,26.416047,6.510730,6.752582,7.196383,11.264411,3.604079,12.185984
2026-08-01,14-22-59,two_teams_slower1,2026-08-01T14:22:59.100978+08:00,2026-08-01T14:24:29.126397+08:00,2026-08-01T14:29:29.302743+08:00,390.202,89,43,7.809392,6.452041,2.407185,14.201017,11.062457,16.513390,9.870671,6.740633,11.816803,8.310798,18.065646,8.025626
2026-08-01,14-30-35,two_teams_slower1,2026-08-01T14:30:35.469353+08:00,2026-08-01T14:32:05.495925+08:00,2026-08-01T14:37:05.588997+08:00,390.120,4,10,10.914936,4.162914,3.311811,9.662221,10.250266,11.782994,7.787949,10.450353,14.551789,8.877019,17.863074,20.579404
2026-08-01,14-38-08,two_teams_slower1,2026-08-01T14:38:08.977318+08:00,2026-08-01T14:39:38.985609+08:00,2026-08-01T14:44:58.532607+08:00,409.555,11,0,5.231896,7.240747,10.212971,10.952751,16.654707,8.805849,14.497656,8.033903,6.356514,13.153092,13.121076,10.861440
2026-08-01,14-45-56,two_teams_slower1,2026-08-01T14:45:56.362171+08:00,2026-08-01T14:45:56.472950+08:00,2026-08-01T14:51:08.357001+08:00,311.995,131,52,7.998315,11.448492,5.549102,9.775286,11.261853,8.746055,17.848207,10.067809,15.282067,13.982761,17.442569,22.773272
2026-08-01,14-52-19,two_teams_slower1,2026-08-01T14:52:19.345252+08:00,2026-08-01T14:53:49.354576+08:00,2026-08-01T14:58:49.480521+08:00,390.135,37,0,4.534381,8.838208,10.034586,40.554137,13.274344,46.131659,14.892174,12.913322,18.173849,46.336997,15.600651,27.598091
2026-08-01,14-59-55,two_teams_slower1,2026-08-01T14:59:55.871835+08:00,2026-08-01T15:01:25.880123+08:00,2026-08-01T15:10:16.761899+08:00,620.890,86,4,6.079669,9.696595,9.472399,44.460229,27.339432,51.419601,9.713447,9.689023,13.301793,14.782827,15.975463,20.713956
2026-08-01,15-11-42,two_teams_slower1,2026-08-01T15:11:42.882609+08:00,2026-08-01T15:13:12.891315+08:00,2026-08-01T15:18:13.000980+08:00,390.118,0,5,18.932181,10.557866,8.860023,6.001960,12.684571,27.274702,6.616798,3.378534,3.444026,5.054539,4.908384,14.264336
2026-08-01,15-19-16,two_teams_slower1,2026-08-01T15:19:16.757522+08:00,2026-08-01T15:20:46.766964+08:00,2026-08-01T15:25:46.913408+08:00,390.156,12,0,7.072097,5.001476,8.247629,15.210632,12.289047,14.510304,3.196596,5.431310,8.107853,16.951236,19.981011,16.159016
2026-08-01,15-26-57,two_teams_slower1,2026-08-01T15:26:57.702511+08:00,2026-08-01T15:28:27.728266+08:00,2026-08-01T15:39:51.561910+08:00,773.859,100,73,7.033552,7.674356,15.253178,28.306703,19.623019,32.755774,7.036881,8.367032,12.910876,25.733064,15.814885,19.315945
2026-08-01,15-40-56,two_teams_slower1,2026-08-01T15:40:56.228728+08:00,2026-08-01T15:42:26.255561+08:00,2026-08-01T15:47:35.604025+08:00,399.375,15,120,4.058292,7.629597,12.375138,22.302511,17.216755,8.446575,9.129141,9.589966,2.623833,23.714912,11.652926,27.799533
2026-08-01,15-48-33,two_teams_slower1,2026-08-01T15:48:33.523430+08:00,2026-08-01T15:50:03.548608+08:00,2026-08-01T15:55:03.682263+08:00,390.159,104,9,8.704246,11.432376,8.838986,15.716262,13.486815,27.354797,7.666844,5.878070,7.266839,9.456412,8.921887,8.351043
2026-08-01,15-56-06,two_teams_slower1,2026-08-01T15:56:06.166243+08:00,2026-08-01T15:57:36.175889+08:00,2026-08-01T16:02:58.086354+08:00,411.920,19,65,20.621008,11.050798,11.023950,10.161973,18.601650,24.221856,10.467447,13.905122,7.500980,17.656562,17.881652,26.986422
2026-08-01,16-04-01,two_teams_slower1,2026-08-01T16:04:01.261469+08:00,2026-08-01T16:05:31.269324+08:00,2026-08-01T16:10:38.137770+08:00,396.876,23,48,15.335599,10.519698,5.499947,23.876545,23.560541,41.114124,12.233292,10.373736,9.406586,28.995728,19.806958,12.125200
2026-08-01,16-11-35,two_teams_slower1,2026-08-01T16:11:35.528095+08:00,2026-08-01T16:13:05.535777+08:00,2026-08-01T16:18:23.324708+08:00,407.797,116,121,14.241961,16.349446,20.623983,34.572144,48.595663,69.991801,7.734586,14.482961,8.555778,36.366576,26.076962,18.525971
2026-08-01,16-19-22,two_teams_slower1,2026-08-01T16:19:22.459592+08:00,2026-08-01T16:20:52.467792+08:00,2026-08-01T16:25:52.537189+08:00,390.078,13,0,5.277759,4.026768,9.988372,9.166565,26.555489,14.757016,15.988904,10.558597,15.859321,14.999173,15.704259,8.840098
2026-08-01,16-26-53,two_teams_slower1,2026-08-01T16:26:53.395634+08:00,2026-08-01T16:28:23.418382+08:00,2026-08-01T16:33:35.848811+08:00,402.453,34,0,7.916039,6.324006,10.091450,8.124842,30.495134,27.016963,11.892107,7.668444,12.441615,10.398571,20.151623,6.195197
2026-08-01,16-34-44,two_teams_slower1,2026-08-01T16:34:44.079265+08:00,2026-08-01T16:36:14.105695+08:00,2026-08-01T16:41:14.298715+08:00,390.219,110,46,5.546875,6.804041,6.789891,9.497917,21.045714,61.455921,14.631427,13.233095,13.051585,10.723335,26.216049,37.165235
2026-08-01,16-42-20,two_teams_slower1,2026-08-01T16:42:20.966492+08:00,2026-08-01T16:43:50.991116+08:00,2026-08-01T16:48:51.149953+08:00,390.183,15,27,7.039732,7.791466,19.180957,13.460037,24.137473,28.463487,4.401887,8.909232,11.570907,24.834249,24.513436,14.980911
2026-08-01,16-49-52,two_teams_slower1,2026-08-01T16:49:52.216261+08:00,2026-08-01T16:51:22.239513+08:00,2026-08-01T16:56:22.373635+08:00,390.157,44,71,4.278184,14.228822,17.395360,22.204289,16.900993,45.864690,8.941440,13.268628,25.137365,32.956398,17.617318,35.664488
2026-08-01,16-57-23,two_teams_slower1,2026-08-01T16:57:23.181913+08:00,2026-08-01T16:58:53.190734+08:00,2026-08-01T17:03:53.264402+08:00,390.082,112,71,15.444558,14.274415,8.267684,20.341045,16.873655,16.989109,6.497719,6.516206,10.290360,14.445992,26.012802,21.274750
2026-08-01,17-04-54,two_teams_slower1,2026-08-01T17:04:54.298073+08:00,2026-08-01T17:06:24.305839+08:00,2026-08-01T17:11:24.477472+08:00,390.179,156,10,14.500106,8.254171,10.134670,23.964133,21.010140,18.763497,5.727759,4.136743,6.726806,7.732020,7.534905,15.140686
2026-08-01,17-12-23,two_teams_slower1,2026-08-01T17:12:23.729968+08:00,2026-08-01T17:13:53.754366+08:00,2026-08-01T17:18:31.818408+08:00,368.088,38,0,6.114594,8.057056,4.229672,9.576906,7.402907,18.301253,9.739239,6.843006,11.579071,10.419794,20.626642,35.097406
2026-08-01,17-19-31,two_teams_slower1,2026-08-01T17:19:31.928734+08:00,2026-08-01T17:21:01.953543+08:00,2026-08-01T17:26:02.066810+08:00,390.138,46,84,3.611995,8.777563,8.941096,13.395401,16.328250,11.243811,19.202314,11.371376,7.432148,29.490613,26.747673,32.342155
2026-08-01,17-27-15,two_teams_slower1,2026-08-01T17:27:15.136001+08:00,2026-08-01T17:28:45.143759+08:00,2026-08-01T17:34:04.647632+08:00,409.512,30,50,7.804313,8.204907,18.841504,22.722830,18.438113,22.639248,14.680377,13.669714,12.257730,16.348452,14.490495,14.272542
2026-08-01,17-35-08,two_teams_slower1,2026-08-01T17:35:08.083951+08:00,2026-08-01T17:36:38.109221+08:00,2026-08-01T17:41:38.280780+08:00,390.197,112,4,6.062342,9.443848,8.095477,33.706365,13.745097,34.746887,6.575681,4.945697,7.566945,8.655826,16.907734,14.832321
2026-08-01,17-42-40,two_teams_slower1,2026-08-01T17:42:40.346761+08:00,2026-08-01T17:44:10.371776+08:00,2026-08-01T17:49:18.343027+08:00,397.996,101,86,5.382525,9.304732,20.465891,16.558294,10.999543,29.718894,5.832597,10.730325,8.946284,15.389561,16.786991,18.764271
2026-08-01,17-50-20,two_teams_slower1,2026-08-01T17:50:20.675435+08:00,2026-08-01T17:51:50.682157+08:00,2026-08-01T17:56:58.530186+08:00,397.855,89,78,21.735232,10.376212,15.187314,14.300108,32.760983,31.210762,8.599046,6.081990,10.636119,16.081352,9.422540,15.481798
2026-08-01,17-58-04,two_teams_slower1,2026-08-01T17:58:04.711538+08:00,2026-08-01T17:59:34.738213+08:00,2026-08-01T18:04:34.832160+08:00,390.121,18,63,5.609135,6.232083,5.491011,10.273288,7.217281,4.720579,8.206805,5.646737,8.540317,11.093327,5.260576,3.902570
2026-08-01,18-05-39,two_teams_slower1,2026-08-01T18:05:39.226455+08:00,2026-08-01T18:07:09.236651+08:00,2026-08-01T18:12:09.336284+08:00,390.110,15,95,4.638543,5.839255,7.061071,13.720332,6.221686,6.095236,5.820600,6.587646,12.647713,19.663847,9.239706,7.866850
2026-08-01,18-18-00,two_teams_slower1,2026-08-01T18:18:00.664598+08:00,2026-08-01T18:19:30.688326+08:00,2026-08-01T18:24:30.789366+08:00,390.125,24,67,7.729977,8.961824,7.684884,4.078369,14.228674,10.931194,5.573611,7.591387,11.126017,7.720537,10.234383,13.013143
2026-08-01,18-25-31,two_teams_slower1,2026-08-01T18:25:31.497149+08:00,2026-08-01T18:27:01.523019+08:00,2026-08-01T18:32:01.605546+08:00,390.108,6,0,10.626031,25.659208,21.731677,22.733439,18.141531,7.611877,4.739522,5.191855,5.818777,10.094793,4.937683,10.456657
2026-08-01,18-32-59,two_teams_slower1,2026-08-01T18:32:59.305839+08:00,2026-08-01T18:34:29.330771+08:00,2026-08-01T18:39:29.426887+08:00,390.121,13,0,11.370199,11.290519,13.909397,22.932724,10.286508,10.430617,18.661037,15.995562,8.104640,8.381710,13.091761,15.495799
2026-08-01,18-40-31,two_teams_slower1,2026-08-01T18:40:31.191005+08:00,2026-08-01T18:42:01.214620+08:00,2026-08-01T18:46:55.298537+08:00,384.108,38,0,4.256814,3.346038,5.437802,8.043640,7.332728,6.855382,1.333134,4.523356,2.563757,2.704018,13.166770,7.968870
2026-08-02,10-38-35,two_teams_slower1,2026-08-02T10:38:35.148406+08:00,2026-08-02T10:40:05.146886+08:00,2026-08-02T10:45:05.192444+08:00,390.044,0,0,0.482107,0.532749,0.641835,0.843362,0.382089,0.746853,0.443214,0.612212,0.659365,0.686355,0.477074,0.766343
2026-08-02,11-40-40,two_teams_slower1,2026-08-02T11:40:40.970180+08:00,2026-08-02T11:42:10.988944+08:00,2026-08-02T11:47:11.083086+08:00,390.113,0,0,0.523720,0.375806,0.504076,0.404810,0.397849,0.289346,0.430294,0.458371,0.729385,0.445042,0.488056,0.339121
2026-08-02,12-02-22,two_teams_slower1,2026-08-02T12:02:22.729782+08:00,2026-08-02T12:03:52.745116+08:00,2026-08-02T12:13:18.103956+08:00,655.374,14,11,5.212879,9.952767,10.120712,11.688632,16.941990,35.351663,11.695132,4.321337,3.986091,16.688659,19.296882,14.255273
2026-08-02,12-14-34,two_teams_slower1,2026-08-02T12:14:34.111613+08:00,2026-08-02T12:16:04.137112+08:00,2026-08-02T12:21:04.215323+08:00,390.104,28,34,4.994788,5.077635,4.541203,5.428813,4.557008,6.166431,7.941973,5.166674,6.873752,5.829244,14.621854,31.196802
2026-08-02,12-22-35,two_teams_slower1,2026-08-02T12:22:35.665042+08:00,2026-08-02T12:24:05.674749+08:00,2026-08-02T12:29:22.672559+08:00,407.008,37,0,10.437905,7.285791,8.083324,18.295705,4.497719,5.496022,7.123028,4.732390,4.037635,4.993033,5.809953,15.660555
2026-08-02,12-30-20,two_teams_slower1,2026-08-02T12:30:20.951556+08:00,2026-08-02T12:31:45.744085+08:00,2026-08-02T12:36:45.874340+08:00,384.923,31,81,7.714524,10.114323,12.903700,19.608783,21.330872,37.917621,7.459868,7.238752,3.138595,18.342560,4.608967,3.519541
2026-08-02,12-37-47,two_teams_slower1,2026-08-02T12:37:47.012688+08:00,2026-08-02T12:39:17.023082+08:00,2026-08-02T12:44:17.164125+08:00,390.151,0,0,4.081741,5.277140,5.271925,7.659954,4.420671,3.766919,7.071230,4.860796,3.126008,8.255477,5.557849,12.895565
2026-08-02,12-45-23,two_teams_slower1,2026-08-02T12:45:23.354397+08:00,2026-08-02T12:46:36.746284+08:00,2026-08-02T12:51:36.856336+08:00,373.502,0,0,7.207882,4.593326,8.112462,5.898711,13.667444,14.473665,3.316638,2.776409,3.607023,11.214658,5.052135,3.942949
2026-08-02,12-56-59,two_teams_slower1,2026-08-02T12:56:59.814844+08:00,2026-08-02T12:58:29.823179+08:00,2026-08-02T13:03:29.897253+08:00,390.082,11,0,1.551290,1.502910,1.049256,1.924814,3.646107,3.776343,1.304775,1.374089,1.068365,1.955533,3.769565,3.689478
2026-08-02,13-05-27,two_teams_slower1,2026-08-02T13:05:27.814521+08:00,2026-08-02T13:06:57.824256+08:00,2026-08-02T13:11:57.916301+08:00,390.102,0,4,3.338678,7.491757,17.799386,13.897902,28.089941,26.841679,13.556400,6.130562,6.362665,8.031438,8.087710,13.467330
2026-08-02,13-16-00,two_teams_slower1,2026-08-02T13:16:00.370457+08:00,2026-08-02T13:17:30.395107+08:00,2026-08-02T13:22:30.495607+08:00,390.125,32,78,11.007621,5.699998,7.593582,7.200955,9.885156,15.462340,3.166060,7.342557,12.672760,18.614231,4.130363,3.548869
2026-08-02,13-23-42,two_teams_slower1,2026-08-02T13:23:42.102154+08:00,2026-08-02T13:25:12.128636+08:00,2026-08-02T13:30:12.263772+08:00,390.162,0,0,3.843893,2.135830,1.459396,2.241290,3.586132,3.521497,8.712570,4.493929,4.349645,6.196161,13.126386,24.249552
2026-08-02,13-31-10,two_teams_slower1,2026-08-02T13:31:10.864285+08:00,2026-08-02T13:32:40.891202+08:00,2026-08-02T13:37:47.765294+08:00,396.901,12,26,10.211556,7.146881,6.754874,7.940230,9.477953,28.842497,5.303824,4.686130,5.831295,8.353048,10.538190,7.538867
2026-08-02,13-38-44,two_teams_slower1,2026-08-02T13:38:44.620803+08:00,2026-08-02T13:40:14.629985+08:00,2026-08-02T13:45:23.030671+08:00,398.410,106,38,10.062859,8.296530,2.275531,8.221521,5.498484,28.536220,9.799778,14.760923,15.863833,11.907411,11.346061,11.877219
2026-08-02,13-46-25,two_teams_slower1,2026-08-02T13:46:25.333027+08:00,2026-08-02T13:47:55.356544+08:00,2026-08-02T13:52:55.505993+08:00,390.173,93,9,9.509162,12.463542,8.667407,13.300082,14.302953,13.837818,6.542055,6.828248,6.534117,7.177679,7.437829,11.409260
2026-08-02,13-53-53,two_teams_slower1,2026-08-02T13:53:53.612325+08:00,2026-08-02T13:55:23.620522+08:00,2026-08-02T14:00:23.783885+08:00,390.172,85,152,15.402022,8.644035,9.759332,7.622564,13.824578,12.608566,5.705699,8.790228,14.233612,19.119388,23.466090,12.016600
2026-08-02,14-01-35,two_teams_slower1,2026-08-02T14:01:35.526982+08:00,2026-08-02T14:03:05.556054+08:00,2026-08-02T14:08:05.724815+08:00,390.198,8,26,6.007002,8.921970,14.418314,19.113516,18.444334,20.249440,5.360725,7.018086,5.873977,8.892266,3.694344,3.575311
2026-08-02,14-12-02,two_teams_slower1,2026-08-02T14:12:02.601936+08:00,2026-08-02T14:13:32.610645+08:00,2026-08-02T14:18:32.794783+08:00,390.193,15,132,19.498895,13.758609,7.436679,7.837439,20.218654,14.660570,10.101508,7.417039,11.264603,7.379957,10.319806,20.523942
2026-08-02,14-22-08,two_teams_slower1,2026-08-02T14:22:08.082001+08:00,2026-08-02T14:23:38.091420+08:00,2026-08-02T14:28:47.035870+08:00,398.954,55,65,18.346362,14.118094,9.922092,17.893352,6.600706,17.260402,10.477625,11.482930,8.837876,14.722888,17.957605,21.988588
2026-08-02,14-29-50,two_teams_slower1,2026-08-02T14:29:50.409240+08:00,2026-08-02T14:31:20.417472+08:00,2026-08-02T14:36:20.573472+08:00,390.164,6,116,24.804003,16.184926,14.868523,26.382251,14.555223,18.310295,4.922361,7.955298,13.287847,13.078040,9.977169,17.385962
2026-08-02,14-37-23,two_teams_slower1,2026-08-02T14:37:23.325550+08:00,2026-08-02T14:38:53.333740+08:00,2026-08-02T14:43:53.438145+08:00,390.113,127,222,12.292642,7.676468,8.797822,8.160897,5.853254,10.156649,7.563215,13.855368,20.164070,30.177668,10.349921,24.894969
2026-08-02,14-47-08,two_teams_slower1,2026-08-02T14:47:08.223465+08:00,2026-08-02T14:48:38.230963+08:00,2026-08-02T14:53:38.328095+08:00,390.105,5,0,4.300055,2.326767,1.551870,1.928424,3.556082,3.479554,3.220572,2.937126,2.997962,4.757083,4.185492,5.419919
2026-08-02,14-56-40,two_teams_slower1,2026-08-02T14:56:40.456629+08:00,2026-08-02T14:58:10.467823+08:00,2026-08-02T15:03:10.597250+08:00,390.141,65,58,10.539660,5.134355,8.553134,5.975170,9.781515,10.633276,9.145929,10.459765,5.003589,20.502356,7.702565,6.701870
2026-08-02,15-04-18,two_teams_slower1,2026-08-02T15:04:18.816041+08:00,2026-08-02T15:05:48.842798+08:00,2026-08-02T15:10:48.964738+08:00,390.149,7,0,11.996056,7.045657,5.428655,23.790825,28.145621,26.488775,4.551370,7.231276,4.626566,5.005243,20.770796,22.849072
2026-08-02,15-11-47,two_teams_slower1,2026-08-02T15:11:47.156426+08:00,2026-08-02T15:13:17.165114+08:00,2026-08-02T15:18:17.298181+08:00,390.142,60,46,5.986385,7.448053,11.949113,27.469359,12.454997,11.131421,7.618566,8.100223,11.966045,12.479505,9.440066,14.973055
2026-08-02,15-19-26,two_teams_slower1,2026-08-02T15:19:26.233398+08:00,2026-08-02T15:20:56.243201+08:00,2026-08-02T15:25:56.352693+08:00,390.119,145,68,5.921190,11.962423,13.779393,41.825665,10.079242,5.984465,8.760212,12.138957,15.626877,23.183723,3.974070,5.078284
2026-08-02,15-26-56,two_teams_slower1,2026-08-02T15:26:56.380433+08:00,2026-08-02T15:28:26.389762+08:00,2026-08-02T15:33:26.518120+08:00,390.138,100,0,12.779313,13.460604,13.999567,40.775889,21.131276,25.154020,5.649923,11.676975,15.893936,4.577747,21.168112,18.337746
2026-08-02,15-34-47,two_teams_slower1,2026-08-02T15:34:47.698594+08:00,2026-08-02T15:36:17.724333+08:00,2026-08-02T15:41:17.858652+08:00,390.160,147,91,15.653266,16.529452,18.382782,22.626064,4.599544,6.697695,11.591866,10.855631,3.656536,33.290785,6.894259,11.163188
2026-08-02,15-42-21,two_teams_slower1,2026-08-02T15:42:21.733085+08:00,2026-08-02T15:43:51.758588+08:00,2026-08-02T15:49:00.669801+08:00,398.937,50,0,17.403954,13.889209,12.238017,13.223203,8.857923,10.149616,12.337519,7.742377,8.245779,6.035058,6.033628,12.470217
2026-08-02,15-49-59,two_teams_slower1,2026-08-02T15:49:59.900247+08:00,2026-08-02T15:51:29.909541+08:00,2026-08-02T15:56:37.278598+08:00,397.378,22,77,9.137541,6.141016,5.598623,11.245460,6.494526,10.383063,14.650852,15.913533,9.052042,35.932200,22.096904,27.607635
2026-08-02,15-58-13,two_teams_slower1,2026-08-02T15:58:13.131023+08:00,2026-08-02T15:59:43.156393+08:00,2026-08-02T16:04:43.271904+08:00,390.141,68,37,8.823953,6.019146,6.447401,16.830126,3.717195,3.807529,10.866658,5.679205,11.713452,13.161873,6.507512,4.787267
2026-08-02,16-05-41,two_teams_slower1,2026-08-02T16:05:41.351063+08:00,2026-08-02T16:05:54.409600+08:00,2026-08-02T16:10:54.512975+08:00,313.162,109,10,16.579973,21.194907,11.064499,14.080011,8.259592,14.309560,8.868181,16.080147,17.125227,12.117757,6.893849,8.338446
2026-08-02,16-11-50,two_teams_slower1,2026-08-02T16:11:50.264877+08:00,2026-08-02T16:11:51.240229+08:00,2026-08-02T16:16:51.351301+08:00,301.086,152,90,12.011273,10.079680,13.502253,20.170481,6.797002,12.322453,7.417359,18.821767,16.027533,33.892227,10.510233,25.376553
2026-08-02,16-18-22,two_teams_slower1,2026-08-02T16:18:22.572581+08:00,2026-08-02T16:18:25.881744+08:00,2026-08-02T16:23:37.918959+08:00,315.346,97,10,17.703447,12.436595,11.351310,12.268810,12.036928,10.469115,5.559349,6.170849,7.846664,9.689207,5.947121,9.016762
2026-08-02,16-25-04,two_teams_slower1,2026-08-02T16:25:04.397422+08:00,2026-08-02T16:25:15.771519+08:00,2026-08-02T16:30:15.883137+08:00,311.486,103,105,15.888707,17.537248,15.264589,22.673037,7.883823,3.388242,7.058586,5.842357,10.323767,16.441532,4.668724,5.888415
2026-08-02,16-31-20,two_teams_slower1,2026-08-02T16:31:20.906082+08:00,2026-08-02T16:31:21.832856+08:00,2026-08-02T16:36:21.952280+08:00,301.046,165,28,9.854876,10.353934,15.446852,16.312300,6.508354,13.942096,5.622123,11.647046,12.756296,10.399348,7.399392,9.188066
2026-08-02,16-37-22,two_teams_slower1,2026-08-02T16:37:22.957594+08:00,2026-08-02T16:37:26.370682+08:00,2026-08-02T16:42:26.543483+08:00,303.586,93,155,15.015134,12.252438,18.850421,17.720961,13.893176,31.045993,12.515263,13.530250,13.495684,24.632456,21.285368,21.756458
2026-08-02,16-43-35,two_teams_slower1,2026-08-02T16:43:35.323978+08:00,2026-08-02T16:43:39.832935+08:00,2026-08-02T16:48:49.834909+08:00,314.511,104,107,9.574839,6.824026,12.668645,17.466864,16.482956,16.234516,10.184678,6.276915,8.660416,8.989521,11.092004,9.679194
2026-08-02,16-49-51,two_teams_slower1,2026-08-02T16:49:51.572511+08:00,2026-08-02T16:49:57.081479+08:00,2026-08-02T16:54:57.241671+08:00,305.669,155,18,9.096868,6.240798,18.173174,21.900372,21.225957,23.004665,4.182744,9.758323,25.083299,18.046533,13.234827,22.838811
2026-08-02,16-55-58,two_teams_slower1,2026-08-02T16:55:58.213258+08:00,2026-08-02T16:56:02.372832+08:00,2026-08-02T17:01:02.450411+08:00,304.237,131,16,7.501629,11.031283,5.979166,11.245379,13.357513,28.756138,17.121961,5.354247,5.198601,10.289086,16.041429,21.456829
2026-08-02,17-02-04,two_teams_slower1,2026-08-02T17:02:04.088147+08:00,2026-08-02T17:02:25.546613+08:00,2026-08-02T17:07:25.655929+08:00,321.568,57,5,15.172701,11.568406,16.198458,20.354770,7.707895,25.864068,6.012393,6.750656,6.365320,3.397485,11.363631,17.355626
2026-08-02,17-08-28,two_teams_slower1,2026-08-02T17:08:28.687197+08:00,2026-08-02T17:08:35.995653+08:00,2026-08-02T17:13:36.025849+08:00,307.339,142,126,7.535609,5.645675,14.816257,9.303222,6.427046,8.756964,7.273409,14.888726,14.911155,12.198423,15.716705,26.271422
2026-08-02,17-14-34,two_teams_slower1,2026-08-02T17:14:34.460331+08:00,2026-08-02T17:14:47.417748+08:00,2026-08-02T17:19:47.532840+08:00,313.073,139,12,6.274651,8.830613,11.385865,20.355577,12.067343,13.341643,7.429766,10.382348,11.976859,12.304181,32.813215,11.846190
2026-08-02,17-20-51,two_teams_slower1,2026-08-02T17:20:51.614792+08:00,2026-08-02T17:21:02.541337+08:00,2026-08-02T17:26:12.598665+08:00,320.984,292,99,11.622029,9.462802,15.889515,20.049430,16.852337,12.239860,13.229243,14.025700,15.839910,27.292814,34.281339,9.779011
2026-08-02,17-27-16,two_teams_slower1,2026-08-02T17:27:16.470121+08:00,2026-08-02T17:27:26.195514+08:00,2026-08-02T17:32:26.262934+08:00,309.793,134,105,10.897426,15.981248,14.546074,27.660770,13.779566,9.317068,2.620572,6.545444,12.941508,20.488240,16.183607,29.549482
2026-08-02,17-33-34,two_teams_slower1,2026-08-02T17:33:34.083562+08:00,2026-08-02T17:33:36.543490+08:00,2026-08-02T17:38:36.696102+08:00,302.613,164,109,8.205546,12.722545,18.161915,23.684267,8.011280,9.716631,10.843410,12.780266,23.204424,28.411000,4.159447,3.444931
2026-08-02,17-39-54,two_teams_slower1,2026-08-02T17:39:54.257833+08:00,2026-08-02T17:40:13.566658+08:00,2026-08-02T17:45:13.717153+08:00,319.459,42,73,10.933659,7.830224,15.287107,14.077333,10.612692,8.517976,5.226441,8.190207,7.765171,11.096333,4.412644,4.420555
2026-08-02,17-46-15,two_teams_slower1,2026-08-02T17:46:15.633039+08:00,2026-08-02T17:46:19.191744+08:00,2026-08-02T17:51:27.564894+08:00,311.932,299,189,14.973620,9.380548,11.772220,23.332695,9.580592,3.842145,12.962043,13.984352,11.924244,25.220459,4.429182,13.783273
2026-08-02,17-52-31,two_teams_slower1,2026-08-02T17:52:31.536315+08:00,2026-08-02T17:52:36.794843+08:00,2026-08-02T17:57:36.871144+08:00,305.335,128,102,6.887095,17.500870,18.266693,23.050969,16.240134,24.904109,8.581214,5.423453,4.717065,7.971079,7.178576,35.036153
2026-08-02,17-58-37,two_teams_slower1,2026-08-02T17:58:37.455098+08:00,2026-08-02T17:58:41.363426+08:00,2026-08-02T18:03:41.487947+08:00,304.033,147,33,11.692271,21.055987,24.934946,42.807260,3.856258,3.756670,5.942309,15.411211,11.643798,14.349977,17.434356,40.461150
2026-08-02,18-04-54,two_teams_slower1,2026-08-02T18:04:54.506278+08:00,2026-08-02T18:04:55.331033+08:00,2026-08-02T18:10:07.855515+08:00,313.349,234,82,18.006784,11.513614,24.605430,42.315336,4.272011,3.460528,9.918398,8.978138,14.153972,19.811862,22.432623,32.237702
2026-08-02,18-11-07,two_teams_slower1,2026-08-02T18:11:07.216138+08:00,2026-08-02T18:11:17.106848+08:00,2026-08-02T18:16:41.898508+08:00,334.682,219,185,12.170629,15.117487,29.982652,41.749827,10.681919,36.693214,5.511040,6.669845,10.627901,19.018699,12.971123,13.881532
2026-08-02,18-17-47,two_teams_slower1,2026-08-02T18:17:47.086463+08:00,2026-08-02T18:17:48.211996+08:00,2026-08-02T18:22:48.340152+08:00,301.254,178,19,12.486212,10.651421,27.946032,44.377792,24.804870,17.059096,5.267945,12.162004,25.757428,18.418341,17.062123,5.753506
2026-08-02,18-23-55,two_teams_slower1,2026-08-02T18:23:55.429557+08:00,2026-08-02T18:23:56.139204+08:00,2026-08-02T18:28:56.262230+08:00,300.833,142,134,8.158739,7.733255,8.364686,10.969775,8.809240,13.884502,6.161005,5.520471,4.030458,14.043851,7.389538,8.002951
2026-08-02,18-29-59,two_teams_slower1,2026-08-02T18:29:59.365578+08:00,2026-08-02T18:31:09.993698+08:00,2026-08-02T18:36:10.126437+08:00,370.761,34,98,2.747983,3.883532,16.432657,19.871950,32.834488,17.146335,6.493040,9.486366,11.273476,24.839614,14.854730,16.219061
2026-08-02,18-38-44,two_teams_slower1,2026-08-02T18:38:44.429364+08:00,2026-08-02T18:40:14.451771+08:00,2026-08-02T18:45:14.597955+08:00,390.169,21,12,10.956839,16.768181,10.444933,15.549769,23.099623,27.650347,3.528702,16.176270,18.798732,9.633390,19.299490,15.112959
2026-08-03,10-08-43,two_teams_slower1,2026-08-03T10:08:43.499926+08:00,2026-08-03T10:08:43.666641+08:00,2026-08-03T10:08:43.996188+08:00,0.496,0,0,0.000406,0.000736,0.000673,0.000509,0.011092,0.010453,0.000543,0.000616,0.000534,0.000434,0.000412,0.000396
2026-08-03,11-21-55,two_teams_slower1,2026-08-03T11:21:55.809342+08:00,2026-08-03T11:23:25.810090+08:00,2026-08-03T11:28:26.034861+08:00,390.226,20,4,5.650029,3.436454,5.784825,5.489053,10.225908,17.766647,10.644738,6.952372,10.697307,9.907272,9.084813,11.201479
2026-08-03,13-11-42,two_teams_slower1,2026-08-03T13:11:42.701615+08:00,2026-08-03T13:13:12.711382+08:00,2026-08-03T13:18:12.844137+08:00,390.143,0,0,0.523534,0.405128,0.508427,0.418623,0.405267,0.298305,0.410483,0.487556,0.911103,0.506123,0.513415,0.329152
2026-08-03,13-34-19,two_teams_slower1,2026-08-03T13:34:19.446906+08:00,2026-08-03T13:35:49.487714+08:00,2026-08-03T13:40:49.588876+08:00,390.142,0,0,0.490095,0.390960,0.465433,0.407611,0.399017,0.294409,0.446784,0.440265,0.596869,0.429212,0.511604,0.328969
2026-08-04,11-05-23,two_teams_slower1,2026-08-04T11:05:23.434086+08:00,2026-08-04T11:06:53.434147+08:00,2026-08-04T11:11:53.560415+08:00,390.126,19,78,5.867329,6.048358,6.958542,8.937157,3.806290,3.903799,3.577652,4.289810,3.985732,7.072647,8.054256,13.196451
2026-08-04,11-17-36,two_teams_slower1,2026-08-04T11:17:36.912107+08:00,2026-08-04T11:19:06.941640+08:00,2026-08-04T11:24:07.167250+08:00,390.255,7,0,1.559168,1.462798,3.861900,5.744936,3.581937,0.286717,6.796237,0.602098,0.517877,0.460149,0.543910,0.350378
2026-08-04,11-24-59,two_teams_slower1,2026-08-04T11:24:59.168472+08:00,2026-08-04T11:25:58.322051+08:00,2026-08-04T11:30:58.575030+08:00,359.407,25,0,5.266917,5.729958,12.349123,9.882882,15.696083,17.567560,5.258196,5.582095,10.331965,17.184071,8.133895,12.249285
2026-08-04,11-38-18,two_teams_slower1,2026-08-04T11:38:18.340186+08:00,2026-08-04T11:39:48.369008+08:00,2026-08-04T11:44:48.484914+08:00,390.145,0,0,7.572732,0.571098,0.493242,0.415592,0.436074,0.290219,7.747355,3.625075,2.944011,3.811884,9.285984,10.987049
2026-08-04,11-45-48,two_teams_slower1,2026-08-04T11:45:48.054390+08:00,2026-08-04T11:47:18.082003+08:00,2026-08-04T11:52:18.202563+08:00,390.148,16,0,0.466836,0.364291,0.360635,0.390577,0.399233,0.286632,5.998446,1.804217,1.316071,2.791990,14.678788,3.795006
2026-08-04,11-56-31,two_teams_slower1,2026-08-04T11:56:31.335081+08:00,2026-08-04T11:58:01.345226+08:00,2026-08-04T12:03:01.570155+08:00,390.235,48,0,4.815605,5.940562,7.785192,9.291867,5.582317,9.976690,15.816767,9.935231,7.998300,16.290238,12.766559,20.394510
2026-08-04,12-22-48,two_teams_slower1,2026-08-04T12:22:48.516222+08:00,2026-08-04T12:24:18.527236+08:00,2026-08-04T12:29:29.901961+08:00,401.386,63,52,5.244492,10.743332,4.827242,13.965323,9.982500,16.079860,10.861920,11.716744,10.958745,23.888946,18.686854,18.953561
2026-08-04,12-31-04,two_teams_slower1,2026-08-04T12:31:04.646544+08:00,2026-08-04T12:32:34.663576+08:00,2026-08-04T12:38:06.008804+08:00,421.362,71,51,7.875369,9.966461,6.908502,13.681526,11.273869,17.971386,10.278791,12.188063,12.274347,14.709651,25.781446,9.885865
2026-08-04,12-53-26,two_teams_slower1,2026-08-04T12:53:26.891962+08:00,2026-08-04T12:54:56.904473+08:00,2026-08-04T13:00:14.206355+08:00,407.314,31,63,7.841240,8.207994,9.733025,14.652108,11.755314,9.702995,5.611552,4.681107,5.876025,4.299201,7.243092,8.574186
2026-08-04,13-14-03,two_teams_slower1,2026-08-04T13:14:03.610244+08:00,2026-08-04T13:15:33.641510+08:00,2026-08-04T13:20:33.802333+08:00,390.192,34,23,6.853593,0.575099,0.503770,0.446783,0.426933,0.284462,10.422902,7.336949,12.282429,5.273277,14.735972,18.784110
2026-08-04,13-22-02,two_teams_slower1,2026-08-04T13:22:02.079135+08:00,2026-08-04T13:23:32.109549+08:00,2026-08-04T13:28:43.020257+08:00,400.941,31,57,22.044265,9.283506,15.837466,12.281734,16.893002,22.257068,6.923548,9.751214,11.726798,8.793263,12.055467,35.890789
2026-08-04,13-29-50,two_teams_slower1,2026-08-04T13:29:50.879282+08:00,2026-08-04T13:31:20.894006+08:00,2026-08-04T13:36:30.397821+08:00,399.519,46,85,11.281211,8.652265,7.114143,11.907375,17.620718,7.119045,7.261826,15.086515,11.261589,18.037376,13.824893,49.777886
2026-08-04,13-37-28,two_teams_slower1,2026-08-04T13:37:28.615083+08:00,2026-08-04T13:38:58.640527+08:00,2026-08-04T13:43:58.767380+08:00,390.152,74,36,5.891694,8.894857,10.163741,16.076974,6.507264,5.044444,12.329306,8.175586,7.321788,11.308083,6.081667,6.735349
2026-08-04,13-44-58,two_teams_slower1,2026-08-04T13:44:58.058590+08:00,2026-08-04T13:46:28.082523+08:00,2026-08-04T13:51:40.029208+08:00,401.971,25,96,5.121063,12.468739,8.799772,19.181507,12.952769,11.925110,10.626296,7.745781,11.559431,14.296102,15.904235,13.393527
2026-08-04,13-52-35,two_teams_slower1,2026-08-04T13:52:35.557789+08:00,2026-08-04T13:54:05.568738+08:00,2026-08-04T13:59:16.560429+08:00,401.003,37,0,8.067285,5.432227,3.913116,15.583255,7.474928,13.327668,4.884472,6.602266,8.925645,5.835024,20.733016,4.739750
2026-08-04,14-00-15,two_teams_slower1,2026-08-04T14:00:15.147545+08:00,2026-08-04T14:01:45.179069+08:00,2026-08-04T14:06:45.290073+08:00,390.143,17,42,4.702206,3.962651,15.052070,11.393683,14.351676,10.313755,6.688491,8.264436,6.178661,10.046437,11.094244,6.841810
2026-08-04,14-07-45,two_teams_slower1,2026-08-04T14:07:45.370924+08:00,2026-08-04T14:09:15.381211+08:00,2026-08-04T14:14:15.523142+08:00,390.152,26,116,11.221341,13.643788,7.475489,5.541261,20.896479,14.960331,5.955585,11.161739,8.488030,26.671755,7.880200,16.108554
2026-08-04,14-15-26,two_teams_slower1,2026-08-04T14:15:26.255141+08:00,2026-08-04T14:16:56.283559+08:00,2026-08-04T14:21:56.494958+08:00,390.240,179,130,6.840460,13.308562,20.955317,22.529045,24.861880,24.707942,3.233652,8.323844,21.205657,35.763849,5.662496,11.224368
2026-08-04,14-23-01,two_teams_slower1,2026-08-04T14:23:01.343284+08:00,2026-08-04T14:24:31.353743+08:00,2026-08-04T14:29:42.793376+08:00,401.450,12,118,9.732214,11.719058,22.999144,14.175626,8.100680,8.138164,4.163949,12.171926,11.842901,30.167912,10.009052,11.046510
2026-08-04,14-30-48,two_teams_slower1,2026-08-04T14:30:48.097725+08:00,2026-08-04T14:32:18.111044+08:00,2026-08-04T14:37:29.619910+08:00,401.522,11,0,9.681050,9.731191,2.611248,16.653918,12.186818,5.128093,8.303492,13.975283,18.472642,30.046919,22.603803,16.460830
2026-08-04,14-39-07,two_teams_slower1,2026-08-04T14:39:07.634144+08:00,2026-08-04T14:40:37.647444+08:00,2026-08-04T14:45:37.799745+08:00,390.166,42,0,5.850492,6.291384,5.627469,9.333699,13.271673,6.628638,6.300700,8.294195,3.935399,13.841813,13.709247,12.779721
2026-08-04,14-54-34,two_teams_slower1,2026-08-04T14:54:34.085665+08:00,2026-08-04T14:56:04.116005+08:00,2026-08-04T15:01:04.246617+08:00,390.161,0,0,4.882787,3.429829,5.109834,2.664205,8.176723,8.431275,6.551357,6.472890,6.053457,13.496741,4.979143,5.174737
2026-08-04,15-02-06,two_teams_slower1,2026-08-04T15:02:06.054205+08:00,2026-08-04T15:03:36.087091+08:00,2026-08-04T15:08:36.219083+08:00,390.165,116,24,7.805388,5.590875,7.601156,6.873632,5.044565,9.555957,12.835894,7.328600,7.411486,3.955307,6.690284,7.681935
2026-08-04,15-14-09,two_teams_slower1,2026-08-04T15:14:09.706379+08:00,2026-08-04T15:15:39.715850+08:00,2026-08-04T15:20:39.866830+08:00,390.160,30,0,11.780930,15.314457,13.570792,19.435354,11.810967,8.821984,6.904661,5.294141,6.217858,3.894576,13.998917,12.869176
2026-08-04,15-22-11,two_teams_slower1,2026-08-04T15:22:11.949545+08:00,2026-08-04T15:23:41.961070+08:00,2026-08-04T15:28:42.098500+08:00,390.149,70,67,6.374984,7.245340,12.839211,15.903266,12.897201,21.972868,8.402128,5.216765,3.128997,3.090617,7.070301,19.946110
2026-08-04,15-35-03,two_teams_slower1,2026-08-04T15:35:03.785333+08:00,2026-08-04T15:36:33.795559+08:00,2026-08-04T15:41:41.097528+08:00,397.312,12,0,8.753195,3.485794,7.042632,6.772995,10.743092,11.991324,6.773723,8.292036,6.499259,5.937951,7.130081,11.162766
2026-08-04,15-42-52,two_teams_slower1,2026-08-04T15:42:52.523253+08:00,2026-08-04T15:44:22.530324+08:00,2026-08-04T15:49:28.370302+08:00,395.847,22,56,11.112306,6.188247,13.516225,20.259005,13.957721,20.622521,8.352133,7.759488,8.586619,20.434016,20.439001,11.080423
2026-08-04,15-54-58,two_teams_slower1,2026-08-04T15:54:58.329009+08:00,2026-08-04T15:56:28.335535+08:00,2026-08-04T16:01:43.258572+08:00,404.930,136,63,14.951455,8.917335,9.486721,8.003718,37.492962,61.907740,8.887730,13.274929,9.185215,23.512744,25.725543,17.770511
2026-08-04,16-02-45,two_teams_slower1,2026-08-04T16:02:45.823435+08:00,2026-08-04T16:04:15.852148+08:00,2026-08-04T16:11:15.708905+08:00,509.885,107,61,15.715150,12.472417,7.109412,11.696220,25.802085,23.330556,22.943195,16.485681,13.246243,12.163799,14.899458,20.271824
2026-08-04,16-12-19,two_teams_slower1,2026-08-04T16:12:19.927793+08:00,2026-08-04T16:13:49.958842+08:00,2026-08-04T16:18:50.093097+08:00,390.165,35,43,3.694039,14.403342,12.560909,12.823666,14.788055,16.590026,17.319295,14.641142,14.563084,22.535780,13.950173,18.973358
2026-08-04,16-20-00,two_teams_slower1,2026-08-04T16:20:00.045318+08:00,2026-08-04T16:21:30.069745+08:00,2026-08-04T16:26:30.239112+08:00,390.194,9,92,17.307199,8.944257,8.049812,8.900808,13.524384,12.123342,4.988116,5.366011,6.000122,10.599545,11.694939,15.965735
2026-08-04,16-27-31,two_teams_slower1,2026-08-04T16:27:31.178624+08:00,2026-08-04T16:27:33.992315+08:00,2026-08-04T16:32:34.291656+08:00,303.113,108,36,7.014545,7.763821,5.916291,6.142026,13.458971,11.810828,7.146550,7.642021,10.351026,10.023787,17.894238,20.136386
2026-08-04,16-33-44,two_teams_slower1,2026-08-04T16:33:44.508514+08:00,2026-08-04T16:33:48.087173+08:00,2026-08-04T16:38:48.176833+08:00,303.668,80,68,6.475043,8.728268,8.488824,13.904308,7.884474,7.068019,6.096694,5.572217,8.102543,10.386753,9.678755,10.513377
2026-08-04,16-39-43,two_teams_slower1,2026-08-04T16:39:43.921546+08:00,2026-08-04T16:39:46.804328+08:00,2026-08-04T16:44:46.940877+08:00,303.019,87,22,7.179461,6.320260,3.776528,15.106334,4.784695,6.145203,8.557662,12.019205,17.091969,25.897063,16.161633,23.848197
2026-08-04,16-45-48,two_teams_slower1,2026-08-04T16:45:48.674305+08:00,2026-08-04T16:47:18.703094+08:00,2026-08-04T16:52:38.134637+08:00,409.460,158,74,7.590118,13.144500,7.764478,12.835704,20.956406,16.984320,13.316824,12.928659,19.939822,26.008961,23.128739,18.064622
2026-08-04,16-53-38,two_teams_slower1,2026-08-04T16:53:38.589484+08:00,2026-08-04T16:53:40.068259+08:00,2026-08-04T17:00:58.463995+08:00,439.875,218,290,14.167011,18.361456,10.103739,18.169968,27.726342,28.939224,13.683756,15.173092,21.539345,32.246076,29.016534,36.057744
2026-08-04,17-01-58,two_teams_slower1,2026-08-04T17:01:58.371669+08:00,2026-08-04T17:02:04.045322+08:00,2026-08-04T17:07:23.548379+08:00,325.177,124,108,10.282372,13.319027,7.415522,20.274397,21.961566,36.639205,3.946803,6.407836,7.613537,8.904701,7.558383,8.565529
2026-08-04,17-08-27,two_teams_slower1,2026-08-04T17:08:27.906562+08:00,2026-08-04T17:08:29.850325+08:00,2026-08-04T17:13:29.936076+08:00,302.030,139,17,2.266525,4.016234,5.457835,18.722223,8.638699,3.363150,1.424589,1.302934,0.920518,1.896920,5.075266,3.561648
2026-08-04,17-20-22,two_teams_slower1,2026-08-04T17:20:22.128226+08:00,2026-08-04T17:21:52.136867+08:00,2026-08-04T17:26:52.232949+08:00,390.105,50,53,6.466668,7.068375,5.739202,10.217139,14.232558,17.718639,4.212012,3.969040,4.080447,7.684781,7.465545,9.104697
2026-08-04,17-27-58,two_teams_slower1,2026-08-04T17:27:58.505152+08:00,2026-08-04T17:28:00.504185+08:00,2026-08-04T17:33:00.642390+08:00,302.137,71,14,1.390618,1.241976,1.020027,1.803736,3.498060,3.491593,3.262573,1.393013,1.018056,2.315476,3.815418,4.567215
2026-08-04,17-35-13,two_teams_slower1,2026-08-04T17:35:13.151007+08:00,2026-08-04T17:36:43.166212+08:00,2026-08-04T17:41:43.340336+08:00,390.189,27,0,5.644098,7.596081,6.141661,9.895721,12.210433,11.693773,6.366522,10.131032,13.841084,10.520695,29.174503,10.862431
2026-08-04,17-42-43,two_teams_slower1,2026-08-04T17:42:43.446680+08:00,2026-08-04T17:44:13.459568+08:00,2026-08-04T17:49:13.588967+08:00,390.142,27,0,3.935858,7.313722,15.563852,7.622955,17.439338,16.515913,9.440587,14.520448,16.682404,6.488357,27.883042,29.797359
2026-08-04,17-50-22,two_teams_slower1,2026-08-04T17:50:22.502297+08:00,2026-08-04T17:51:52.514995+08:00,2026-08-04T17:56:52.661603+08:00,390.159,18,0,7.609615,4.685822,5.538593,7.406255,10.816859,18.840323,8.133393,5.800084,7.070905,6.793026,8.474910,3.894360
2026-08-04,17-58-15,two_teams_slower1,2026-08-04T17:58:15.605492+08:00,2026-08-04T17:59:45.620644+08:00,2026-08-04T18:04:45.768959+08:00,390.163,0,0,0.471935,0.381281,0.373693,0.415373,0.400769,0.295856,0.481630,0.437604,0.421412,0.437197,0.511924,0.332564
2026-08-04,18-09-00,two_teams_slower1,2026-08-04T18:09:00.165676+08:00,2026-08-04T18:10:30.191842+08:00,2026-08-04T18:15:55.054973+08:00,414.889,15,158,17.524020,11.069481,19.444587,37.681099,11.566074,21.638082,4.408041,7.547032,12.590722,13.587248,9.957754,10.222566
2026-08-04,18-16-55,two_teams_slower1,2026-08-04T18:16:55.380688+08:00,2026-08-04T18:18:25.392118+08:00,2026-08-04T18:23:25.540663+08:00,390.160,7,45,9.119923,10.348234,7.552647,41.957267,26.206894,34.093940,3.937760,7.651021,14.124047,9.224058,19.253046,21.300133
2026-08-04,18-24-23,two_teams_slower1,2026-08-04T18:24:23.826331+08:00,2026-08-04T18:25:53.842118+08:00,2026-08-04T18:31:02.529369+08:00,398.703,9,0,13.671420,14.336440,15.375722,25.155794,41.771443,22.357299,6.647674,7.399319,7.629903,16.112874,12.095745,14.553090
2026-08-04,18-36-05,two_teams_slower1,2026-08-04T18:36:05.311909+08:00,2026-08-04T18:37:35.325567+08:00,2026-08-04T18:42:59.303105+08:00,413.991,74,55,4.183415,11.146492,10.327164,6.996672,20.160302,12.786120,8.528971,9.596624,7.976611,7.240123,10.178583,14.206766
2026-08-04,18-44-02,two_teams_slower1,2026-08-04T18:44:02.329601+08:00,2026-08-04T18:45:32.342928+08:00,2026-08-04T18:50:32.485100+08:00,390.155,39,28,12.701107,9.019923,10.647330,9.640354,9.792317,15.795649,2.828373,7.941856,7.762856,15.977842,13.945439,16.003647
2026-08-05,09-24-52,two_teams_slower1,2026-08-05T09:24:52.379516+08:00,2026-08-05T09:24:52.529099+08:00,2026-08-05T09:24:52.764699+08:00,0.385,0,0,0.000726,0.002393,0.002328,0.000492,0.001925,0.000292,0.000397,0.000588,0.000540,0.000842,0.000871,0.000660
2026-08-05,10-01-30,two_teams_slower1,2026-08-05T10:01:30.026587+08:00,2026-08-05T10:02:46.527083+08:00,2026-08-05T10:07:46.686775+08:00,376.660,28,138,3.591899,7.047322,10.150623,16.237812,14.567159,15.998031,9.818933,9.239348,9.012371,23.218899,16.231105,35.218892
2026-08-05,10-09-31,two_teams_slower1,2026-08-05T10:09:31.540874+08:00,2026-08-05T10:11:01.552300+08:00,2026-08-05T10:16:01.655504+08:00,390.115,0,0,0.483738,0.375105,0.373197,0.413879,0.412647,0.283776,0.422966,0.426278,0.422846,0.409884,0.501516,0.340601
2026-08-05,11-04-01,two_teams_slower1,2026-08-05T11:04:01.729130+08:00,2026-08-05T11:05:31.763711+08:00,2026-08-05T11:10:31.958053+08:00,390.229,8,0,0.544218,0.386598,0.541900,0.405249,0.396713,0.289502,0.658938,0.454291,0.761573,0.443155,0.503910,0.340721
2026-08-05,11-30-43,two_teams_slower1,2026-08-05T11:30:43.790383+08:00,2026-08-05T11:32:13.809420+08:00,2026-08-05T11:37:13.877820+08:00,390.087,15,0,9.069851,4.274166,6.979499,14.099655,7.771521,15.826926,0.379008,0.414241,0.582037,0.404687,0.499798,0.309608
2026-08-05,11-43-48,two_teams_slower1,2026-08-05T11:43:48.292397+08:00,2026-08-05T11:45:18.304569+08:00,2026-08-05T11:50:18.413751+08:00,390.121,11,0,1.643477,1.939539,1.314291,2.996463,4.814681,4.574943,0.434288,0.417885,0.449102,0.419259,0.509643,0.322966
2026-08-05,11-51-34,two_teams_slower1,2026-08-05T11:51:34.530385+08:00,2026-08-05T11:53:04.543517+08:00,2026-08-05T11:58:04.762883+08:00,390.232,11,44,10.677746,3.245563,1.853230,2.102303,3.609080,4.112802,2.745444,5.480697,5.468991,29.347391,10.446673,12.792681
2026-08-05,11-59-00,two_teams_slower1,2026-08-05T11:59:00.916457+08:00,2026-08-05T12:00:30.939894+08:00,2026-08-05T12:05:30.997908+08:00,390.081,159,0,10.021588,7.716013,5.580146,14.293622,13.395222,14.793453,0.401729,0.416464,0.396030,0.407199,0.482337,0.311837
2026-08-05,12-06-30,two_teams_slower1,2026-08-05T12:06:30.322090+08:00,2026-08-05T12:08:00.332749+08:00,2026-08-05T12:13:00.367611+08:00,390.046,61,12,6.596916,3.650455,4.765649,9.808915,10.782168,8.057787,0.406203,0.412428,0.396050,0.416029,0.480714,0.310421
2026-08-05,12-14-04,two_teams_slower1,2026-08-05T12:14:04.224260+08:00,2026-08-05T12:15:34.251777+08:00,2026-08-05T12:20:34.410165+08:00,390.186,0,0,0.499255,0.379832,0.360582,0.402984,0.395814,0.285586,0.429878,0.427049,0.416385,0.430110,0.499310,0.322239
2026-08-05,12-29-09,two_teams_slower1,2026-08-05T12:29:09.442241+08:00,2026-08-05T12:30:39.458613+08:00,2026-08-05T12:35:39.574828+08:00,390.133,18,9,4.387208,0.465508,0.481609,0.416638,0.416254,0.291853,3.717359,2.853151,2.954218,3.676414,7.183029,18.100932
2026-08-05,12-37-09,two_teams_slower1,2026-08-05T12:37:09.373057+08:00,2026-08-05T12:38:39.381683+08:00,2026-08-05T12:43:39.470023+08:00,390.097,11,0,4.272088,4.208619,3.516653,6.757278,5.835350,6.251803,2.140550,3.234939,2.443534,2.495565,4.004909,24.210351
2026-08-05,12-49-59,two_teams_slower1,2026-08-05T12:49:59.082108+08:00,2026-08-05T12:51:29.106930+08:00,2026-08-05T12:56:29.171309+08:00,390.089,19,10,6.279482,1.539777,1.433670,1.930080,4.665758,5.867645,9.315114,9.063134,2.453377,3.073944,3.783197,3.966238
2026-08-05,13-08-08,two_teams_slower1,2026-08-05T13:08:08.147188+08:00,2026-08-05T13:09:38.170526+08:00,2026-08-05T13:14:38.251057+08:00,390.104,6,5,10.431721,9.036206,6.537234,13.388927,22.905633,29.422027,5.935457,8.530880,16.919830,7.454192,11.034556,21.706994
2026-08-05,13-15-39,two_teams_slower1,2026-08-05T13:15:39.239822+08:00,2026-08-05T13:15:43.280460+08:00,2026-08-05T13:20:43.398807+08:00,304.159,156,96,6.470960,7.899976,10.526840,9.515637,15.290473,33.078106,8.795286,6.909488,9.096936,15.301821,7.602008,6.536113
2026-08-05,13-25-51,two_teams_slower1,2026-08-05T13:25:51.938689+08:00,2026-08-05T13:27:21.946031+08:00,2026-08-05T13:32:22.151903+08:00,390.213,4,0,27.131579,2.186852,21.025446,12.434430,3.817023,3.619208,3.820510,3.115354,3.452247,7.249407,12.413743,10.828544
2026-08-05,13-36-53,two_teams_slower1,2026-08-05T13:36:53.971935+08:00,2026-08-05T13:38:23.982560+08:00,2026-08-05T13:43:24.175053+08:00,390.203,0,0,0.505200,0.376967,0.397228,0.402837,0.406917,0.301728,0.416739,0.430258,0.460530,0.432572,0.507739,0.321197
2026-08-05,13-44-10,two_teams_slower1,2026-08-05T13:44:10.637476+08:00,2026-08-05T13:45:40.673969+08:00,2026-08-05T13:50:40.767102+08:00,390.130,9,0,6.363904,3.954036,1.326228,2.742676,5.141073,4.752410,0.364949,0.412463,0.397950,0.402701,0.485000,0.313684
2026-08-05,13-55-09,two_teams_slower1,2026-08-05T13:55:09.191666+08:00,2026-08-05T13:56:39.203300+08:00,2026-08-05T14:01:39.338355+08:00,390.147,86,4,14.198078,9.126435,13.318488,10.911236,14.530669,21.270665,9.745908,14.076287,13.387451,20.819174,23.252117,15.167714
2026-08-05,14-02-43,two_teams_slower1,2026-08-05T14:02:43.077386+08:00,2026-08-05T14:02:53.669270+08:00,2026-08-05T14:07:53.786792+08:00,310.709,106,136,8.731450,8.194517,18.750645,13.883439,13.618687,8.241310,14.465839,12.755501,11.852601,25.212374,18.111606,26.993900
2026-08-05,14-09-18,two_teams_slower1,2026-08-05T14:09:18.901757+08:00,2026-08-05T14:09:23.160050+08:00,2026-08-05T14:14:23.239816+08:00,304.338,68,63,11.398748,9.965005,11.864384,21.372009,12.812717,5.267539,6.815397,4.753210,5.928174,11.822319,6.671071,10.416972
2026-08-05,14-15-28,two_teams_slower1,2026-08-05T14:15:28.663408+08:00,2026-08-05T14:15:28.989565+08:00,2026-08-05T14:20:29.096191+08:00,300.433,120,18,8.563792,9.489791,6.344746,12.189918,12.372109,9.020074,4.090571,4.761849,12.992511,5.715480,8.261389,9.545118
2026-08-05,14-23-42,two_teams_slower1,2026-08-05T14:23:42.577480+08:00,2026-08-05T14:23:45.135454+08:00,2026-08-05T14:28:45.253027+08:00,302.676,65,0,3.477228,7.134276,13.104129,11.307241,10.443377,16.816611,3.212390,9.029614,5.115616,5.051635,10.645295,9.643907
2026-08-05,14-29-42,two_teams_slower1,2026-08-05T14:29:42.814719+08:00,2026-08-05T14:29:50.589932+08:00,2026-08-05T14:37:10.659662+08:00,447.845,110,15,5.429166,5.728542,8.660660,15.061075,6.896656,15.563807,4.961504,10.346715,9.160910,10.959218,9.606643,18.379116
2026-08-05,14-38-14,two_teams_slower1,2026-08-05T14:38:14.326417+08:00,2026-08-05T14:39:44.334401+08:00,2026-08-05T14:44:44.420787+08:00,390.094,25,0,3.338342,5.007361,9.280408,14.197937,6.157641,5.269935,10.567562,6.889858,8.783907,8.210158,12.313181,16.646228
2026-08-05,14-45-56,two_teams_slower1,2026-08-05T14:45:56.702694+08:00,2026-08-05T14:47:26.710482+08:00,2026-08-05T14:52:26.848401+08:00,390.146,77,45,4.597800,6.365291,12.958373,33.806053,14.234885,20.574428,5.452521,10.368793,15.253193,25.129323,9.446903,6.603477
2026-08-05,14-53-37,two_teams_slower1,2026-08-05T14:53:37.174474+08:00,2026-08-05T14:55:07.183484+08:00,2026-08-05T15:00:07.280247+08:00,390.106,13,0,24.813999,12.404483,12.744240,20.257659,26.886126,16.629199,3.688928,4.092405,1.877021,10.168487,6.235772,14.583675
2026-08-05,15-01-08,two_teams_slower1,2026-08-05T15:01:08.287709+08:00,2026-08-05T15:02:38.314236+08:00,2026-08-05T15:07:38.429862+08:00,390.142,7,0,11.616419,23.980106,26.507103,13.719351,20.562281,33.854167,8.587446,5.362594,9.236885,20.691562,12.739167,11.794532
2026-08-05,15-08-38,two_teams_slower1,2026-08-05T15:08:38.804832+08:00,2026-08-05T15:10:08.828772+08:00,2026-08-05T15:15:16.849181+08:00,398.044,9,102,5.531872,9.244199,7.049107,13.061523,7.712192,5.109816,6.300608,12.157960,4.595877,31.699896,7.956087,8.094368
2026-08-05,15-16-46,two_teams_slower1,2026-08-05T15:16:46.855756+08:00,2026-08-05T15:16:50.314815+08:00,2026-08-05T15:21:50.440014+08:00,303.584,76,54,5.413282,15.509803,4.983086,26.299963,4.228842,3.409601,10.837074,15.190303,7.640035,47.902385,44.456039,18.019201
2026-08-05,15-22-51,two_teams_slower1,2026-08-05T15:22:51.102843+08:00,2026-08-05T15:24:21.112770+08:00,2026-08-05T15:29:21.240833+08:00,390.138,25,4,9.511973,7.209601,10.359001,15.127870,12.425269,12.577424,8.159810,4.851589,7.969612,14.192675,18.024172,13.962218
2026-08-05,15-30-18,two_teams_slower1,2026-08-05T15:30:18.589253+08:00,2026-08-05T15:31:48.613501+08:00,2026-08-05T15:36:48.718109+08:00,390.129,43,82,14.169200,13.099885,18.140483,16.457146,22.752074,26.146917,11.789648,16.993811,6.706996,16.194654,26.924410,37.078203
2026-08-05,15-41-22,two_teams_slower1,2026-08-05T15:41:22.238516+08:00,2026-08-05T15:42:52.263811+08:00,2026-08-05T15:47:52.408472+08:00,390.170,43,0,7.536606,5.240435,10.259377,14.949198,9.378097,11.254805,1.462449,1.642205,1.154581,1.960070,0.507355,0.324446
2026-08-05,15-52-43,two_teams_slower1,2026-08-05T15:52:43.573058+08:00,2026-08-05T15:54:13.601030+08:00,2026-08-05T15:59:13.689896+08:00,390.117,45,216,11.197933,7.572086,5.958519,7.918988,9.824605,8.856146,14.757662,4.745828,4.025847,4.528512,5.831580,9.008866
2026-08-05,16-00-16,two_teams_slower1,2026-08-05T16:00:16.473639+08:00,2026-08-05T16:01:46.503624+08:00,2026-08-05T16:06:46.581301+08:00,390.108,20,0,5.973170,13.866327,7.541174,8.679599,13.776557,13.182271,11.638919,5.796417,5.283423,13.948127,6.918306,14.229352
2026-08-05,16-11-51,two_teams_slower1,2026-08-05T16:11:51.726354+08:00,2026-08-05T16:13:21.734921+08:00,2026-08-05T16:18:21.827757+08:00,390.101,21,0,5.276464,15.061792,11.103655,37.178863,8.204034,12.974215,16.338101,3.443475,2.253687,6.040925,4.344507,4.770611
2026-08-05,16-19-19,two_teams_slower1,2026-08-05T16:19:19.814256+08:00,2026-08-05T16:20:49.822137+08:00,2026-08-05T16:25:49.901077+08:00,390.087,84,94,16.995714,8.734484,9.359873,20.313169,19.710153,9.304141,5.883587,18.989697,7.343635,27.146037,17.824691,11.353597
2026-08-05,16-27-06,two_teams_slower1,2026-08-05T16:27:06.186693+08:00,2026-08-05T16:28:36.211498+08:00,2026-08-05T16:38:06.255073+08:00,660.068,105,47,10.588261,9.214520,7.207371,14.187960,5.543417,4.597250,11.527018,5.717756,7.446226,7.371024,8.485956,10.313735
2026-08-05,16-39-07,two_teams_slower1,2026-08-05T16:39:07.320964+08:00,2026-08-05T16:40:37.346830+08:00,2026-08-05T16:45:37.508485+08:00,390.188,90,4,12.735137,11.931140,14.894614,26.640287,26.810835,31.993534,10.503380,12.867956,12.041778,21.526854,28.446322,44.612748
2026-08-05,16-46-37,two_teams_slower1,2026-08-05T16:46:37.364470+08:00,2026-08-05T16:48:07.372933+08:00,2026-08-05T16:58:05.419218+08:00,688.055,50,140,12.732697,8.676139,14.757961,24.236399,20.462549,23.145326,6.014880,5.781173,9.000394,12.690996,11.432091,16.028327
2026-08-05,16-59-23,two_teams_slower1,2026-08-05T16:59:23.170853+08:00,2026-08-05T17:00:53.179473+08:00,2026-08-05T17:50:34.344187+08:00,3071.173,158,54,9.259485,8.765651,8.973670,13.318795,11.095237,7.459784,11.604106,8.750166,13.811446,12.196483,12.626539,7.057489
2026-08-05,17-54-27,two_teams_slower1,2026-08-05T17:54:27.010497+08:00,2026-08-05T17:55:57.034425+08:00,2026-08-05T18:00:57.110686+08:00,390.100,18,0,19.336254,13.236572,15.379838,7.552221,11.440572,13.020024,0.382349,0.404127,0.454643,0.404960,0.481447,0.302998
2026-08-05,18-08-39,two_teams_slower1,2026-08-05T18:08:39.801772+08:00,2026-08-05T18:10:09.811845+08:00,2026-08-05T18:15:09.973587+08:00,390.172,12,100,7.027098,17.750786,13.652760,41.995931,27.226489,24.951117,6.680469,9.188300,6.581169,27.470986,12.618238,17.439867
2026-08-05,18-16-20,two_teams_slower1,2026-08-05T18:16:20.106102+08:00,2026-08-05T18:17:50.115242+08:00,2026-08-05T18:22:50.186822+08:00,390.081,51,5,6.598354,10.056279,8.185861,9.397650,10.127312,19.009450,4.993486,4.078663,5.437459,4.364781,7.730178,9.458695
2026-08-05,18-23-48,two_teams_slower1,2026-08-05T18:23:48.133833+08:00,2026-08-05T18:25:18.158525+08:00,2026-08-05T18:30:18.232090+08:00,390.098,8,0,6.716413,7.651218,6.964963,9.618740,8.676708,10.103329,7.826043,6.306496,7.558704,15.416969,18.104257,11.447232
2026-08-05,18-31-24,two_teams_slower1,2026-08-05T18:31:24.883688+08:00,2026-08-05T18:32:54.911971+08:00,2026-08-05T18:37:55.055218+08:00,390.172,9,0,7.331281,6.411025,10.406433,14.136878,13.941627,16.105230,11.250905,5.702266,5.175618,11.112670,9.882344,10.100438
2026-08-05,18-38-54,two_teams_slower1,2026-08-05T18:38:54.040834+08:00,2026-08-05T18:40:24.066675+08:00,2026-08-05T18:45:24.185045+08:00,390.144,16,8,11.609423,2.805792,8.887370,7.366164,5.895107,10.262838,6.230500,1.425419,1.087201,1.862631,0.511469,0.315960
2026-08-06,10-36-09,two_teams_slower1,2026-08-06T10:36:09.215721+08:00,2026-08-06T10:36:42.115917+08:00,2026-08-06T10:41:42.211860+08:00,332.996,0,0,1.386506,1.263091,1.015222,1.844431,3.548086,1.291774,0.361774,0.363884,0.376112,0.354911,0.413764,0.263818
2026-08-06,11-04-09,two_teams_slower1,2026-08-06T11:04:09.595244+08:00,2026-08-06T11:05:39.636962+08:00,2026-08-06T11:10:39.693485+08:00,390.098,76,5,8.774582,4.541403,3.392377,8.964849,7.845492,5.483766,0.410419,0.409461,0.582048,0.410654,0.467542,0.306854
2026-08-06,11-11-42,two_teams_slower1,2026-08-06T11:11:42.837725+08:00,2026-08-06T11:13:12.863867+08:00,2026-08-06T11:18:12.949765+08:00,390.112,7,0,15.780904,6.093613,5.563749,6.448427,12.990507,6.652130,7.494019,6.721827,12.381219,8.709312,10.484752,8.634115
2026-08-06,11-19-23,two_teams_slower1,2026-08-06T11:19:23.375669+08:00,2026-08-06T11:20:53.384005+08:00,2026-08-06T11:25:53.464176+08:00,390.089,15,0,4.662742,4.846391,4.009130,4.623481,8.841702,4.820930,2.551761,0.445636,0.412688,0.403521,0.468579,0.305688
2026-08-06,11-31-26,two_teams_slower1,2026-08-06T11:31:26.446378+08:00,2026-08-06T11:32:56.456665+08:00,2026-08-06T11:37:56.598630+08:00,390.152,0,0,0.480588,0.383186,0.392848,0.415728,0.397407,0.294780,0.382660,0.447204,0.487948,0.440668,0.512290,0.336503
2026-08-06,11-40-37,two_teams_slower1,2026-08-06T11:40:37.447514+08:00,2026-08-06T11:42:07.504134+08:00,2026-08-06T11:47:07.613133+08:00,390.166,43,0,6.455719,4.703158,4.030864,8.344529,8.476274,19.907181,17.776199,16.798959,13.654448,5.819875,12.104569,16.442858
2026-08-06,11-48-21,two_teams_slower1,2026-08-06T11:48:21.197448+08:00,2026-08-06T11:49:51.224479+08:00,2026-08-06T11:54:51.338145+08:00,390.141,33,44,10.495621,11.892628,9.054387,8.555964,12.577590,22.422104,4.508828,9.011809,10.243801,6.948384,7.052281,10.587746
2026-08-06,11-56-35,two_teams_slower1,2026-08-06T11:56:35.590760+08:00,2026-08-06T11:58:05.616048+08:00,2026-08-06T12:03:05.785426+08:00,390.195,16,0,12.860477,9.035378,11.589264,9.178017,40.515748,8.435218,0.657083,0.414825,0.406574,0.398274,0.479958,0.311000
2026-08-06,12-05-51,two_teams_slower1,2026-08-06T12:05:51.217156+08:00,2026-08-06T12:07:21.252424+08:00,2026-08-06T12:12:21.379382+08:00,390.162,81,13,11.525359,7.501289,3.623981,13.709458,18.242978,16.371565,7.470718,9.928006,10.728510,14.034311,17.171238,16.154208
2026-08-06,12-14-55,two_teams_slower1,2026-08-06T12:14:55.472413+08:00,2026-08-06T12:16:25.480583+08:00,2026-08-06T12:21:25.652789+08:00,390.180,18,4,11.459134,14.883633,16.365599,11.355516,17.282614,16.389076,5.382616,9.999201,6.849872,13.347438,15.327477,16.257042
2026-08-06,12-22-34,two_teams_slower1,2026-08-06T12:22:34.181767+08:00,2026-08-06T12:24:04.206168+08:00,2026-08-06T12:29:04.291263+08:00,390.109,33,0,11.058325,14.811457,5.338150,22.605624,18.540804,27.231261,1.583084,2.720007,1.927183,15.915487,13.561023,13.704280
2026-08-06,12-32-25,two_teams_slower1,2026-08-06T12:32:25.502820+08:00,2026-08-06T12:33:55.511556+08:00,2026-08-06T12:38:55.629882+08:00,390.127,8,0,9.942854,6.490013,6.375999,7.343880,7.736421,9.890328,2.278102,0.441690,0.444588,0.417908,0.474436,0.305184
2026-08-06,12-39-51,two_teams_slower1,2026-08-06T12:39:51.299611+08:00,2026-08-06T12:41:21.308812+08:00,2026-08-06T12:47:17.850209+08:00,446.551,0,0,12.225105,7.163253,5.966317,8.374281,7.121822,17.348667,6.326137,7.322958,5.809331,10.710955,12.467216,13.396935
2026-08-06,12-48-20,two_teams_slower1,2026-08-06T12:48:20.334098+08:00,2026-08-06T12:49:50.360987+08:00,2026-08-06T12:54:50.463510+08:00,390.129,16,47,14.227576,5.060359,11.871051,8.207391,6.063439,6.049136,6.692466,5.149279,5.772704,11.589521,16.572401,22.096593
2026-08-06,12-56-00,two_teams_slower1,2026-08-06T12:56:00.032531+08:00,2026-08-06T12:56:11.525013+08:00,2026-08-06T13:01:11.613232+08:00,311.581,137,40,9.273162,7.891219,14.540680,26.296382,8.008641,11.858134,5.420160,7.229769,7.807683,10.258740,11.381852,10.920216
2026-08-06,13-02-17,two_teams_slower1,2026-08-06T13:02:17.946314+08:00,2026-08-06T13:03:47.956012+08:00,2026-08-06T13:14:17.611380+08:00,719.665,24,75,19.500542,14.681486,7.764009,17.769566,8.660232,17.048416,2.364306,2.674872,2.447301,4.091847,4.629257,4.850804
2026-08-06,13-15-17,two_teams_slower1,2026-08-06T13:15:17.898137+08:00,2026-08-06T13:16:47.922190+08:00,2026-08-06T13:21:48.010921+08:00,390.113,36,0,9.532855,5.471513,3.668759,9.816793,16.315045,21.976984,0.370359,0.409050,0.396738,0.397550,0.484083,0.314595
2026-08-06,13-24-06,two_teams_slower1,2026-08-06T13:24:06.433313+08:00,2026-08-06T13:25:36.445690+08:00,2026-08-06T13:30:36.525120+08:00,390.092,6,0,8.241629,4.222762,5.130566,3.488247,8.004287,3.493327,4.335439,2.805006,7.058838,11.678470,6.090366,10.056134
2026-08-06,13-31-39,two_teams_slower1,2026-08-06T13:31:39.352183+08:00,2026-08-06T13:32:33.602397+08:00,2026-08-06T13:37:33.673874+08:00,354.322,30,0,16.507527,9.350216,9.539481,12.454460,10.524850,15.433319,7.024555,7.671951,7.611838,11.426871,4.995501,7.302067
2026-08-06,13-38-39,two_teams_slower1,2026-08-06T13:38:39.748443+08:00,2026-08-06T13:39:25.190066+08:00,2026-08-06T13:44:25.426455+08:00,345.678,66,208,14.800866,11.032861,9.786099,30.911244,18.538448,8.762038,8.296203,7.743546,12.526880,15.947444,4.552038,3.512554
2026-08-06,13-45-37,two_teams_slower1,2026-08-06T13:45:37.525998+08:00,2026-08-06T13:47:07.533586+08:00,2026-08-06T13:52:07.707232+08:00,390.181,84,48,5.776950,10.715139,11.385658,13.134595,22.442906,38.573407,6.408586,4.960869,3.350932,11.862389,5.479621,4.511672
2026-08-06,13-53-05,two_teams_slower1,2026-08-06T13:53:05.804059+08:00,2026-08-06T13:54:35.832347+08:00,2026-08-06T13:59:35.956100+08:00,390.152,14,4,4.406693,7.744263,10.263664,12.603368,16.839388,18.323856,2.403189,9.992232,16.032577,10.086088,14.489448,34.736288
2026-08-06,14-00-42,two_teams_slower1,2026-08-06T14:00:42.144737+08:00,2026-08-06T14:00:48.986110+08:00,2026-08-06T14:05:49.097637+08:00,306.953,79,49,5.810607,10.923174,5.160225,5.371287,12.002067,16.255198,7.728543,10.040759,12.168467,20.473295,8.785730,6.610015
2026-08-06,14-06-54,two_teams_slower1,2026-08-06T14:06:54.828036+08:00,2026-08-06T14:08:24.836453+08:00,2026-08-06T14:14:39.321560+08:00,464.494,63,15,10.557433,13.262179,15.755622,18.679146,17.935928,23.564777,5.255929,9.349883,4.812494,21.480179,13.783028,18.198688
2026-08-06,14-15-36,two_teams_slower1,2026-08-06T14:15:36.540920+08:00,2026-08-06T14:17:06.550507+08:00,2026-08-06T14:22:06.650991+08:00,390.110,68,140,5.816618,9.405880,14.026105,40.675685,8.857048,21.492946,10.348639,14.704265,20.114710,16.723793,18.018172,17.377360
2026-08-06,14-23-17,two_teams_slower1,2026-08-06T14:23:17.942624+08:00,2026-08-06T14:24:47.966456+08:00,2026-08-06T14:29:48.063481+08:00,390.121,11,0,18.284318,14.231814,12.707723,5.982433,33.200662,21.037373,11.619648,9.605865,10.270824,8.125820,13.688361,16.199842
2026-08-06,14-30-51,two_teams_slower1,2026-08-06T14:30:51.214800+08:00,2026-08-06T14:32:21.240013+08:00,2026-08-06T14:37:44.670229+08:00,413.455,77,181,11.568476,6.820083,8.338669,13.576302,19.687925,32.070118,8.635991,23.677523,16.660999,27.841491,16.121433,10.652271
2026-08-06,14-39-02,two_teams_slower1,2026-08-06T14:39:02.767976+08:00,2026-08-06T14:39:58.876078+08:00,2026-08-06T14:45:22.166057+08:00,379.398,60,143,7.024956,7.434580,11.769154,9.311673,18.237372,10.692368,4.978782,7.983222,11.457831,22.709461,6.236773,4.800500
2026-08-06,14-46-34,two_teams_slower1,2026-08-06T14:46:34.409131+08:00,2026-08-06T14:47:20.969041+08:00,2026-08-06T14:52:21.047617+08:00,346.638,78,186,3.332577,11.193841,8.599374,14.706813,18.032953,16.634608,11.696108,11.420183,13.606421,32.172734,3.819953,3.521446
2026-08-06,14-53-22,two_teams_slower1,2026-08-06T14:53:22.247627+08:00,2026-08-06T14:54:52.257128+08:00,2026-08-06T15:00:05.212022+08:00,402.964,51,0,14.793813,10.600366,14.299625,23.772640,30.076279,46.898599,16.259528,8.242463,7.649096,24.013904,12.411925,27.911652
2026-08-06,15-01-05,two_teams_slower1,2026-08-06T15:01:05.456484+08:00,2026-08-06T15:02:35.483702+08:00,2026-08-06T15:08:39.482897+08:00,454.026,9,0,0.611166,0.456682,0.441091,0.493366,0.469942,0.345737,0.456778,0.523516,0.496676,0.516445,0.607537,0.392185
2026-08-06,15-12-15,two_teams_slower1,2026-08-06T15:12:15.731204+08:00,2026-08-06T15:13:45.777464+08:00,2026-08-06T15:18:45.865149+08:00,390.134,61,0,6.967465,9.265147,13.637721,12.873688,19.382109,15.051545,13.033025,6.556253,3.116847,16.485404,10.187912,14.873032
2026-08-06,15-19-51,two_teams_slower1,2026-08-06T15:19:51.976630+08:00,2026-08-06T15:21:21.986223+08:00,2026-08-06T15:26:22.119532+08:00,390.143,0,0,2.510836,3.564841,1.299171,1.981391,3.663198,4.413533,2.538105,3.367960,6.341703,6.726670,10.064642,8.060368
2026-08-06,15-31-00,two_teams_slower1,2026-08-06T15:31:00.196172+08:00,2026-08-06T15:32:30.225640+08:00,2026-08-06T15:37:50.239805+08:00,410.044,85,151,14.278610,5.097728,13.042679,26.703896,25.255151,13.963450,9.055253,8.053555,6.644464,12.846396,14.188868,30.932540
2026-08-06,15-39-46,two_teams_slower1,2026-08-06T15:39:46.472278+08:00,2026-08-06T15:41:16.482474+08:00,2026-08-06T15:46:16.609269+08:00,390.137,17,0,19.178929,7.972965,11.985417,5.450974,10.718081,20.626149,13.666860,10.406092,13.432302,18.200696,25.525766,19.498984
2026-08-06,15-47-53,two_teams_slower1,2026-08-06T15:47:53.123000+08:00,2026-08-06T15:49:23.131140+08:00,2026-08-06T15:54:23.263190+08:00,390.140,180,74,14.213474,18.873414,23.352644,39.106944,16.041749,25.069800,13.547891,9.613315,11.652327,5.705157,13.090242,45.119043
2026-08-06,15-55-24,two_teams_slower1,2026-08-06T15:55:24.860215+08:00,2026-08-06T15:56:54.884600+08:00,2026-08-06T16:01:54.976112+08:00,390.116,8,14,13.642674,10.333688,8.997684,22.652639,13.926352,10.013492,18.823898,7.458609,4.964474,10.106827,13.586126,42.738932
2026-08-06,16-04-06,two_teams_slower1,2026-08-06T16:04:06.016043+08:00,2026-08-06T16:05:36.024596+08:00,2026-08-06T16:10:36.300202+08:00,390.284,0,0,1.505515,2.243957,1.556276,3.917186,5.305399,3.558350,1.810359,1.409570,1.072226,1.920106,3.780764,4.000204
2026-08-06,16-11-32,two_teams_slower1,2026-08-06T16:11:32.294538+08:00,2026-08-06T16:13:02.320261+08:00,2026-08-06T16:18:02.427960+08:00,390.133,61,4,4.732927,9.196328,9.414310,10.935959,11.142125,14.131237,7.497691,8.419345,11.739410,5.389768,16.942285,34.124637
2026-08-06,16-24-58,two_teams_slower1,2026-08-06T16:24:58.799601+08:00,2026-08-06T16:26:28.811938+08:00,2026-08-06T16:35:31.254526+08:00,632.455,132,18,11.142326,8.650484,13.659638,20.690560,3.970886,3.723027,10.018542,6.795774,3.570415,5.014385,7.223149,7.170949
2026-08-06,16-54-42,two_teams_slower1,2026-08-06T16:54:42.036793+08:00,2026-08-06T16:56:12.063421+08:00,2026-08-06T17:01:12.178033+08:00,390.141,6,0,0.451891,0.363010,0.438764,0.392710,0.385426,0.308086,2.057585,1.470234,1.366168,2.440980,3.925893,7.534614
2026-08-06,17-03-33,two_teams_slower1,2026-08-06T17:03:33.782852+08:00,2026-08-06T17:05:03.795751+08:00,2026-08-06T17:10:03.915642+08:00,390.133,0,0,3.276649,2.603882,3.184140,17.931538,15.643633,18.433186,15.661910,1.623996,1.208716,2.086946,3.824499,15.968638
2026-08-06,17-11-00,two_teams_slower1,2026-08-06T17:11:00.507447+08:00,2026-08-06T17:12:30.518308+08:00,2026-08-06T17:26:35.508914+08:00,935.001,40,0,8.348244,6.326036,8.348236,26.232804,6.966288,16.453025,6.399438,5.071137,7.003551,4.825619,7.499621,5.904937
2026-08-06,17-27-53,two_teams_slower1,2026-08-06T17:27:53.961778+08:00,2026-08-06T17:29:23.986238+08:00,2026-08-06T17:34:24.114305+08:00,390.153,17,0,19.912843,7.978645,9.132316,14.020202,5.853249,7.503202,12.328971,9.217922,4.608653,11.934346,12.273968,14.240954
2026-08-06,17-35-25,two_teams_slower1,2026-08-06T17:35:25.651829+08:00,2026-08-06T17:36:55.660231+08:00,2026-08-06T17:53:26.899390+08:00,1081.248,9,22,22.829440,10.248570,7.479670,15.220838,10.645186,11.324737,9.663727,5.181188,5.325288,8.072791,9.095344,12.973281
2026-08-06,17-58-37,two_teams_slower1,2026-08-06T17:58:37.014103+08:00,2026-08-06T18:00:07.038825+08:00,2026-08-06T18:07:39.757581+08:00,542.743,0,0,7.961258,2.828009,3.270015,7.167709,6.845216,9.001524,1.520663,1.565584,1.244545,2.081806,4.568891,0.491221
2026-08-06,18-16-36,two_teams_slower1,2026-08-06T18:16:36.535497+08:00,2026-08-06T18:18:06.544895+08:00,2026-08-06T18:23:06.667265+08:00,390.132,23,214,6.731670,3.149252,2.318818,5.024702,4.359200,3.487697,7.897049,10.011494,21.966685,32.362280,3.767515,3.925081
2026-08-06,18-24-04,two_teams_slower1,2026-08-06T18:24:04.765220+08:00,2026-08-06T18:25:34.790943+08:00,2026-08-06T18:30:34.926921+08:00,390.162,20,4,15.927463,14.309244,14.670628,10.711447,6.393968,9.746008,4.032848,9.353304,10.286843,8.436562,13.831878,24.281615
2026-08-06,18-31-49,two_teams_slower1,2026-08-06T18:31:49.000614+08:00,2026-08-06T18:33:19.025806+08:00,2026-08-06T18:38:19.135669+08:00,390.135,264,35,2.833342,0.396605,0.376938,0.381519,0.375408,0.265657,16.130855,11.150337,12.880501,15.393648,10.567513,11.701292
2026-08-06,18-39-27,two_teams_slower1,2026-08-06T18:39:27.444594+08:00,2026-08-06T18:40:57.455776+08:00,2026-08-06T18:45:57.562551+08:00,390.118,13,0,9.730141,4.770067,3.276947,6.512797,10.203729,11.122550,2.727922,3.195409,2.640976,2.977778,4.107210,9.034637
2026-08-07,10-59-36,two_teams_slower1,2026-08-07T10:59:36.445042+08:00,2026-08-07T11:01:06.444725+08:00,2026-08-07T11:06:06.600980+08:00,390.156,76,9,3.743045,7.193413,8.452040,9.403561,3.562312,3.433994,0.412594,0.408979,0.569584,0.397131,0.462306,0.299448
2026-08-07,11-13-18,two_teams_slower1,2026-08-07T11:13:18.695823+08:00,2026-08-07T11:14:48.705976+08:00,2026-08-07T11:19:48.775602+08:00,390.080,73,18,4.113030,6.494880,6.559328,9.153503,3.559920,3.417360,0.355641,0.402226,0.428785,0.403304,0.464743,0.298555
2026-08-07,11-23-16,two_teams_slower1,2026-08-07T11:23:16.071078+08:00,2026-08-07T11:24:46.100026+08:00,2026-08-07T11:29:46.184389+08:00,390.113,101,18,8.288567,12.217427,11.165564,11.386231,11.402210,15.049457,0.386745,0.411539,0.415818,0.405385,0.466014,0.302119
2026-08-07,11-31-07,two_teams_slower1,2026-08-07T11:31:07.321250+08:00,2026-08-07T11:32:37.349733+08:00,2026-08-07T11:37:37.434437+08:00,390.113,0,0,0.510553,0.367253,0.362634,0.403952,0.402366,0.290261,0.372166,0.434196,0.419650,0.429829,0.497492,0.320953
2026-08-07,11-43-23,two_teams_slower1,2026-08-07T11:43:23.269360+08:00,2026-08-07T11:44:53.306417+08:00,2026-08-07T11:49:53.407294+08:00,390.138,83,12,19.180353,15.568308,13.945421,26.230178,9.834355,3.627281,0.357957,0.396317,0.447484,0.386922,0.466582,0.302014
2026-08-07,11-51-35,two_teams_slower1,2026-08-07T11:51:35.586735+08:00,2026-08-07T11:53:05.613298+08:00,2026-08-07T11:58:05.785591+08:00,390.199,98,10,7.531267,6.513844,8.872147,25.957081,4.006826,3.444259,0.361605,0.404788,0.398476,0.404438,0.469739,0.310449
2026-08-07,12-15-04,two_teams_slower1,2026-08-07T12:15:04.610136+08:00,2026-08-07T12:16:34.617604+08:00,2026-08-07T12:21:34.703534+08:00,390.093,9,0,13.284050,4.919027,6.681135,7.790129,4.066380,5.401713,1.650797,5.563031,3.962713,3.371658,4.770215,4.212624
2026-08-07,12-22-53,two_teams_slower1,2026-08-07T12:22:53.002465+08:00,2026-08-07T12:24:23.015526+08:00,2026-08-07T12:29:23.085912+08:00,390.083,116,16,9.566949,9.880575,7.593947,22.560270,15.789875,15.169776,0.344059,0.405513,0.395073,0.407087,0.480996,0.304188
2026-08-07,12-33-01,two_teams_slower1,2026-08-07T12:33:01.307592+08:00,2026-08-07T12:34:31.338763+08:00,2026-08-07T12:39:31.506145+08:00,390.199,10,69,13.913673,1.839983,1.192372,5.673436,4.395822,7.205418,7.582736,10.187055,11.802558,16.013719,8.625610,15.204943
2026-08-07,12-40-31,two_teams_slower1,2026-08-07T12:40:31.926766+08:00,2026-08-07T12:42:01.938995+08:00,2026-08-07T12:47:02.100425+08:00,390.174,27,95,6.081567,4.021994,6.101524,14.945817,6.707013,24.425930,12.459300,21.198462,24.514212,33.445617,11.743386,19.873639
2026-08-07,12-47-59,two_teams_slower1,2026-08-07T12:47:59.494226+08:00,2026-08-07T12:49:29.503888+08:00,2026-08-07T12:54:29.672909+08:00,390.179,0,0,6.946169,5.531519,4.180440,4.987907,3.911411,4.446983,6.137396,3.366923,5.195971,6.344104,15.643338,14.344251
2026-08-07,12-58-10,two_teams_slower1,2026-08-07T12:58:10.516356+08:00,2026-08-07T12:59:40.525122+08:00,2026-08-07T13:04:40.710066+08:00,390.194,10,0,10.758569,6.336191,10.524639,5.024741,17.060611,10.440529,3.030004,3.484086,3.620622,8.505848,6.164560,6.826158
2026-08-07,13-05-48,two_teams_slower1,2026-08-07T13:05:48.140616+08:00,2026-08-07T13:07:00.884236+08:00,2026-08-07T13:12:00.981306+08:00,372.841,37,86,9.503194,4.586436,2.591355,2.049448,4.150731,6.625192,3.378100,5.485522,6.664418,8.843578,9.604609,25.749909
2026-08-07,13-12-57,two_teams_slower1,2026-08-07T13:12:57.515138+08:00,2026-08-07T13:14:27.539617+08:00,2026-08-07T13:19:27.678094+08:00,390.163,38,0,5.989062,6.867201,8.111897,17.664125,10.789122,8.362889,8.120753,10.439795,6.470464,7.714933,10.364565,10.426321
2026-08-07,13-20-32,two_teams_slower1,2026-08-07T13:20:32.281492+08:00,2026-08-07T13:22:02.307358+08:00,2026-08-07T13:27:02.437591+08:00,390.156,92,83,6.343734,6.057803,7.151164,9.716233,16.417713,11.056754,11.349381,9.250027,4.848494,14.355794,4.465318,4.101893
2026-08-07,13-28-09,two_teams_slower1,2026-08-07T13:28:09.065421+08:00,2026-08-07T13:29:39.073570+08:00,2026-08-07T13:34:49.463805+08:00,400.398,27,15,0.442934,0.364310,0.351371,0.392117,0.384900,0.278109,6.367927,9.765409,12.340533,23.163001,8.514417,15.913803
2026-08-07,13-38-17,two_teams_slower1,2026-08-07T13:38:17.939309+08:00,2026-08-07T13:39:47.969421+08:00,2026-08-07T13:45:08.013644+08:00,410.074,4,0,3.797906,4.036980,4.183163,3.804068,4.376077,10.027985,0.368756,0.434402,0.412664,0.425429,0.510953,0.320713
2026-08-07,13-46-14,two_teams_slower1,2026-08-07T13:46:14.433347+08:00,2026-08-07T13:47:44.460416+08:00,2026-08-07T13:52:57.403924+08:00,402.971,91,110,4.534658,14.350579,10.465610,24.874207,9.149695,6.349339,10.207675,10.052020,18.896333,7.143868,15.439038,24.947011
2026-08-07,13-53-58,two_teams_slower1,2026-08-07T13:53:58.706232+08:00,2026-08-07T13:55:11.948086+08:00,2026-08-07T14:00:12.072139+08:00,373.366,76,232,8.585563,9.892032,7.708036,20.147579,18.568387,20.803359,2.569211,9.172208,13.259630,24.809730,12.849335,4.700996
2026-08-07,14-01-09,two_teams_slower1,2026-08-07T14:01:09.822874+08:00,2026-08-07T14:01:18.950538+08:00,2026-08-07T14:06:19.125465+08:00,309.303,199,114,10.927594,11.896054,10.902514,14.683941,29.537399,26.839361,10.674237,11.220882,13.111706,23.353164,13.598227,3.979320
2026-08-07,14-08-10,two_teams_slower1,2026-08-07T14:08:10.344540+08:00,2026-08-07T14:09:40.369187+08:00,2026-08-07T14:14:40.564337+08:00,390.220,22,0,16.949753,6.873313,10.931268,9.811120,9.072757,8.087630,17.240478,9.900744,18.125237,17.844191,12.351675,10.167984
2026-08-07,14-15-45,two_teams_slower1,2026-08-07T14:15:45.046005+08:00,2026-08-07T14:17:15.069429+08:00,2026-08-07T14:22:15.238716+08:00,390.193,13,0,20.253869,11.481650,14.389860,14.879415,47.142691,24.771338,14.350869,4.911607,2.658079,6.942992,5.188890,5.720354
2026-08-07,14-23-12,two_teams_slower1,2026-08-07T14:23:12.062000+08:00,2026-08-07T14:24:42.084945+08:00,2026-08-07T14:29:42.252392+08:00,390.190,29,9,8.822848,13.449995,14.969109,22.253790,32.903997,40.341641,8.415371,4.821231,11.183111,6.613339,21.648541,28.932376
2026-08-07,14-30-51,two_teams_slower1,2026-08-07T14:30:51.803764+08:00,2026-08-07T14:32:21.813036+08:00,2026-08-07T14:37:21.947201+08:00,390.143,65,0,9.357467,10.859929,6.970273,12.442357,11.440831,13.909625,5.341870,4.567093,4.601764,13.837360,6.699926,11.716860
2026-08-07,14-38-25,two_teams_slower1,2026-08-07T14:38:25.183699+08:00,2026-08-07T14:38:28.275580+08:00,2026-08-07T14:43:49.327557+08:00,324.144,76,12,7.937767,7.596322,4.765617,17.312901,10.629835,12.777164,13.504390,8.265898,5.079004,9.041045,17.441630,22.763971
2026-08-07,14-44-59,two_teams_slower1,2026-08-07T14:44:59.275891+08:00,2026-08-07T14:44:59.652119+08:00,2026-08-07T14:49:59.799136+08:00,300.523,123,67,13.049512,9.982749,5.541275,17.342437,9.024053,6.302655,6.903041,5.380212,8.102058,10.860686,10.641814,14.620277
2026-08-07,14-50-57,two_teams_slower1,2026-08-07T14:50:57.987221+08:00,2026-08-07T14:50:59.897956+08:00,2026-08-07T14:56:23.442480+08:00,325.455,311,149,24.604548,23.626441,15.925967,8.117199,28.120705,26.526150,5.325815,7.458805,10.154767,23.315057,12.398163,16.935434
2026-08-07,14-57-24,two_teams_slower1,2026-08-07T14:57:24.201261+08:00,2026-08-07T14:57:26.426787+08:00,2026-08-07T15:03:04.410606+08:00,340.209,113,20,6.657219,18.614219,27.501028,38.171549,11.349564,9.436408,12.807571,11.164381,17.272305,15.891557,10.095226,9.043834
2026-08-07,15-04-08,two_teams_slower1,2026-08-07T15:04:08.779279+08:00,2026-08-07T15:04:12.170711+08:00,2026-08-07T15:09:56.468808+08:00,347.690,124,87,10.351984,15.154358,9.317572,32.132875,9.317411,13.373330,5.824763,6.456002,9.196612,9.970943,13.267181,18.878520
2026-08-07,15-10-56,two_teams_slower1,2026-08-07T15:10:56.434651+08:00,2026-08-07T15:11:07.495878+08:00,2026-08-07T15:16:07.579606+08:00,311.145,76,44,4.106404,7.908078,6.419849,12.562847,18.202879,6.381365,9.784637,6.005993,7.797236,14.119047,9.332915,18.432120
2026-08-07,15-17-03,two_teams_slower1,2026-08-07T15:17:03.996881+08:00,2026-08-07T15:17:08.621568+08:00,2026-08-07T15:22:35.675451+08:00,331.679,71,14,9.019938,10.890719,10.203290,5.507678,7.725651,4.621083,4.892609,4.624441,2.920714,5.776056,10.218457,4.677586
2026-08-07,15-23-48,two_teams_slower1,2026-08-07T15:23:48.414118+08:00,2026-08-07T15:25:18.423021+08:00,2026-08-07T15:30:18.535319+08:00,390.121,11,0,4.460236,9.446746,12.087981,9.338726,17.206378,18.952607,11.179623,13.428236,14.874846,17.080114,22.746598,12.092342
2026-08-07,15-31-19,two_teams_slower1,2026-08-07T15:31:19.703305+08:00,2026-08-07T15:32:49.728652+08:00,2026-08-07T15:37:49.821159+08:00,390.118,30,91,7.446990,7.331237,13.644777,11.746513,18.666645,4.253651,8.835108,12.117144,15.596757,32.575294,17.298855,3.621977
2026-08-07,15-38-56,two_teams_slower1,2026-08-07T15:38:56.675090+08:00,2026-08-07T15:40:26.698713+08:00,2026-08-07T15:45:26.829834+08:00,390.155,40,54,4.082885,8.916006,11.849738,9.647475,5.877267,10.081181,5.809087,12.386783,11.148974,21.296201,18.266742,6.925182
2026-08-07,15-46-26,two_teams_slower1,2026-08-07T15:46:26.247300+08:00,2026-08-07T15:47:56.272758+08:00,2026-08-07T15:52:56.359808+08:00,390.113,102,55,8.016650,6.610906,11.119388,15.109670,12.788632,10.270552,4.854299,8.601993,7.473270,10.477888,21.937160,11.757056
2026-08-07,15-54-06,two_teams_slower1,2026-08-07T15:54:06.307492+08:00,2026-08-07T15:55:36.314223+08:00,2026-08-07T16:00:36.387416+08:00,390.080,55,118,5.895280,11.353225,6.279816,5.927614,18.873559,16.246114,17.219597,12.977168,15.677436,14.700404,30.940534,14.693695
2026-08-07,16-01-45,two_teams_slower1,2026-08-07T16:01:45.637532+08:00,2026-08-07T16:03:15.646314+08:00,2026-08-07T16:08:35.602659+08:00,409.965,47,57,8.707734,9.102099,7.813842,16.494386,18.610668,29.204899,3.358364,5.868880,9.262335,12.145081,19.935289,24.790810
2026-08-07,16-09-33,two_teams_slower1,2026-08-07T16:09:33.420020+08:00,2026-08-07T16:11:03.426898+08:00,2026-08-07T16:16:03.521391+08:00,390.101,107,70,11.832659,12.026135,9.208430,34.090832,6.674872,8.513902,8.719614,9.370583,12.717572,35.383108,15.105082,16.083345
2026-08-07,16-17-06,two_teams_slower1,2026-08-07T16:17:06.894605+08:00,2026-08-07T16:18:36.901973+08:00,2026-08-07T16:23:48.844524+08:00,401.950,13,0,5.779863,11.446187,7.158819,14.131224,7.485416,22.152529,6.450958,10.836753,19.782004,12.006570,13.528141,20.497101
2026-08-07,16-24-49,two_teams_slower1,2026-08-07T16:24:49.433437+08:00,2026-08-07T16:24:51.579574+08:00,2026-08-07T16:30:10.686273+08:00,321.253,142,64,9.394194,14.060246,20.697328,29.130986,15.985441,19.471838,8.250394,8.057398,18.626876,22.079197,14.898848,22.438084
2026-08-07,16-31-16,two_teams_slower1,2026-08-07T16:31:16.989214+08:00,2026-08-07T16:32:47.016891+08:00,2026-08-07T16:37:47.178066+08:00,390.189,33,93,18.372036,23.532434,14.503466,37.145346,20.253062,43.191752,8.214228,5.564524,14.679835,15.540699,8.855465,27.445695
2026-08-07,16-38-46,two_teams_slower1,2026-08-07T16:38:46.803953+08:00,2026-08-07T16:39:28.178738+08:00,2026-08-07T16:45:06.315719+08:00,379.512,49,4,9.377802,17.188663,13.000662,21.174416,12.200249,14.243741,6.637242,10.893679,8.095349,11.335797,22.272779,14.569477
2026-08-07,16-46-07,two_teams_slower1,2026-08-07T16:46:07.734769+08:00,2026-08-07T16:47:37.759423+08:00,2026-08-07T16:52:37.860082+08:00,390.125,48,64,6.361250,11.756008,27.067065,8.315419,28.684178,31.895408,9.109212,7.212366,6.240803,28.848945,23.222082,16.576579
2026-08-07,16-53-48,two_teams_slower1,2026-08-07T16:53:48.334385+08:00,2026-08-07T16:55:18.360293+08:00,2026-08-07T17:00:32.259343+08:00,403.925,56,4,14.389547,12.368228,14.466000,20.091447,29.319310,24.355979,2.615431,6.043999,16.435458,9.040954,12.683085,14.650776
2026-08-07,17-01-40,two_teams_slower1,2026-08-07T17:01:40.060326+08:00,2026-08-07T17:03:10.085823+08:00,2026-08-07T17:08:10.157396+08:00,390.097,96,13,14.890638,10.382502,14.664971,22.352619,16.022595,25.209886,5.527411,4.476378,16.308513,9.465517,14.509177,37.303352
2026-08-07,17-09-20,two_teams_slower1,2026-08-07T17:09:20.344633+08:00,2026-08-07T17:10:50.353876+08:00,2026-08-07T17:15:50.442831+08:00,390.098,64,0,3.515724,17.041055,21.152773,10.091457,37.232094,37.310116,5.409350,8.689563,6.805545,7.842181,30.973103,16.137170
2026-08-07,17-17-01,two_teams_slower1,2026-08-07T17:17:01.111932+08:00,2026-08-07T17:18:31.121251+08:00,2026-08-07T17:26:02.250188+08:00,541.138,80,31,13.363813,12.404647,13.650261,24.350331,35.810699,43.900124,6.713271,13.260867,13.813700,20.374317,22.698916,26.318532
2026-08-07,17-27-03,two_teams_slower1,2026-08-07T17:27:03.322921+08:00,2026-08-07T17:28:33.349118+08:00,2026-08-07T17:33:33.485578+08:00,390.163,48,38,15.910889,9.317858,12.848608,18.535886,21.340412,25.200565,8.307918,12.194483,11.344695,20.038679,10.315807,6.784409
2026-08-07,17-34-41,two_teams_slower1,2026-08-07T17:34:41.969437+08:00,2026-08-07T17:36:11.993244+08:00,2026-08-07T17:41:12.092892+08:00,390.123,120,16,13.793168,11.070068,19.945138,16.742537,18.266257,23.586210,6.763261,9.992710,11.447844,9.412925,5.600128,20.707837
2026-08-07,17-42-15,two_teams_slower1,2026-08-07T17:42:15.241442+08:00,2026-08-07T17:43:45.248794+08:00,2026-08-07T17:48:45.323680+08:00,390.082,45,59,5.734069,6.250984,10.777225,14.791983,12.197597,16.044483,5.892595,7.658644,6.856704,8.982746,8.610654,19.670789
2026-08-07,17-49-49,two_teams_slower1,2026-08-07T17:49:49.019199+08:00,2026-08-07T17:51:19.043685+08:00,2026-08-07T17:56:19.178851+08:00,390.160,49,0,7.751280,9.835551,9.767034,8.144283,26.343291,20.040215,6.311578,5.679381,4.919625,17.481617,24.403519,14.092159
2026-08-07,17-57-29,two_teams_slower1,2026-08-07T17:57:29.560174+08:00,2026-08-07T17:58:59.569252+08:00,2026-08-07T18:03:59.665078+08:00,390.105,14,0,8.684120,8.666876,11.280118,8.853701,15.277100,23.763789,2.332468,5.838026,8.802288,7.019433,8.768277,21.137818
2026-08-07,18-05-04,two_teams_slower1,2026-08-07T18:05:04.666394+08:00,2026-08-07T18:06:34.692780+08:00,2026-08-07T18:11:34.796086+08:00,390.130,83,0,7.164901,9.720469,10.116976,8.831118,11.831540,18.367439,15.381618,4.011845,5.884229,7.086155,4.903652,16.228630
2026-08-07,18-12-37,two_teams_slower1,2026-08-07T18:12:37.044544+08:00,2026-08-07T18:14:07.069452+08:00,2026-08-07T18:19:07.197445+08:00,390.153,7,0,5.360761,8.869400,13.131151,18.065121,18.999060,31.363709,3.031441,5.054513,5.241582,13.582179,6.313628,11.591283
2026-08-07,18-22-55,two_teams_slower1,2026-08-07T18:22:55.253744+08:00,2026-08-07T18:24:25.261455+08:00,2026-08-07T18:29:25.332207+08:00,390.078,69,0,5.260106,5.862803,5.711793,22.379037,9.848790,11.276761,25.026866,18.747927,4.182670,6.536365,9.388311,12.450262
2026-08-07,18-30-35,two_teams_slower1,2026-08-07T18:30:35.255687+08:00,2026-08-07T18:32:05.263387+08:00,2026-08-07T18:37:05.371251+08:00,390.116,77,0,12.675699,4.069598,1.959451,7.540718,12.744916,13.393783,5.679926,5.349285,4.621340,15.853299,7.175715,13.068068
2026-08-07,18-42-56,two_teams_slower1,2026-08-07T18:42:56.617970+08:00,2026-08-07T18:44:26.640891+08:00,2026-08-07T18:49:26.759749+08:00,390.142,20,13,5.644193,2.181333,4.056958,3.314950,5.211609,6.781820,9.632249,10.921358,5.156231,10.150404,6.213216,9.717617
2026-08-07,18-50-24,two_teams_slower1,2026-08-07T18:50:24.179614+08:00,2026-08-07T18:51:54.204716+08:00,2026-08-07T18:56:54.315357+08:00,390.136,20,60,0.874619,0.365297,0.354906,0.394269,0.383027,0.281581,3.875296,4.189437,5.689350,8.695074,6.572869,13.315618
2026-08-08,10-47-27,two_teams_slower1,2026-08-08T10:47:27.060636+08:00,2026-08-08T10:48:57.062192+08:00,2026-08-08T10:53:57.268909+08:00,390.208,0,0,2.382871,0.411161,0.397055,0.397378,0.382338,0.282549,0.433363,0.417963,0.399018,0.395993,0.466282,0.309517
2026-08-08,10-57-26,two_teams_slower1,2026-08-08T10:57:26.799058+08:00,2026-08-08T10:58:56.831454+08:00,2026-08-08T11:02:54.488154+08:00,327.689,0,0,0.890237,0.339566,0.331276,0.337531,0.334052,0.243374,0.368392,0.358844,0.386272,0.356838,0.420943,0.269141
2026-08-08,11-10-03,two_teams_slower1,2026-08-08T11:10:03.903115+08:00,2026-08-08T11:11:33.919515+08:00,2026-08-08T11:12:56.242145+08:00,172.339,0,0,1.485224,0.200518,0.200079,0.183247,0.171167,0.127265,0.188355,0.200057,0.215505,0.182025,0.191295,0.141993
2026-08-08,11-13-49,two_teams_slower1,2026-08-08T11:13:49.594013+08:00,2026-08-08T11:14:59.464727+08:00,2026-08-08T11:19:59.562138+08:00,369.968,8,68,10.777484,0.637756,0.473922,0.401730,0.412416,0.270703,7.747492,6.729593,5.146344,11.683484,13.874872,20.833860
2026-08-08,11-59-37,two_teams_slower1,2026-08-08T11:59:37.085926+08:00,2026-08-08T12:01:07.107109+08:00,2026-08-08T12:05:07.032863+08:00,329.947,25,0,5.346523,14.381656,15.744633,12.997004,9.876206,6.614005,1.686747,0.390846,0.369612,0.350078,0.400187,0.262626
2026-08-08,12-09-33,two_teams_slower1,2026-08-08T12:09:33.797886+08:00,2026-08-08T12:10:16.244459+08:00,2026-08-08T12:15:16.426076+08:00,342.628,47,85,7.115057,4.634269,3.370153,5.164562,5.281855,8.498435,8.883445,7.204415,5.098922,10.637559,16.292955,9.989986
2026-08-08,12-19-04,two_teams_slower1,2026-08-08T12:19:04.700859+08:00,2026-08-08T12:20:34.715324+08:00,2026-08-08T12:25:34.872516+08:00,390.172,41,42,3.398648,4.981405,2.635386,10.577610,5.752499,10.642830,8.065285,5.209756,4.084674,10.244786,5.569914,3.776366
2026-08-08,12-26-31,two_teams_slower1,2026-08-08T12:26:31.305903+08:00,2026-08-08T12:26:49.218459+08:00,2026-08-08T12:31:49.344253+08:00,318.038,78,7,16.665706,12.846965,7.861079,20.311103,7.623893,8.121614,8.390262,5.319420,6.875928,7.044489,5.873953,8.495548
2026-08-08,12-32-47,two_teams_slower1,2026-08-08T12:32:47.112320+08:00,2026-08-08T12:34:17.131739+08:00,2026-08-08T12:41:31.195597+08:00,524.083,38,11,10.865823,8.492451,12.843359,14.361167,17.396258,11.895274,8.661402,8.245435,19.452673,9.146084,12.283697,36.331120
2026-08-08,12-42-33,two_teams_slower1,2026-08-08T12:42:33.729103+08:00,2026-08-08T12:44:03.756754+08:00,2026-08-08T12:49:03.897447+08:00,390.168,23,0,8.848014,10.761302,4.946307,7.085104,5.614331,17.638643,7.131113,14.656349,12.956944,6.955868,25.347303,33.384015
2026-08-08,12-50-01,two_teams_slower1,2026-08-08T12:50:01.865231+08:00,2026-08-08T12:51:31.879400+08:00,2026-08-08T12:56:32.025977+08:00,390.161,62,125,3.141633,8.748612,9.731822,16.986465,9.353899,29.180263,14.101480,8.488016,6.069551,17.091185,9.314568,10.279722
2026-08-08,12-57-45,two_teams_slower1,2026-08-08T12:57:45.257867+08:00,2026-08-08T12:59:15.268917+08:00,2026-08-08T13:04:15.359500+08:00,390.102,94,77,5.592019,3.673254,3.171253,6.153101,4.849759,5.316426,3.489474,5.721781,6.984194,13.893467,3.807440,8.071964
2026-08-08,13-05-16,two_teams_slower1,2026-08-08T13:05:16.572144+08:00,2026-08-08T13:06:46.585375+08:00,2026-08-08T13:11:53.990723+08:00,397.419,142,109,12.044296,4.892607,10.597225,25.903913,9.043462,8.536977,5.281951,7.449978,7.287803,19.137883,6.622416,14.010208
2026-08-08,13-19-11,two_teams_slower1,2026-08-08T13:19:11.070715+08:00,2026-08-08T13:20:41.093259+08:00,2026-08-08T13:25:41.189758+08:00,390.119,55,7,10.747853,8.536624,7.272509,21.633287,4.039638,8.865709,1.473509,3.133698,2.831843,3.865467,3.737738,3.702687
2026-08-08,13-26-50,two_teams_slower1,2026-08-08T13:26:50.456031+08:00,2026-08-08T13:28:20.470093+08:00,2026-08-08T13:33:20.567928+08:00,390.112,54,26,6.442049,9.836529,13.959884,13.492110,17.662243,19.595687,10.122121,8.254076,15.128119,21.388072,12.631362,25.939154
2026-08-08,13-34-25,two_teams_slower1,2026-08-08T13:34:25.790437+08:00,2026-08-08T13:35:55.800257+08:00,2026-08-08T13:41:07.757474+08:00,401.967,47,34,7.319088,12.977498,7.486747,17.063583,5.593551,8.691558,9.806530,14.733839,10.531331,11.849065,14.803155,41.857160
2026-08-08,13-42-49,two_teams_slower1,2026-08-08T13:42:49.828890+08:00,2026-08-08T13:44:19.847226+08:00,2026-08-08T13:49:34.649337+08:00,404.820,49,82,10.868763,11.822645,11.865158,23.927738,9.267221,7.193477,9.214011,8.527385,12.848589,22.909390,5.559859,4.602916
2026-08-08,13-50-46,two_teams_slower1,2026-08-08T13:50:46.667018+08:00,2026-08-08T13:52:16.676053+08:00,2026-08-08T13:57:23.586539+08:00,396.920,38,25,17.948461,11.974395,20.579961,15.365688,15.112694,48.897913,8.206142,6.212573,5.728543,11.114923,11.788240,16.040191
2026-08-08,13-58-27,two_teams_slower1,2026-08-08T13:58:27.986792+08:00,2026-08-08T13:59:57.994972+08:00,2026-08-08T14:04:58.082698+08:00,390.096,55,68,6.597850,10.564095,16.004929,26.121920,23.426573,23.661371,5.460559,5.970295,10.567194,16.516995,4.797445,6.807484
2026-08-08,14-05-58,two_teams_slower1,2026-08-08T14:05:58.453010+08:00,2026-08-08T14:07:28.485628+08:00,2026-08-08T14:12:28.568882+08:00,390.116,27,0,10.227624,14.381486,8.816525,20.464764,26.083723,34.100440,1.846225,4.183302,3.314157,3.338785,9.377436,4.076783
2026-08-08,14-13-36,two_teams_slower1,2026-08-08T14:13:36.850253+08:00,2026-08-08T14:15:06.885978+08:00,2026-08-08T14:20:06.982757+08:00,390.133,7,0,9.821591,6.850306,8.570693,11.794691,8.304443,16.094612,19.713908,0.882683,0.764016,0.553276,0.558429,0.322994
2026-08-08,14-21-14,two_teams_slower1,2026-08-08T14:21:14.709291+08:00,2026-08-08T14:22:44.724781+08:00,2026-08-08T14:28:21.133133+08:00,426.424,29,64,4.019526,11.917242,20.432432,12.152832,26.374204,34.094638,23.672901,11.237100,17.120176,12.394120,17.718998,17.853301
2026-08-08,14-29-28,two_teams_slower1,2026-08-08T14:29:28.916886+08:00,2026-08-08T14:30:58.940706+08:00,2026-08-08T14:35:59.081692+08:00,390.165,29,105,8.599510,5.948026,13.495097,44.664856,33.336930,16.301688,10.755123,7.719304,8.553206,6.869142,6.615461,21.743456
2026-08-08,14-37-00,two_teams_slower1,2026-08-08T14:37:00.256908+08:00,2026-08-08T14:38:30.281668+08:00,2026-08-08T14:43:30.407069+08:00,390.150,52,107,7.823008,7.646157,14.112830,26.269726,15.502312,18.313395,8.403609,5.963638,8.568918,21.904712,7.081233,9.990747
2026-08-08,14-44-31,two_teams_slower1,2026-08-08T14:44:31.105491+08:00,2026-08-08T14:46:01.136977+08:00,2026-08-08T14:49:54.783451+08:00,323.678,34,0,10.837898,7.782863,8.984859,18.906850,12.093974,9.900911,4.710207,7.674212,9.540542,10.314893,9.871010,17.131258
2026-08-08,14-50-56,two_teams_slower1,2026-08-08T14:50:56.284811+08:00,2026-08-08T14:52:26.291799+08:00,2026-08-08T14:57:26.386736+08:00,390.102,108,38,11.069924,7.618459,20.277091,38.432287,15.481778,16.370586,13.024677,7.558934,7.578925,18.083074,13.808342,38.066301
2026-08-08,14-58-27,two_teams_slower1,2026-08-08T14:58:27.794620+08:00,2026-08-08T14:59:57.820265+08:00,2026-08-08T15:05:30.788196+08:00,422.994,51,43,12.664557,7.078506,9.304443,7.021342,11.184601,24.941901,9.140216,5.825482,10.923426,17.374536,11.157190,14.297790
2026-08-08,15-06-31,two_teams_slower1,2026-08-08T15:06:31.109415+08:00,2026-08-08T15:08:01.124185+08:00,2026-08-08T15:13:14.171908+08:00,403.062,49,98,6.163377,6.328276,12.242240,6.847317,8.120437,9.539857,4.061463,15.300313,12.455021,23.964512,10.573418,14.989865
2026-08-08,15-14-22,two_teams_slower1,2026-08-08T15:14:22.475735+08:00,2026-08-08T15:15:52.507606+08:00,2026-08-08T15:21:09.472350+08:00,406.997,16,8,6.164577,5.089829,11.852832,10.467663,7.124367,7.713451,3.705014,18.007257,4.574219,10.225228,20.649768,30.667717
2026-08-08,15-22-19,two_teams_slower1,2026-08-08T15:22:19.640464+08:00,2026-08-08T15:23:49.676610+08:00,2026-08-08T15:28:49.760841+08:00,390.120,89,41,6.695426,5.214409,9.272346,6.807325,11.059163,14.510855,9.163911,8.858543,7.953728,4.960879,7.912226,13.674247
2026-08-08,15-29-50,two_teams_slower1,2026-08-08T15:29:50.302758+08:00,2026-08-08T15:31:20.310902+08:00,2026-08-08T15:36:20.408895+08:00,390.106,50,31,8.410042,10.249440,20.568519,54.956461,7.983101,22.967567,19.214591,17.272062,16.210840,26.101590,41.449989,38.644169
2026-08-08,15-37-26,two_teams_slower1,2026-08-08T15:37:26.859072+08:00,2026-08-08T15:38:56.885519+08:00,2026-08-08T15:44:13.316308+08:00,406.457,35,47,13.006363,9.983823,14.499027,15.690680,6.064856,31.155471,10.642962,3.638129,5.212445,8.937721,18.425872,35.674097
2026-08-08,15-45-10,two_teams_slower1,2026-08-08T15:45:10.240315+08:00,2026-08-08T15:46:40.254195+08:00,2026-08-08T15:51:40.416881+08:00,390.177,15,0,2.457941,4.322778,5.204360,3.759986,14.653162,23.672455,10.888242,8.570035,2.682591,12.378052,4.912083,3.853161
2026-08-08,15-52-37,two_teams_slower1,2026-08-08T15:52:37.602831+08:00,2026-08-08T15:54:07.634048+08:00,2026-08-08T15:59:07.781526+08:00,390.179,6,132,8.121775,10.420648,39.395093,61.552068,21.672478,47.821103,18.039636,10.650256,10.978355,20.567203,21.194673,23.009335
2026-08-08,16-00-11,two_teams_slower1,2026-08-08T16:00:11.650853+08:00,2026-08-08T16:01:41.668472+08:00,2026-08-08T16:06:41.812340+08:00,390.161,55,74,12.126056,8.755197,10.597103,14.129233,8.977628,14.388315,7.489637,9.047107,12.967749,21.427995,10.714020,15.407119
2026-08-08,16-07-49,two_teams_slower1,2026-08-08T16:07:49.795136+08:00,2026-08-08T16:09:19.810356+08:00,2026-08-08T16:14:37.579860+08:00,407.785,23,0,3.333581,5.423282,7.720973,3.501295,8.307512,25.357177,4.774520,14.238484,20.518852,16.739680,12.785776,14.825051
2026-08-08,16-15-37,two_teams_slower1,2026-08-08T16:15:37.410235+08:00,2026-08-08T16:17:07.422812+08:00,2026-08-08T16:22:07.585094+08:00,390.175,56,20,9.720555,8.928145,13.071438,13.481238,12.251299,18.475529,5.552540,11.040864,11.378212,30.703503,11.115845,14.148498
2026-08-08,16-23-13,two_teams_slower1,2026-08-08T16:23:13.582676+08:00,2026-08-08T16:24:43.592996+08:00,2026-08-08T16:29:43.714414+08:00,390.132,94,73,11.278170,17.347119,20.052562,24.413637,14.526274,15.713441,7.971254,9.287481,13.632787,13.593428,5.703705,5.215135
2026-08-08,16-30-49,two_teams_slower1,2026-08-08T16:30:49.730395+08:00,2026-08-08T16:32:19.739022+08:00,2026-08-08T16:37:19.835013+08:00,390.105,72,100,3.808077,5.633317,7.849478,9.461162,10.905856,28.209164,6.277011,9.541689,41.647336,26.904633,35.511873,10.838433
2026-08-08,16-38-29,two_teams_slower1,2026-08-08T16:38:29.081596+08:00,2026-08-08T16:39:59.106533+08:00,2026-08-08T16:45:06.957850+08:00,397.876,51,48,8.827208,10.190377,16.646075,28.714701,15.479227,23.783981,4.249962,4.375165,3.907244,7.762139,19.244445,31.085490
2026-08-08,16-46-20,two_teams_slower1,2026-08-08T16:46:20.197777+08:00,2026-08-08T16:47:50.224574+08:00,2026-08-08T16:52:50.306752+08:00,390.109,87,78,10.901285,6.014183,15.255522,18.008551,9.334071,21.185289,9.423548,11.872956,18.375249,32.107488,8.610373,3.778373
2026-08-08,16-53-46,two_teams_slower1,2026-08-08T16:53:46.804255+08:00,2026-08-08T16:55:16.817930+08:00,2026-08-08T17:00:23.660649+08:00,396.856,41,5,6.795148,4.919598,9.512009,12.360338,15.893317,8.562096,9.535100,8.750379,5.063424,9.967153,16.869677,15.497136
2026-08-08,17-01-25,two_teams_slower1,2026-08-08T17:01:25.891638+08:00,2026-08-08T17:02:55.901082+08:00,2026-08-08T17:07:56.027322+08:00,390.136,66,47,6.907366,9.641664,10.374991,24.422262,7.117202,21.216000,10.155009,9.275283,7.855624,17.725411,14.761473,9.280731
2026-08-08,17-08-56,two_teams_slower1,2026-08-08T17:08:56.757650+08:00,2026-08-08T17:10:26.782200+08:00,2026-08-08T17:15:26.877305+08:00,390.120,30,134,5.794690,8.366079,8.059161,17.548987,53.365441,16.008157,10.966910,7.023977,7.650111,19.195189,16.825105,26.284525
2026-08-08,17-16-27,two_teams_slower1,2026-08-08T17:16:27.106847+08:00,2026-08-08T17:17:57.125940+08:00,2026-08-08T17:23:31.222635+08:00,424.116,8,36,10.453756,9.814822,16.140715,9.988398,11.300057,13.814973,11.073653,8.323784,6.404288,13.527922,13.812344,19.966381
2026-08-08,17-24-43,two_teams_slower1,2026-08-08T17:24:43.373240+08:00,2026-08-08T17:26:13.398259+08:00,2026-08-08T17:31:13.521697+08:00,390.148,64,16,21.159876,16.510852,4.957961,13.976632,17.058804,9.875554,6.639317,8.704936,6.537720,6.305650,12.858626,19.949844
2026-08-08,17-32-15,two_teams_slower1,2026-08-08T17:32:15.011127+08:00,2026-08-08T17:33:45.019005+08:00,2026-08-08T17:39:24.263260+08:00,429.252,152,93,11.186360,11.921892,9.040546,16.034217,12.825783,28.183629,12.701506,12.962913,24.719647,30.706847,26.199744,39.615796
2026-08-08,17-41-01,two_teams_slower1,2026-08-08T17:41:01.754560+08:00,2026-08-08T17:42:31.785723+08:00,2026-08-08T17:47:31.870201+08:00,390.116,0,0,7.566988,4.512109,7.655298,13.584607,8.674219,3.473270,0.372401,0.419391,0.399795,0.406205,0.487230,0.307483
2026-08-08,17-50-08,two_teams_slower1,2026-08-08T17:50:08.046332+08:00,2026-08-08T17:51:38.066540+08:00,2026-08-08T17:56:38.162997+08:00,390.117,46,0,7.475368,9.730952,11.467338,19.547079,20.808771,13.503839,3.719464,6.025216,6.917557,12.429220,4.895774,10.532182
2026-08-08,17-57-51,two_teams_slower1,2026-08-08T17:57:51.540540+08:00,2026-08-08T17:59:21.568099+08:00,2026-08-08T18:04:21.656544+08:00,390.116,75,0,4.317694,6.350142,11.960544,12.329335,12.607200,8.768767,16.046979,5.938303,5.493892,20.175889,6.266405,20.192276
2026-08-08,18-05-24,two_teams_slower1,2026-08-08T18:05:24.047002+08:00,2026-08-08T18:06:54.072711+08:00,2026-08-08T18:12:06.522980+08:00,402.476,96,42,8.456099,8.106749,13.165502,15.118978,9.479089,4.741124,8.647466,13.318915,8.976534,33.563322,7.311830,10.994532
2026-08-08,18-13-02,two_teams_slower1,2026-08-08T18:13:02.863314+08:00,2026-08-08T18:14:32.880949+08:00,2026-08-08T18:19:50.055765+08:00,407.192,39,0,16.337040,15.409994,6.668438,10.760636,11.735209,7.559165,5.190266,9.539043,5.086749,6.451591,4.419219,9.970648
2026-08-08,18-21-09,two_teams_slower1,2026-08-08T18:21:09.007638+08:00,2026-08-08T18:22:39.032931+08:00,2026-08-08T18:27:39.138318+08:00,390.131,69,93,9.610825,6.077612,9.649728,13.526055,6.142953,3.683381,2.500013,13.031443,19.587432,34.509726,6.906131,4.300185
2026-08-08,18-28-38,two_teams_slower1,2026-08-08T18:28:38.859938+08:00,2026-08-08T18:30:08.886624+08:00,2026-08-08T18:35:08.997180+08:00,390.137,11,0,16.524135,7.596897,8.628973,9.497341,7.290476,7.547874,3.899294,7.662148,11.182836,3.381030,4.399534,4.312382
2026-08-08,18-36-44,two_teams_slower1,2026-08-08T18:36:44.831536+08:00,2026-08-08T18:38:14.840346+08:00,2026-08-08T18:43:14.994192+08:00,390.163,48,0,8.905407,6.606085,13.596996,12.149232,15.276588,28.029783,8.035209,8.221011,12.134512,17.763446,14.627515,14.657107
2026-08-08,18-44-30,two_teams_slower1,2026-08-08T18:44:30.205770+08:00,2026-08-08T18:46:00.220899+08:00,2026-08-08T18:51:00.304479+08:00,390.099,32,5,0.510843,0.378285,0.368344,0.416088,0.400176,0.297062,0.435488,0.440356,0.422067,0.428187,0.510124,0.330841
2026-08-09,10-43-48,two_teams_slower1,2026-08-09T10:43:48.225010+08:00,2026-08-09T10:45:18.240817+08:00,2026-08-09T10:48:22.237887+08:00,274.013,0,0,0.355017,0.268666,0.260838,0.269473,0.266081,0.210076,0.288618,0.296725,0.322505,0.307868,0.352154,0.220674
2026-08-09,11-04-51,two_teams_slower1,2026-08-09T11:04:51.364651+08:00,2026-08-09T11:04:53.791526+08:00,2026-08-09T11:09:53.862803+08:00,302.498,31,116,0.319266,0.259435,0.323504,0.275699,0.270036,0.200841,6.051770,10.124482,15.219240,29.457215,3.604561,5.888749
2026-08-09,11-12-26,two_teams_slower1,2026-08-09T11:12:26.501313+08:00,2026-08-09T11:12:28.431111+08:00,2026-08-09T11:17:28.601995+08:00,302.101,179,68,4.385585,7.282649,11.865860,17.147616,3.590288,3.565474,5.201724,7.803341,8.944364,15.515497,3.628624,4.600074
2026-08-09,11-21-14,two_teams_slower1,2026-08-09T11:21:14.279280+08:00,2026-08-09T11:21:16.690907+08:00,2026-08-09T11:26:16.821854+08:00,302.543,26,152,1.810690,0.300768,0.301250,0.294793,0.295355,0.210486,3.793211,8.500576,11.357457,22.266285,3.562119,3.382142
2026-08-09,11-27-12,two_teams_slower1,2026-08-09T11:27:12.224482+08:00,2026-08-09T11:28:42.252172+08:00,2026-08-09T11:33:42.443352+08:00,390.219,61,10,22.564844,10.238812,12.123510,24.263809,38.206403,23.171985,8.428068,5.826781,5.271878,9.223400,14.256988,4.395279
2026-08-09,11-41-01,two_teams_slower1,2026-08-09T11:41:01.098422+08:00,2026-08-09T11:41:38.207065+08:00,2026-08-09T11:46:38.279569+08:00,337.181,30,4,4.361687,4.146851,6.623783,9.714207,4.628354,3.494507,1.371709,1.292528,2.061012,3.697533,4.213712,4.155831
2026-08-09,11-47-40,two_teams_slower1,2026-08-09T11:47:40.759179+08:00,2026-08-09T11:47:45.602458+08:00,2026-08-09T11:52:45.702209+08:00,304.943,81,52,0.352232,0.262064,0.252903,0.290186,0.287874,0.209305,7.821215,5.689540,4.506044,10.150325,10.809132,17.995684
2026-08-09,11-53-52,two_teams_slower1,2026-08-09T11:53:52.234621+08:00,2026-08-09T11:54:02.711609+08:00,2026-08-09T11:59:13.674877+08:00,321.440,66,32,5.177787,4.448254,7.865166,15.835255,7.852582,9.329477,7.542787,4.865341,5.255137,13.911375,5.905631,8.359687
2026-08-09,12-00-12,two_teams_slower1,2026-08-09T12:00:12.709492+08:00,2026-08-09T12:01:42.734657+08:00,2026-08-09T12:06:42.854790+08:00,390.145,8,0,7.598782,8.133313,7.098463,10.735577,6.745852,7.464517,9.983541,4.762815,4.807753,9.462541,7.059833,8.825626
2026-08-09,12-07-38,two_teams_slower1,2026-08-09T12:07:38.029151+08:00,2026-08-09T12:09:08.055734+08:00,2026-08-09T12:14:08.166922+08:00,390.138,84,64,13.448497,8.290400,2.768330,2.209368,9.720091,14.349238,4.156984,3.700996,4.709343,6.838719,12.311844,11.422348
2026-08-09,12-15-02,two_teams_slower1,2026-08-09T12:15:02.932753+08:00,2026-08-09T12:16:32.942859+08:00,2026-08-09T12:21:33.105910+08:00,390.173,129,8,7.088184,7.181795,4.048867,7.909632,9.883757,13.773303,6.737220,11.716478,4.645926,4.162605,6.906435,5.309490
2026-08-09,12-22-32,two_teams_slower1,2026-08-09T12:22:32.879291+08:00,2026-08-09T12:24:02.887073+08:00,2026-08-09T12:29:03.030301+08:00,390.151,58,0,6.033991,2.744537,2.361057,4.240184,6.695606,12.688593,8.960576,4.055346,3.931598,3.365208,5.670007,4.132581
2026-08-09,12-30-13,two_teams_slower1,2026-08-09T12:30:13.328453+08:00,2026-08-09T12:30:38.938889+08:00,2026-08-09T12:35:39.103196+08:00,325.775,36,76,1.630534,1.295146,0.967940,1.952015,3.701592,2.468900,2.698359,2.718349,4.930014,10.206413,3.630432,3.419826
2026-08-09,12-38-16,two_teams_slower1,2026-08-09T12:38:16.628221+08:00,2026-08-09T12:39:46.654967+08:00,2026-08-09T12:44:46.838897+08:00,390.211,65,29,5.773102,6.630115,4.394907,12.951245,10.291501,11.610630,6.126512,6.264551,11.360945,7.830916,4.179350,4.020681
2026-08-09,12-45-47,two_teams_slower1,2026-08-09T12:45:47.241696+08:00,2026-08-09T12:46:01.302503+08:00,2026-08-09T12:51:01.495864+08:00,314.254,82,8,4.951507,7.579623,8.256889,24.069099,3.719531,3.505436,5.325900,1.412643,0.993995,0.403936,0.404625,0.244546
2026-08-09,12-52-01,two_teams_slower1,2026-08-09T12:52:01.852847+08:00,2026-08-09T12:52:05.631630+08:00,2026-08-09T12:57:05.776683+08:00,303.924,107,117,6.609174,7.805313,9.795944,15.532312,5.817919,4.752210,3.908946,11.108603,7.890881,22.204480,17.676453,25.307255
2026-08-09,12-58-07,two_teams_slower1,2026-08-09T12:58:07.602754+08:00,2026-08-09T12:58:09.077900+08:00,2026-08-09T13:03:09.228783+08:00,301.626,81,80,5.677065,10.681950,14.049505,13.011990,7.604939,12.616421,6.025042,10.131231,5.784978,13.335935,11.633762,11.876218
2026-08-09,13-04-11,two_teams_slower1,2026-08-09T13:04:11.329341+08:00,2026-08-09T13:04:13.404359+08:00,2026-08-09T13:09:22.362440+08:00,311.033,77,16,2.753424,5.596832,6.395062,7.944313,9.709827,24.361083,9.785594,8.330640,6.632069,10.888780,6.253613,5.965141
2026-08-09,13-10-47,two_teams_slower1,2026-08-09T13:10:47.044755+08:00,2026-08-09T13:10:54.886924+08:00,2026-08-09T13:15:55.049289+08:00,308.005,124,0,8.651821,9.722563,13.024804,12.594477,4.229436,6.774245,11.676794,10.446249,7.957683,10.600167,7.622379,6.398141
2026-08-09,13-17-35,two_teams_slower1,2026-08-09T13:17:35.321035+08:00,2026-08-09T13:17:39.780788+08:00,2026-08-09T13:22:39.929565+08:00,304.609,24,5,16.202518,11.582638,4.108414,4.021420,3.904980,4.412272,5.078220,5.028750,4.518834,10.738350,8.009439,4.484300
2026-08-09,13-23-49,two_teams_slower1,2026-08-09T13:23:49.274826+08:00,2026-08-09T13:23:51.899697+08:00,2026-08-09T13:28:52.068254+08:00,302.793,158,12,8.180010,7.573351,5.971503,10.448857,3.538149,3.389710,2.184674,0.345266,0.305630,0.322379,0.383552,0.233993
2026-08-09,13-29-53,two_teams_slower1,2026-08-09T13:29:53.092276+08:00,2026-08-09T13:29:55.201986+08:00,2026-08-09T13:35:10.376655+08:00,317.284,69,14,11.628415,8.803733,2.512123,5.212682,7.410802,9.598060,5.917811,9.190729,13.243188,21.225730,6.173724,8.114928
2026-08-09,13-36-23,two_teams_slower1,2026-08-09T13:36:23.792514+08:00,2026-08-09T13:36:25.501215+08:00,2026-08-09T13:42:25.020218+08:00,361.228,67,136,6.867927,9.907379,6.557528,14.333556,22.516240,31.419367,7.464643,8.394883,10.117720,24.975390,5.443463,3.454294
2026-08-09,13-43-24,two_teams_slower1,2026-08-09T13:43:24.543994+08:00,2026-08-09T13:43:32.135419+08:00,2026-08-09T13:48:32.221565+08:00,307.678,66,80,8.341738,8.463047,11.631823,14.663097,8.595647,37.032333,12.437209,10.578777,13.191163,19.121784,10.461044,34.919092
2026-08-09,13-49-32,two_teams_slower1,2026-08-09T13:49:32.582010+08:00,2026-08-09T13:49:36.424634+08:00,2026-08-09T13:54:48.838966+08:00,316.257,186,21,7.875499,12.120168,10.049080,10.978683,23.373314,18.906854,6.945188,10.029399,8.587249,15.442175,4.505331,4.884231
2026-08-09,13-55-45,two_teams_slower1,2026-08-09T13:55:45.304660+08:00,2026-08-09T13:56:01.363961+08:00,2026-08-09T14:01:01.441284+08:00,316.137,187,50,5.360050,9.652330,27.726082,16.580973,31.875477,38.789549,12.712569,13.181796,14.497666,17.090995,5.903870,3.739302
2026-08-09,14-02-03,two_teams_slower1,2026-08-09T14:02:03.682157+08:00,2026-08-09T14:02:20.457628+08:00,2026-08-09T14:07:20.540696+08:00,316.859,62,76,1.398766,5.756989,1.439913,1.906660,4.062979,0.228476,13.277155,10.837844,15.799994,20.342253,28.672500,32.898541
2026-08-09,14-08-16,two_teams_slower1,2026-08-09T14:08:16.970237+08:00,2026-08-09T14:08:23.279492+08:00,2026-08-09T14:13:23.364546+08:00,306.394,88,85,13.255458,11.495987,5.309699,9.593974,9.151627,13.817511,10.354110,7.575953,10.906189,8.254051,5.197152,6.992829
2026-08-09,14-14-23,two_teams_slower1,2026-08-09T14:14:23.852857+08:00,2026-08-09T14:14:27.160618+08:00,2026-08-09T14:19:44.181574+08:00,320.329,103,15,7.398371,9.750693,10.135913,5.614939,10.458215,11.981333,2.235311,4.781144,4.913004,10.149353,19.158534,19.387413
2026-08-09,14-21-05,two_teams_slower1,2026-08-09T14:21:05.351598+08:00,2026-08-09T14:21:35.676796+08:00,2026-08-09T14:26:35.811587+08:00,330.460,183,42,8.395157,8.658481,9.618700,15.165457,8.311948,23.844214,14.077411,10.059734,6.669275,24.649658,7.236541,11.754443
2026-08-09,14-27-39,two_teams_slower1,2026-08-09T14:27:39.167266+08:00,2026-08-09T14:27:44.761108+08:00,2026-08-09T14:32:44.898633+08:00,305.731,139,111,12.631198,8.026858,9.951909,11.898956,6.910232,7.924550,10.776981,9.493738,17.259545,21.976103,3.611433,3.513173
2026-08-09,14-33-56,two_teams_slower1,2026-08-09T14:33:56.026158+08:00,2026-08-09T14:33:59.433876+08:00,2026-08-09T14:38:59.508431+08:00,303.482,77,76,5.760281,11.916138,10.569374,6.745161,9.334083,14.079894,12.225899,7.068306,5.741974,9.141957,5.997553,4.804810
2026-08-09,14-40-00,two_teams_slower1,2026-08-09T14:40:00.181827+08:00,2026-08-09T14:41:02.891476+08:00,2026-08-09T14:46:03.066196+08:00,362.884,18,33,6.792882,5.127047,3.837513,4.534611,8.436488,8.695686,8.838071,6.195747,5.872432,10.077065,5.177269,4.856636
2026-08-09,14-47-00,two_teams_slower1,2026-08-09T14:47:00.664340+08:00,2026-08-09T14:47:20.557160+08:00,2026-08-09T14:52:20.637555+08:00,319.973,184,69,13.937045,12.958291,10.948376,20.062352,28.718358,26.194976,10.416986,6.945971,7.856898,15.111891,13.235322,13.075953
2026-08-09,14-53-24,two_teams_slower1,2026-08-09T14:53:24.202895+08:00,2026-08-09T14:53:25.813195+08:00,2026-08-09T14:58:25.901082+08:00,301.698,108,161,7.098109,7.361739,9.445239,10.798957,8.748468,14.570777,8.740091,19.213271,14.243393,29.334210,9.091526,3.586442
2026-08-09,15-01-15,two_teams_slower1,2026-08-09T15:01:15.685188+08:00,2026-08-09T15:01:19.508709+08:00,2026-08-09T15:06:19.615992+08:00,303.931,43,0,5.286330,6.999654,11.310065,12.996456,3.680550,3.575523,7.519795,2.419776,1.801901,6.661063,9.205835,4.142413
2026-08-09,15-07-24,two_teams_slower1,2026-08-09T15:07:24.173103+08:00,2026-08-09T15:08:54.181665+08:00,2026-08-09T15:13:54.313123+08:00,390.140,20,49,7.457548,11.046383,11.016301,14.973248,8.306308,5.903528,9.701811,10.727812,11.280404,14.873154,18.085529,19.190708
2026-08-09,15-14-48,two_teams_slower1,2026-08-09T15:14:48.976126+08:00,2026-08-09T15:14:57.782537+08:00,2026-08-09T15:20:05.121064+08:00,316.145,78,71,11.029464,4.132939,7.834857,24.180990,7.209073,15.159400,11.424179,9.852374,17.730446,22.025670,6.999945,7.797058
2026-08-09,15-21-10,two_teams_slower1,2026-08-09T15:21:10.583260+08:00,2026-08-09T15:22:40.608696+08:00,2026-08-09T15:27:40.700917+08:00,390.118,73,127,6.187379,7.835496,13.602210,33.889083,4.340912,3.992951,8.626732,14.622740,13.180247,20.835739,3.798857,3.569562
2026-08-09,15-28-38,two_teams_slower1,2026-08-09T15:28:38.060325+08:00,2026-08-09T15:30:08.083728+08:00,2026-08-09T15:35:08.155681+08:00,390.095,21,0,15.762749,8.718369,3.148057,3.366924,12.275931,18.624056,10.033546,1.988859,1.225036,4.004819,0.523154,0.312115
2026-08-09,15-36-03,two_teams_slower1,2026-08-09T15:36:03.180357+08:00,2026-08-09T15:36:35.490239+08:00,2026-08-09T15:41:35.591468+08:00,332.411,125,107,17.054333,11.005612,14.233928,16.500992,15.471136,19.655260,9.810685,9.745064,14.075203,17.284393,17.346310,20.040374
2026-08-09,15-42-41,two_teams_slower1,2026-08-09T15:42:41.010159+08:00,2026-08-09T15:42:55.885197+08:00,2026-08-09T15:47:56.036921+08:00,315.027,144,55,7.309642,7.675309,8.386333,26.630937,28.383158,15.257081,14.027555,10.962217,16.872634,13.112070,9.028730,33.030788
2026-08-09,15-48-57,two_teams_slower1,2026-08-09T15:48:57.849178+08:00,2026-08-09T15:49:04.406594+08:00,2026-08-09T15:54:04.529929+08:00,306.681,94,73,8.064861,17.130321,10.703163,17.618605,23.780622,18.759047,11.159200,6.410680,9.323965,16.276943,8.221859,17.161976
2026-08-09,15-55-04,two_teams_slower1,2026-08-09T15:55:04.525637+08:00,2026-08-09T15:55:07.734649+08:00,2026-08-09T16:00:07.859205+08:00,303.334,111,14,8.888461,7.058998,9.914883,22.203337,18.633098,17.190462,7.719820,12.187521,10.361110,8.562010,10.987782,15.630486
2026-08-09,16-01-09,two_teams_slower1,2026-08-09T16:01:09.940680+08:00,2026-08-09T16:02:39.965052+08:00,2026-08-09T16:07:40.084021+08:00,390.143,154,84,17.441846,11.599870,8.780214,4.946773,21.932698,22.238356,17.886033,7.570982,9.119394,13.368785,9.863181,10.476464
2026-08-09,16-08-38,two_teams_slower1,2026-08-09T16:08:38.223031+08:00,2026-08-09T16:10:08.233358+08:00,2026-08-09T16:15:08.313529+08:00,390.090,15,171,9.766890,5.416892,8.294299,6.932095,7.823115,22.276694,10.904760,10.778110,16.350842,12.960427,13.942117,17.321130
2026-08-09,16-16-10,two_teams_slower1,2026-08-09T16:16:10.356437+08:00,2026-08-09T16:17:40.381729+08:00,2026-08-09T16:22:40.558738+08:00,390.202,135,14,10.684229,6.558279,9.570855,10.220759,13.649292,17.151998,13.543180,12.239867,22.032301,26.025310,27.067563,42.345322
2026-08-09,16-23-44,two_teams_slower1,2026-08-09T16:23:44.439538+08:00,2026-08-09T16:25:14.464756+08:00,2026-08-09T16:30:28.890849+08:00,404.451,13,0,7.095200,10.140943,20.016983,30.986870,19.488009,12.246878,13.486214,22.259037,23.581607,6.056048,38.304249,48.893237
2026-08-09,16-31-26,two_teams_slower1,2026-08-09T16:31:26.542533+08:00,2026-08-09T16:31:32.199642+08:00,2026-08-09T16:36:32.294554+08:00,305.752,199,33,6.862539,7.298284,22.633754,10.158603,30.014555,23.439061,16.064536,13.762258,10.084311,7.782364,12.122230,13.389923
2026-08-09,16-37-38,two_teams_slower1,2026-08-09T16:37:38.399700+08:00,2026-08-09T16:37:47.560165+08:00,2026-08-09T16:42:47.670521+08:00,309.271,137,115,17.655719,21.077557,15.358825,18.931942,6.846946,9.411088,9.922146,7.752116,21.307651,14.911101,18.390523,29.459741
2026-08-09,16-43-49,two_teams_slower1,2026-08-09T16:43:49.678264+08:00,2026-08-09T16:44:33.639887+08:00,2026-08-09T16:49:33.772756+08:00,344.094,69,52,9.872844,5.471364,13.529740,17.129811,15.580817,10.557406,7.594247,8.248186,10.004187,12.386918,6.300745,22.638589
2026-08-09,16-50-38,two_teams_slower1,2026-08-09T16:50:38.477122+08:00,2026-08-09T16:50:40.652040+08:00,2026-08-09T16:55:40.742914+08:00,302.266,137,13,5.323168,11.484560,18.834277,34.751984,20.900244,27.781180,5.166770,7.201717,11.699494,9.399186,18.280035,13.870851
2026-08-09,16-56-42,two_teams_slower1,2026-08-09T16:56:42.983668+08:00,2026-08-09T16:56:47.526686+08:00,2026-08-09T17:01:47.680064+08:00,304.696,128,138,12.732121,11.732933,18.746029,27.812970,17.988618,19.487194,6.051022,8.524716,13.655304,24.209659,8.311530,27.574178
2026-08-09,17-02-52,two_teams_slower1,2026-08-09T17:02:52.018664+08:00,2026-08-09T17:03:25.377451+08:00,2026-08-09T17:08:33.886028+08:00,341.867,158,171,14.668792,14.166501,15.833496,20.849562,4.654607,7.907729,14.433003,14.151199,17.255688,41.438853,14.348757,25.034061
2026-08-09,17-09-46,two_teams_slower1,2026-08-09T17:09:46.317540+08:00,2026-08-09T17:09:48.926609+08:00,2026-08-09T17:14:49.030933+08:00,302.713,78,22,6.380620,7.552707,8.790010,9.811054,9.109434,7.998067,9.893829,11.738907,9.653330,14.477822,6.273266,6.020677
2026-08-09,17-15-58,two_teams_slower1,2026-08-09T17:15:58.637909+08:00,2026-08-09T17:16:09.964090+08:00,2026-08-09T17:21:10.079458+08:00,311.442,125,46,6.863925,7.864944,8.140995,10.501606,4.746102,5.876168,5.286257,8.785722,11.657556,13.315724,11.934029,11.709366
2026-08-09,17-22-12,two_teams_slower1,2026-08-09T17:22:12.566556+08:00,2026-08-09T17:22:13.641867+08:00,2026-08-09T17:27:13.755538+08:00,301.189,110,103,3.951393,4.935277,4.828119,11.405406,10.821015,10.876811,11.344309,12.345160,17.607565,22.733163,8.687025,5.062666
2026-08-09,17-28-31,two_teams_slower1,2026-08-09T17:28:31.841317+08:00,2026-08-09T17:28:33.534745+08:00,2026-08-09T17:33:33.658899+08:00,301.818,124,10,17.998870,7.443418,16.435511,15.382380,3.728372,3.381175,9.094984,4.895447,3.692575,15.924195,8.195778,7.450131
2026-08-09,17-34-29,two_teams_slower1,2026-08-09T17:34:29.975140+08:00,2026-08-09T17:35:59.981313+08:00,2026-08-09T17:41:00.094892+08:00,390.120,6,9,8.798712,6.234093,4.097607,8.529489,5.680637,9.207857,6.542958,6.682141,1.850551,8.973887,5.963162,10.138216
2026-08-09,17-41-54,two_teams_slower1,2026-08-09T17:41:54.543628+08:00,2026-08-09T17:41:59.201021+08:00,2026-08-09T17:46:59.322955+08:00,304.779,119,62,8.647435,10.242296,10.055719,12.697483,5.705903,10.273660,17.166112,11.152171,7.212671,19.119835,8.900016,21.525910
2026-08-09,17-48-06,two_teams_slower1,2026-08-09T17:48:06.103242+08:00,2026-08-09T17:48:33.411467+08:00,2026-08-09T17:53:44.374483+08:00,338.271,119,101,5.022003,19.018986,9.455359,24.482198,19.898978,19.995816,7.285864,15.334871,4.705598,39.109980,6.055151,4.069120
2026-08-09,17-55-03,two_teams_slower1,2026-08-09T17:55:03.202331+08:00,2026-08-09T17:55:11.560059+08:00,2026-08-09T18:00:11.692211+08:00,308.490,80,77,21.736663,17.382257,11.451561,3.604382,4.617633,8.581143,7.972335,10.008592,6.927938,16.329211,5.632495,4.608803
2026-08-09,18-01-07,two_teams_slower1,2026-08-09T18:01:07.436685+08:00,2026-08-09T18:02:37.445338+08:00,2026-08-09T18:07:37.529261+08:00,390.093,14,0,8.044482,15.825831,27.167798,9.636176,20.431566,26.201077,13.440193,3.482954,5.091984,10.903610,12.242165,6.933338
2026-08-09,18-08-36,two_teams_slower1,2026-08-09T18:08:36.845306+08:00,2026-08-09T18:10:06.870528+08:00,2026-08-09T18:15:06.946656+08:00,390.101,4,17,3.822475,6.882148,13.318274,6.844188,12.494063,10.998329,10.930090,11.259973,12.926770,23.189536,22.857517,17.103220
2026-08-09,18-16-00,two_teams_slower1,2026-08-09T18:16:00.467414+08:00,2026-08-09T18:16:24.609288+08:00,2026-08-09T18:21:46.873553+08:00,346.406,77,53,3.303214,5.297013,13.710343,9.885122,12.818537,21.548978,18.611754,13.223022,23.134372,24.966002,29.306737,28.149018
2026-08-09,18-23-03,two_teams_slower1,2026-08-09T18:23:03.553681+08:00,2026-08-09T18:23:04.478993+08:00,2026-08-09T18:28:04.578612+08:00,301.025,126,118,10.090826,12.949480,8.835493,13.909909,8.579349,3.915265,13.906831,9.833061,9.428525,19.771819,6.791833,7.055046
2026-08-09,18-29-11,two_teams_slower1,2026-08-09T18:29:11.536680+08:00,2026-08-09T18:29:37.779348+08:00,2026-08-09T18:36:01.092371+08:00,409.556,136,92,6.262328,10.215110,8.883586,10.111550,20.664459,47.825406,9.716155,13.626931,13.059781,16.334283,4.011316,8.274288
2026-08-09,18-39-52,two_teams_slower1,2026-08-09T18:39:52.725332+08:00,2026-08-09T18:41:22.748479+08:00,2026-08-09T18:46:22.830135+08:00,390.105,10,0,7.134057,10.750431,11.825701,14.522057,3.686082,3.824140,9.790666,6.678030,9.484879,12.184676,6.283303,5.904295
2026-08-09,18-47-19,two_teams_slower1,2026-08-09T18:47:19.408707+08:00,2026-08-09T18:48:49.432917+08:00,2026-08-09T18:54:25.756711+08:00,426.348,189,43,2.919997,17.915037,12.763793,45.433157,8.693236,3.900026,15.383811,12.165493,13.289550,17.935712,9.912232,9.790360
2026-08-10,11-17-03,two_teams_slower1,2026-08-10T11:17:03.899024+08:00,2026-08-10T11:17:04.049763+08:00,2026-08-10T11:17:04.391176+08:00,0.492,0,0,0.000603,0.004634,0.011973,0.000655,0.004072,0.014860,0.000552,0.004726,0.007884,0.009351,0.010116,0.001439
2026-08-10,11-47-27,two_teams_slower1,2026-08-10T11:47:27.219900+08:00,2026-08-10T11:48:57.236620+08:00,2026-08-10T11:53:57.363124+08:00,390.143,19,0,5.259148,5.674628,4.935521,5.013684,12.404045,13.904371,3.963662,7.857642,9.162012,7.181297,11.505266,5.216170
2026-08-10,12-05-27,two_teams_slower1,2026-08-10T12:05:27.212745+08:00,2026-08-10T12:06:57.236963+08:00,2026-08-10T12:11:57.386897+08:00,390.174,22,0,0.506903,0.379432,0.405123,0.399062,0.384693,0.284970,0.415059,0.426689,0.520840,0.427757,0.495981,0.317267
2026-08-10,15-36-55,two_teams_slower1,2026-08-10T15:36:55.456713+08:00,2026-08-10T15:37:02.058029+08:00,2026-08-10T15:37:07.414479+08:00,11.958,0,0,0.015657,0.025469,0.222844,0.017010,0.025933,0.015441,0.018009,0.044477,0.719815,0.047800,0.026275,0.010665
2026-08-11,11-02-20,two_teams_slower1,2026-08-11T11:02:20.176732+08:00,2026-08-11T11:02:25.627116+08:00,2026-08-11T11:07:25.747270+08:00,305.571,17,158,0.405374,0.270869,0.375008,0.299366,0.285590,0.206981,4.407743,8.034839,11.911310,20.744699,3.744870,3.810529
2026-08-11,11-12-59,two_teams_slower1,2026-08-11T11:12:59.566076+08:00,2026-08-11T11:12:59.976140+08:00,2026-08-11T11:18:00.091022+08:00,300.525,45,150,0.323354,0.254103,0.264290,0.287662,0.274700,0.197845,4.279630,6.223859,9.729219,15.290358,4.554390,4.836091
2026-08-11,11-19-41,two_teams_slower1,2026-08-11T11:19:41.664604+08:00,2026-08-11T11:19:55.610765+08:00,2026-08-11T11:24:55.670205+08:00,314.006,46,57,0.329106,0.267636,0.261080,0.295135,0.284972,0.212364,4.385750,5.058429,7.142338,12.147053,5.221974,4.284127
2026-08-11,11-26-59,two_teams_slower1,2026-08-11T11:26:59.790279+08:00,2026-08-11T11:27:03.404837+08:00,2026-08-11T11:32:03.574296+08:00,303.784,82,14,9.146396,6.659942,8.135653,12.080979,6.214787,3.763238,2.053702,1.387671,0.920302,0.671380,0.381648,0.237722
2026-08-11,11-33-02,two_teams_slower1,2026-08-11T11:33:02.176827+08:00,2026-08-11T11:33:03.753732+08:00,2026-08-11T11:38:03.871352+08:00,301.695,85,43,4.461703,3.077956,2.119815,6.080025,4.076601,3.782089,4.203533,5.027796,4.149286,11.407630,5.647046,6.372831
2026-08-11,11-39-03,two_teams_slower1,2026-08-11T11:39:03.955815+08:00,2026-08-11T11:39:04.599477+08:00,2026-08-11T11:44:15.081313+08:00,311.125,226,46,10.510204,8.550753,14.907194,22.969879,11.333329,6.641459,1.809951,9.467115,11.306608,8.400442,6.074858,7.155940
2026-08-11,11-45-21,two_teams_slower1,2026-08-11T11:45:21.535095+08:00,2026-08-11T11:46:51.542145+08:00,2026-08-11T11:51:51.672676+08:00,390.138,6,0,5.202671,4.700975,3.814472,4.198037,9.646880,16.944659,1.390412,1.469678,1.111205,1.894596,5.535347,7.784862
2026-08-11,11-52-54,two_teams_slower1,2026-08-11T11:52:54.477709+08:00,2026-08-11T11:52:58.005673+08:00,2026-08-11T11:57:58.093859+08:00,303.616,57,11,7.818324,5.389115,4.840897,11.923944,7.570265,12.388191,2.918842,4.956998,3.102290,6.771975,5.366242,6.704098
2026-08-11,11-58-56,two_teams_slower1,2026-08-11T11:58:56.941408+08:00,2026-08-11T11:58:58.601369+08:00,2026-08-11T12:03:58.691857+08:00,301.750,107,11,8.345427,5.922884,6.181572,13.632820,9.149392,9.670992,7.626274,7.502886,13.880710,13.539656,14.717412,8.778176
2026-08-11,12-05-12,two_teams_slower1,2026-08-11T12:05:12.494634+08:00,2026-08-11T12:05:13.304929+08:00,2026-08-11T12:10:13.431279+08:00,300.937,65,12,2.997169,2.922868,1.613940,6.269082,16.741032,12.302255,10.084227,4.621949,7.405815,16.237127,20.697200,4.775611
2026-08-11,12-11-15,two_teams_slower1,2026-08-11T12:11:15.961947+08:00,2026-08-11T12:11:19.654641+08:00,2026-08-11T12:16:19.741927+08:00,303.780,86,97,0.322845,0.261193,0.248848,0.284428,0.270402,0.201721,3.764890,8.357588,10.683283,19.785338,3.698946,4.509553
2026-08-11,12-18-07,two_teams_slower1,2026-08-11T12:18:07.896776+08:00,2026-08-11T12:18:10.575556+08:00,2026-08-11T12:23:10.683729+08:00,302.787,311,16,5.083534,6.797361,10.864069,13.244079,3.704658,3.714965,2.312760,1.230811,0.901571,1.733908,0.380517,0.235906
2026-08-11,12-24-06,two_teams_slower1,2026-08-11T12:24:06.788432+08:00,2026-08-11T12:24:08.133370+08:00,2026-08-11T12:29:08.210401+08:00,301.422,81,14,6.452537,3.803824,5.904990,8.546177,8.197735,10.114449,2.303998,6.258056,8.017356,6.310402,9.007357,7.187617
2026-08-11,12-32-49,two_teams_slower1,2026-08-11T12:32:49.265193+08:00,2026-08-11T12:34:19.289015+08:00,2026-08-11T12:39:19.373983+08:00,390.109,4,0,7.123022,1.459121,1.170385,2.657895,4.474901,4.655358,1.780316,1.373795,1.047788,1.901670,3.765881,3.629295
2026-08-11,12-41-35,two_teams_slower1,2026-08-11T12:41:35.236880+08:00,2026-08-11T12:43:05.245633+08:00,2026-08-11T12:48:05.331511+08:00,390.095,7,0,7.135476,13.059835,6.627812,4.944983,16.912394,13.856254,1.361553,1.378670,1.019219,1.901784,3.748026,3.440728
2026-08-11,12-49-00,two_teams_slower1,2026-08-11T12:49:00.998706+08:00,2026-08-11T12:50:31.024845+08:00,2026-08-11T13:02:20.042312+08:00,799.044,18,79,2.886079,4.564847,4.123490,6.584817,13.704127,4.685125,3.415337,4.034836,4.566827,15.221638,13.910917,17.062910
2026-08-11,13-03-29,two_teams_slower1,2026-08-11T13:03:29.157365+08:00,2026-08-11T13:04:59.164826+08:00,2026-08-11T13:09:59.267301+08:00,390.110,11,6,6.835512,4.999820,4.202862,6.815045,13.441756,9.439391,6.078603,10.413109,5.839700,7.045676,10.705683,6.866163
2026-08-11,13-10-59,two_teams_slower1,2026-08-11T13:10:59.533505+08:00,2026-08-11T13:12:29.542475+08:00,2026-08-11T13:17:29.695700+08:00,390.162,16,0,3.366018,2.536213,1.097590,2.758611,3.901932,3.629950,6.252210,4.044483,5.663888,23.977840,10.712677,11.893667
2026-08-11,13-18-38,two_teams_slower1,2026-08-11T13:18:38.089961+08:00,2026-08-11T13:20:08.115092+08:00,2026-08-11T13:25:08.211629+08:00,390.122,17,59,16.539416,11.003895,7.912323,13.982606,10.093073,9.823797,5.001913,6.219680,11.172560,17.488188,9.134790,10.016075
2026-08-11,13-26-01,two_teams_slower1,2026-08-11T13:26:01.389899+08:00,2026-08-11T13:27:31.397515+08:00,2026-08-11T13:34:23.764482+08:00,502.375,12,28,9.649031,4.916296,15.926935,12.295253,5.903233,5.486584,6.736729,6.257211,7.745839,11.251041,10.878997,9.868481
2026-08-11,13-42-42,two_teams_slower1,2026-08-11T13:42:42.564613+08:00,2026-08-11T13:44:12.576299+08:00,2026-08-11T13:49:12.748358+08:00,390.184,70,0,9.567565,6.729089,10.019323,15.676175,4.858056,4.379085,7.649095,4.698331,5.253601,7.000235,9.817964,4.690460
2026-08-11,13-50-11,two_teams_slower1,2026-08-11T13:50:11.100642+08:00,2026-08-11T13:51:41.109095+08:00,2026-08-11T13:56:41.278476+08:00,390.178,56,49,2.588546,5.235798,8.101343,10.069726,13.342639,22.673397,8.172434,8.578087,5.717018,7.698486,17.846409,10.835127
2026-08-11,13-59-00,two_teams_slower1,2026-08-11T13:59:00.959775+08:00,2026-08-11T14:00:30.984910+08:00,2026-08-11T14:05:31.100805+08:00,390.141,16,0,1.840780,9.138424,2.931331,4.507972,3.574458,3.469875,4.876122,3.634500,4.705128,3.915767,3.657374,3.526790
2026-08-11,14-06-31,two_teams_slower1,2026-08-11T14:06:31.838148+08:00,2026-08-11T14:06:35.899572+08:00,2026-08-11T14:11:35.999616+08:00,304.161,65,110,7.713016,4.736565,8.495340,5.526465,5.991385,12.473042,7.383309,7.615582,14.576135,15.333267,3.770014,3.532937
2026-08-11,14-21-10,two_teams_slower1,2026-08-11T14:21:10.014164+08:00,2026-08-11T14:22:40.023793+08:00,2026-08-11T14:27:40.117584+08:00,390.103,39,41,7.085448,11.447243,11.092628,10.659754,19.423052,17.345490,6.657129,6.129962,8.015840,13.967372,19.701533,5.095883
2026-08-11,14-28-42,two_teams_slower1,2026-08-11T14:28:42.101866+08:00,2026-08-11T14:28:45.578166+08:00,2026-08-11T14:33:45.681046+08:00,303.579,128,36,10.400658,9.015414,19.611959,21.617698,3.716472,6.938875,8.119992,6.801538,6.939018,12.956119,7.072779,3.758869
2026-08-11,14-34-47,two_teams_slower1,2026-08-11T14:34:47.187748+08:00,2026-08-11T14:35:48.430003+08:00,2026-08-11T14:40:48.560215+08:00,361.372,37,138,9.926831,7.738364,7.479623,23.405760,12.484585,11.244544,9.152724,10.151716,7.523270,27.576993,3.952895,4.587115
2026-08-11,14-41-47,two_teams_slower1,2026-08-11T14:41:47.547389+08:00,2026-08-11T14:43:17.556204+08:00,2026-08-11T14:48:17.672523+08:00,390.125,54,20,11.642196,10.226056,7.880942,22.512836,24.227555,17.967820,3.973392,9.668358,11.442054,16.972456,3.888675,23.942565
2026-08-11,14-49-36,two_teams_slower1,2026-08-11T14:49:36.258844+08:00,2026-08-11T14:49:40.152161+08:00,2026-08-11T14:54:40.270171+08:00,304.011,70,15,6.072381,5.423066,8.198013,10.037177,19.094034,16.156901,4.465491,7.138502,7.525568,11.452221,13.902649,10.310459
2026-08-11,14-55-39,two_teams_slower1,2026-08-11T14:55:39.435666+08:00,2026-08-11T14:57:09.460895+08:00,2026-08-11T15:03:12.713573+08:00,453.278,7,0,7.109500,5.334317,5.320279,2.129065,5.412827,6.076134,16.386521,6.586132,5.780385,8.224594,10.544645,15.638200
2026-08-11,15-04-13,two_teams_slower1,2026-08-11T15:04:13.872136+08:00,2026-08-11T15:05:43.881044+08:00,2026-08-11T15:10:43.957701+08:00,390.086,37,0,18.507775,10.125437,10.248619,16.096381,16.665191,29.532659,4.281062,5.346129,7.520315,9.002292,10.116214,20.677113
2026-08-11,15-11-42,two_teams_slower1,2026-08-11T15:11:42.317492+08:00,2026-08-11T15:11:59.325627+08:00,2026-08-11T15:17:21.406700+08:00,339.089,335,11,8.143422,6.723457,13.453382,13.223476,16.328543,30.512472,12.446565,7.407873,5.399125,8.054343,7.412446,18.840228
2026-08-11,15-18-18,two_teams_slower1,2026-08-11T15:18:18.558078+08:00,2026-08-11T15:18:47.298834+08:00,2026-08-11T15:23:47.425934+08:00,328.868,93,5,12.294709,11.343165,14.197420,36.886592,15.738465,14.767494,13.012941,10.544591,4.192562,4.523448,18.145332,30.176614
2026-08-11,15-24-59,two_teams_slower1,2026-08-11T15:24:59.029512+08:00,2026-08-11T15:25:59.421716+08:00,2026-08-11T15:30:59.507501+08:00,360.478,25,18,12.794656,7.744968,3.306410,31.482114,14.457270,20.254982,3.543994,8.392480,8.839748,13.190999,9.729379,10.529841
2026-08-11,15-32-49,two_teams_slower1,2026-08-11T15:32:49.285161+08:00,2026-08-11T15:34:19.295320+08:00,2026-08-11T15:39:19.409586+08:00,390.124,25,5,8.639205,5.681517,4.045909,10.865783,7.836441,10.145501,4.360343,7.374360,5.933213,10.393084,9.435882,12.126815
2026-08-11,15-40-18,two_teams_slower1,2026-08-11T15:40:18.246593+08:00,2026-08-11T15:41:48.255278+08:00,2026-08-11T15:46:48.356863+08:00,390.110,69,141,7.950550,5.863604,7.495629,14.025081,10.767040,6.987240,4.415804,12.516082,19.460050,24.758995,6.696536,4.321832
2026-08-11,15-48-14,two_teams_slower1,2026-08-11T15:48:14.828651+08:00,2026-08-11T15:49:44.837965+08:00,2026-08-11T16:03:58.434454+08:00,943.606,42,36,5.298071,9.659059,7.131746,9.926758,7.793558,4.384124,7.382856,6.888611,5.340259,5.527899,13.561698,17.662527
2026-08-11,16-04-57,two_teams_slower1,2026-08-11T16:04:57.456030+08:00,2026-08-11T16:06:27.465673+08:00,2026-08-11T16:11:27.546734+08:00,390.091,151,8,5.155427,9.438258,7.337173,18.893042,8.301757,4.561157,2.787597,8.989264,6.510664,2.285629,5.951607,3.682984
2026-08-11,16-12-24,two_teams_slower1,2026-08-11T16:12:24.067130+08:00,2026-08-11T16:13:54.092563+08:00,2026-08-11T16:18:54.232380+08:00,390.165,19,9,4.739901,5.578858,6.470923,9.474704,20.985524,7.419314,11.906047,15.143049,12.710049,17.605802,24.972781,9.109574
2026-08-11,16-20-06,two_teams_slower1,2026-08-11T16:20:06.665624+08:00,2026-08-11T16:21:36.673862+08:00,2026-08-11T16:37:02.705169+08:00,1016.040,25,130,5.040738,6.489047,6.344285,12.421822,20.126488,22.365755,6.039359,20.771703,24.472198,30.734279,10.283188,43.645544
2026-08-11,16-38-09,two_teams_slower1,2026-08-11T16:38:09.162791+08:00,2026-08-11T16:39:39.187630+08:00,2026-08-11T16:44:39.361131+08:00,390.198,14,0,2.501204,1.842364,5.852566,5.655838,6.080975,4.958317,8.235575,1.552825,1.122128,1.923744,4.345264,3.601573
2026-08-11,16-45-34,two_teams_slower1,2026-08-11T16:45:34.990913+08:00,2026-08-11T16:47:05.022366+08:00,2026-08-11T16:52:05.093709+08:00,390.103,189,39,8.973854,4.284575,6.785797,11.792775,8.215297,23.198742,8.219406,7.191925,7.898944,19.066528,8.371355,12.623634
2026-08-11,16-53-13,two_teams_slower1,2026-08-11T16:53:13.021429+08:00,2026-08-11T16:54:43.032340+08:00,2026-08-11T17:01:17.795895+08:00,484.774,78,33,3.905074,4.259917,4.437722,11.287847,12.008167,11.358366,10.612289,9.977219,7.157456,14.165489,13.770287,16.549805
2026-08-11,17-02-14,two_teams_slower1,2026-08-11T17:02:14.019505+08:00,2026-08-11T17:03:44.028632+08:00,2026-08-11T17:08:44.163583+08:00,390.144,85,64,4.619727,6.950410,4.518420,22.553695,11.155441,6.830442,10.964339,12.612055,8.518435,15.378788,11.962805,29.524970
2026-08-11,17-09-44,two_teams_slower1,2026-08-11T17:09:44.489057+08:00,2026-08-11T17:11:14.512811+08:00,2026-08-11T17:16:14.684030+08:00,390.195,67,66,4.947808,5.701000,4.610832,16.394099,9.326463,16.989044,10.172348,14.022680,19.971764,23.101023,17.943176,17.707061
2026-08-11,17-17-15,two_teams_slower1,2026-08-11T17:17:15.381995+08:00,2026-08-11T17:18:45.405520+08:00,2026-08-11T17:23:45.535753+08:00,390.154,9,0,11.620807,5.476036,2.875944,4.716417,6.373071,8.704783,27.034704,10.769715,10.811813,10.997672,11.556709,25.709635
2026-08-11,17-24-43,two_teams_slower1,2026-08-11T17:24:43.277309+08:00,2026-08-11T17:26:13.303669+08:00,2026-08-11T17:31:13.563126+08:00,390.286,0,0,5.731470,1.428289,1.277938,2.014216,3.967053,0.312389,4.992458,1.452986,1.185293,1.993187,3.766859,3.487395
2026-08-11,17-32-08,two_teams_slower1,2026-08-11T17:32:08.980424+08:00,2026-08-11T17:33:39.012786+08:00,2026-08-11T17:41:16.269042+08:00,547.289,18,308,2.580146,0.581483,0.577573,0.580647,0.556763,0.406784,4.277039,4.835864,3.037530,7.187616,7.713662,16.707067
2026-08-11,17-42-56,two_teams_slower1,2026-08-11T17:42:56.961182+08:00,2026-08-11T17:44:26.999095+08:00,2026-08-11T17:52:16.190628+08:00,559.229,0,0,4.149637,3.694636,2.591002,3.794701,4.936592,4.055632,5.755669,6.653157,11.788912,14.086676,10.928619,31.148775
2026-08-11,17-53-09,two_teams_slower1,2026-08-11T17:53:09.565783+08:00,2026-08-11T17:54:39.589638+08:00,2026-08-11T17:59:39.700522+08:00,390.135,18,36,11.094233,3.455043,1.219608,2.021244,3.581882,5.513485,5.550454,14.595947,20.651380,17.711349,10.726939,19.631458
2026-08-11,18-00-33,two_teams_slower1,2026-08-11T18:00:33.526970+08:00,2026-08-11T18:02:03.536160+08:00,2026-08-11T18:07:03.629351+08:00,390.102,13,64,19.542335,18.099565,9.358300,17.247135,8.155134,6.946443,11.315562,5.627765,12.569280,17.931053,26.815970,17.059803
2026-08-11,18-08-02,two_teams_slower1,2026-08-11T18:08:02.694004+08:00,2026-08-11T18:09:32.702668+08:00,2026-08-11T18:14:32.829977+08:00,390.136,24,0,8.895969,12.346501,10.774652,13.709069,23.993023,12.633045,11.674084,12.265425,7.080113,11.142252,26.439600,22.539065
2026-08-11,18-15-28,two_teams_slower1,2026-08-11T18:15:28.147695+08:00,2026-08-11T18:16:58.156884+08:00,2026-08-11T18:21:58.240964+08:00,390.093,58,0,8.730923,8.877925,11.154244,14.301571,8.444020,24.366605,6.112163,5.750400,7.094753,8.013700,10.398853,20.624993
2026-08-11,18-23-12,two_teams_slower1,2026-08-11T18:23:12.343661+08:00,2026-08-11T18:24:42.370097+08:00,2026-08-11T18:29:42.506384+08:00,390.163,0,0,3.989625,4.213847,4.012899,5.039853,12.157348,9.436150,3.107685,2.905015,2.276794,1.991137,5.835775,3.561644
2026-08-11,18-35-22,two_teams_slower1,2026-08-11T18:35:22.670075+08:00,2026-08-11T18:36:52.697940+08:00,2026-08-11T18:41:52.786314+08:00,390.116,16,0,5.047933,10.381177,12.936101,9.310444,8.565638,6.592726,3.347160,3.154578,1.929192,3.227225,4.328949,5.723160
2026-08-11,18-42-46,two_teams_slower1,2026-08-11T18:42:46.224004+08:00,2026-08-11T18:44:16.250918+08:00,2026-08-11T18:49:16.361725+08:00,390.138,16,0,7.238748,5.021413,10.415352,6.724313,6.913885,5.488500,5.347152,4.525455,9.336630,16.529202,10.662410,12.100760
2026-08-12,11-13-24,two_teams_slower1,2026-08-12T11:13:24.738102+08:00,2026-08-12T11:14:54.753666+08:00,2026-08-12T11:19:54.871867+08:00,390.134,4,0,3.637686,8.236583,1.477755,2.399299,4.055254,0.281343,0.411175,0.436427,0.615314,0.426313,0.470829,0.313330
2026-08-12,11-20-49,two_teams_slower1,2026-08-12T11:20:49.653725+08:00,2026-08-12T11:22:19.686864+08:00,2026-08-12T11:27:19.898746+08:00,390.245,11,0,6.972042,4.464813,5.886549,14.625993,7.935940,26.314258,1.975475,6.947655,2.873989,2.134739,3.965220,2.856546
2026-08-12,11-28-18,two_teams_slower1,2026-08-12T11:28:18.431416+08:00,2026-08-12T11:29:48.467704+08:00,2026-08-12T11:36:31.700450+08:00,493.269,127,53,8.857844,8.321847,7.599422,20.265396,3.816898,4.286529,6.751268,7.718018,4.358658,10.797374,14.835867,7.120313
2026-08-12,11-39-24,two_teams_slower1,2026-08-12T11:39:24.258438+08:00,2026-08-12T11:40:54.269796+08:00,2026-08-12T11:45:54.366421+08:00,390.108,18,0,3.885363,10.582986,5.256096,8.656224,9.405230,4.268621,0.393179,0.425016,0.419559,0.416043,0.492354,0.316485
2026-08-12,11-47-07,two_teams_slower1,2026-08-12T11:47:07.750590+08:00,2026-08-12T11:48:37.778341+08:00,2026-08-12T11:53:37.898410+08:00,390.148,44,0,8.232926,10.021791,12.922870,8.810514,5.984882,6.550657,5.437249,3.666226,5.969860,5.754786,5.256200,6.347936
2026-08-12,11-54-44,two_teams_slower1,2026-08-12T11:54:44.594316+08:00,2026-08-12T11:56:14.603415+08:00,2026-08-12T12:01:14.749745+08:00,390.155,0,0,3.634644,3.480502,4.450054,5.190815,5.761058,15.518555,4.751257,0.538380,0.462739,0.438203,0.503721,0.314692
2026-08-12,12-02-42,two_teams_slower1,2026-08-12T12:02:42.624164+08:00,2026-08-12T12:04:12.639342+08:00,2026-08-12T12:10:12.811168+08:00,450.187,135,44,5.165828,12.105373,16.795027,19.707791,6.386992,8.454048,9.783161,7.838298,6.339864,15.678214,8.661568,4.903293
2026-08-12,12-11-13,two_teams_slower1,2026-08-12T12:11:13.331957+08:00,2026-08-12T12:12:29.223493+08:00,2026-08-12T12:17:36.157810+08:00,382.826,111,105,6.708688,13.450332,16.821226,14.726586,17.608948,13.135282,3.221692,4.729100,10.694952,19.210168,16.831085,12.241239
2026-08-12,12-18-35,two_teams_slower1,2026-08-12T12:18:35.606838+08:00,2026-08-12T12:19:20.068889+08:00,2026-08-12T12:24:26.621617+08:00,351.015,40,0,10.997294,13.255503,16.973196,11.976181,28.114492,22.718013,10.645348,7.111023,8.494466,5.423586,6.579444,6.755604
2026-08-12,12-25-29,two_teams_slower1,2026-08-12T12:25:29.331172+08:00,2026-08-12T12:26:45.445357+08:00,2026-08-12T12:31:45.523701+08:00,376.193,79,0,13.183459,12.922301,10.921161,7.986674,14.161231,16.235397,0.611659,0.413383,0.394432,0.403960,0.479865,0.308742
2026-08-12,12-35-17,two_teams_slower1,2026-08-12T12:35:17.027292+08:00,2026-08-12T12:36:47.045643+08:00,2026-08-12T12:41:11.643894+08:00,354.617,10,68,14.616368,7.070840,7.790359,6.052648,13.730751,4.455655,10.181214,11.176286,12.392781,8.121234,12.980594,14.663618
2026-08-12,12-42-55,two_teams_slower1,2026-08-12T12:42:55.030280+08:00,2026-08-12T12:44:25.056075+08:00,2026-08-12T12:49:30.908520+08:00,395.878,13,101,8.720843,5.514521,2.980623,8.643437,13.964391,11.601046,13.154432,13.192747,16.587920,13.366536,13.402894,21.400437
2026-08-12,12-56-03,two_teams_slower1,2026-08-12T12:56:03.224879+08:00,2026-08-12T12:57:33.236669+08:00,2026-08-12T13:02:33.449108+08:00,390.224,0,0,2.762240,1.391657,1.124315,1.985003,3.928800,3.896739,5.949551,0.573397,0.552820,0.440082,0.524697,0.347077
2026-08-12,13-10-59,two_teams_slower1,2026-08-12T13:10:59.242888+08:00,2026-08-12T13:11:14.442063+08:00,2026-08-12T13:16:14.645121+08:00,315.402,76,5,4.785931,5.654337,4.023806,12.230636,12.954727,14.026941,4.670425,5.714209,7.314399,10.785475,14.085014,14.115029
2026-08-12,13-17-16,two_teams_slower1,2026-08-12T13:17:16.060877+08:00,2026-08-12T13:18:46.090130+08:00,2026-08-12T13:24:04.093720+08:00,408.033,152,132,10.134730,7.857641,9.582121,13.154086,21.570143,13.850089,9.602894,10.079452,12.151064,16.227446,15.314871,10.272501
2026-08-12,13-25-03,two_teams_slower1,2026-08-12T13:25:03.097569+08:00,2026-08-12T13:25:04.060307+08:00,2026-08-12T13:30:04.196917+08:00,301.099,260,77,6.481036,12.224300,18.327355,15.987479,16.091230,11.525514,7.414196,4.372376,4.577062,6.594396,7.921898,9.470019
2026-08-12,13-31-21,two_teams_slower1,2026-08-12T13:31:21.150536+08:00,2026-08-12T13:31:24.906984+08:00,2026-08-12T13:31:30.262237+08:00,9.112,9,0,0.012063,0.009089,0.008706,0.008699,0.016751,0.010783,0.009898,0.011260,0.010040,0.016704,0.020400,0.007352
2026-08-12,13-32-15,two_teams_slower1,2026-08-12T13:32:15.922261+08:00,2026-08-12T13:32:17.472182+08:00,2026-08-12T13:37:27.370214+08:00,311.448,162,18,20.081351,12.512066,13.765188,26.351889,23.415669,11.969093,4.266788,2.298280,1.082176,2.174322,4.563397,6.357490
2026-08-12,13-38-33,two_teams_slower1,2026-08-12T13:38:33.390214+08:00,2026-08-12T13:38:39.134622+08:00,2026-08-12T13:43:39.216796+08:00,305.827,88,75,1.330813,2.465241,1.035880,2.287520,11.462129,0.227147,15.609872,10.843669,14.986927,7.559804,19.871830,23.937341
2026-08-12,13-44-31,two_teams_slower1,2026-08-12T13:44:31.275573+08:00,2026-08-12T13:44:33.853134+08:00,2026-08-12T13:53:42.454717+08:00,551.179,125,22,7.957851,6.922386,6.588358,10.870304,17.682750,16.521170,7.930395,6.454198,5.114479,10.467391,11.462680,8.498568
2026-08-12,13-54-43,two_teams_slower1,2026-08-12T13:54:43.453655+08:00,2026-08-12T13:56:13.483249+08:00,2026-08-12T14:01:13.604939+08:00,390.151,28,0,27.488115,7.886765,15.848394,23.845408,51.267026,42.961433,11.936433,10.505855,11.333678,15.998657,18.745020,14.600907
2026-08-12,14-02-43,two_teams_slower1,2026-08-12T14:02:43.240139+08:00,2026-08-12T14:04:13.263513+08:00,2026-08-12T14:09:13.401390+08:00,390.161,0,76,6.887026,3.340494,3.397379,9.431158,5.139572,6.677214,15.089972,8.292716,13.060621,9.670803,14.172684,7.113734
2026-08-12,14-10-16,two_teams_slower1,2026-08-12T14:10:16.894484+08:00,2026-08-12T14:11:46.910120+08:00,2026-08-12T14:16:47.087660+08:00,390.193,49,128,2.161182,4.254406,6.126561,9.969117,4.909248,3.997338,10.729468,8.815976,9.804677,10.407137,13.195942,12.320786
2026-08-12,14-17-57,two_teams_slower1,2026-08-12T14:17:57.833328+08:00,2026-08-12T14:19:27.843657+08:00,2026-08-12T14:24:27.948919+08:00,390.116,45,149,6.069193,4.810443,7.397110,10.507294,4.802521,3.863587,5.235907,6.617907,6.507498,13.281725,14.334412,6.827340
2026-08-12,14-25-31,two_teams_slower1,2026-08-12T14:25:31.868829+08:00,2026-08-12T14:27:01.896841+08:00,2026-08-12T14:32:02.025590+08:00,390.157,0,0,15.365888,4.903195,4.512707,7.374717,7.264726,14.278026,9.651569,4.554388,5.213539,13.091336,8.037316,8.285118
2026-08-12,14-33-08,two_teams_slower1,2026-08-12T14:33:08.491988+08:00,2026-08-12T14:34:38.519348+08:00,2026-08-12T14:41:59.052643+08:00,530.561,15,0,5.465980,4.623410,4.274451,6.778977,4.846078,5.697070,1.499242,1.608185,4.362109,7.687259,0.702256,0.464627
2026-08-12,14-42-52,two_teams_slower1,2026-08-12T14:42:52.512507+08:00,2026-08-12T14:44:22.530494+08:00,2026-08-12T14:49:22.623332+08:00,390.111,105,0,7.861789,5.073914,7.109817,16.483404,3.645390,5.088626,0.372861,0.409400,0.393930,0.405768,0.471111,0.307571
2026-08-12,14-50-26,two_teams_slower1,2026-08-12T14:50:26.392994+08:00,2026-08-12T14:51:56.408448+08:00,2026-08-12T14:56:56.510797+08:00,390.118,0,0,9.327496,3.983059,4.951955,8.428921,11.273997,7.192603,8.485309,12.126497,10.375560,5.083648,6.674723,9.722694
2026-08-12,15-00-35,two_teams_slower1,2026-08-12T15:00:35.974196+08:00,2026-08-12T15:02:05.999160+08:00,2026-08-12T15:07:06.076175+08:00,390.102,17,87,13.889932,4.631327,3.848557,5.229324,5.062789,9.287176,8.269662,7.311403,3.494143,15.067206,23.084009,20.950146
2026-08-12,15-08-09,two_teams_slower1,2026-08-12T15:08:09.090456+08:00,2026-08-12T15:09:39.116309+08:00,2026-08-12T15:14:39.259385+08:00,390.169,24,39,9.291130,5.668105,3.293973,12.262277,6.669762,7.801436,14.930180,6.440312,7.484334,8.611164,8.350244,6.244017
2026-08-12,15-16-03,two_teams_slower1,2026-08-12T15:16:03.832315+08:00,2026-08-12T15:17:33.839972+08:00,2026-08-12T15:22:33.937074+08:00,390.105,0,0,0.495554,0.382018,0.369638,0.424176,0.399365,0.290841,0.379582,0.443078,0.426129,0.430766,0.530318,0.337474
2026-08-12,15-23-24,two_teams_slower1,2026-08-12T15:23:24.595855+08:00,2026-08-12T15:24:54.645730+08:00,2026-08-12T15:29:54.740170+08:00,390.144,5,0,2.291703,3.307907,2.869868,2.153134,3.544957,3.830164,1.623329,1.444741,1.050338,2.124302,0.836650,0.317403
2026-08-12,15-34-57,two_teams_slower1,2026-08-12T15:34:57.970981+08:00,2026-08-12T15:36:27.981273+08:00,2026-08-12T15:41:28.080449+08:00,390.109,20,4,8.091446,4.592506,1.357259,5.307304,9.139362,6.497473,3.939930,5.516998,3.904580,11.390108,14.675338,8.778220
2026-08-12,15-42-56,two_teams_slower1,2026-08-12T15:42:56.743134+08:00,2026-08-12T15:44:26.756067+08:00,2026-08-12T15:49:26.856389+08:00,390.113,19,0,4.816691,6.916527,7.081734,33.796537,6.514620,16.650788,5.672993,3.968511,4.539084,4.228292,11.809071,13.817800
2026-08-12,15-50-31,two_teams_slower1,2026-08-12T15:50:31.813185+08:00,2026-08-12T15:52:01.822313+08:00,2026-08-12T15:57:01.928586+08:00,390.115,52,0,2.808870,12.797168,8.667383,39.892042,3.640948,4.054495,2.929636,2.625957,2.567748,7.302218,8.853124,10.459615
2026-08-12,15-58-17,two_teams_slower1,2026-08-12T15:58:17.961308+08:00,2026-08-12T15:58:54.103705+08:00,2026-08-12T16:03:54.235418+08:00,336.274,97,31,4.530884,15.451010,20.941574,17.922926,3.620553,3.733808,3.288432,4.676916,8.435094,9.282926,7.718247,12.538831
2026-08-12,16-04-51,two_teams_slower1,2026-08-12T16:04:51.902870+08:00,2026-08-12T16:05:03.810348+08:00,2026-08-12T16:10:03.924809+08:00,312.022,71,13,6.258774,9.579190,12.047408,20.627578,5.556147,4.305220,11.998741,5.629748,8.849982,9.308335,5.596871,16.358178
2026-08-12,16-11-10,two_teams_slower1,2026-08-12T16:11:10.691114+08:00,2026-08-12T16:11:18.949732+08:00,2026-08-12T16:16:19.081697+08:00,308.391,84,11,11.160321,14.454440,8.571881,5.849898,24.086951,9.822873,13.407938,3.837118,11.897117,10.504600,16.570976,30.774187
2026-08-12,16-17-21,two_teams_slower1,2026-08-12T16:17:21.514393+08:00,2026-08-12T16:17:53.173635+08:00,2026-08-12T16:23:06.855777+08:00,345.341,41,64,7.055138,6.012809,10.291201,30.799997,19.951763,12.612317,7.296737,8.156861,11.568999,6.605465,11.047114,22.888198
2026-08-12,16-24-33,two_teams_slower1,2026-08-12T16:24:33.871501+08:00,2026-08-12T16:26:03.896309+08:00,2026-08-12T16:31:03.994925+08:00,390.123,6,0,10.431545,4.826367,5.843070,7.535408,7.250262,12.256297,7.574345,4.061334,1.283492,2.052953,3.790929,3.817644
2026-08-12,16-32-08,two_teams_slower1,2026-08-12T16:32:08.210732+08:00,2026-08-12T16:32:13.591636+08:00,2026-08-12T16:37:13.726002+08:00,305.515,153,12,9.355556,5.932043,5.880784,14.622580,4.634184,11.439455,11.990985,5.206201,4.699873,11.234558,17.578313,8.986837
2026-08-12,16-38-11,two_teams_slower1,2026-08-12T16:38:11.677300+08:00,2026-08-12T16:38:16.885755+08:00,2026-08-12T16:43:48.290570+08:00,336.613,81,41,12.691571,20.807727,23.859601,8.203562,10.262387,9.234165,17.180060,11.843217,18.929759,24.529270,3.864323,7.087653
2026-08-12,16-45-16,two_teams_slower1,2026-08-12T16:45:16.021364+08:00,2026-08-12T16:45:26.597150+08:00,2026-08-12T16:50:26.675292+08:00,310.654,70,4,5.887170,9.042172,2.391170,17.210742,11.806277,6.677903,0.262735,0.308294,0.292035,0.311829,0.369359,0.232885
2026-08-12,16-53-19,two_teams_slower1,2026-08-12T16:53:19.682129+08:00,2026-08-12T16:53:52.027234+08:00,2026-08-12T16:59:01.947230+08:00,342.265,11,0,3.205092,5.283901,4.079026,5.054633,16.068670,14.376329,0.297327,0.340779,0.325161,0.343738,0.410019,0.258618
2026-08-12,17-00-28,two_teams_slower1,2026-08-12T17:00:28.062522+08:00,2026-08-12T17:00:58.475701+08:00,2026-08-12T17:05:58.590609+08:00,330.528,44,62,2.361288,3.216278,3.546964,2.754925,7.966379,13.127190,7.374391,8.156819,4.456525,9.420115,5.831829,5.767307
2026-08-12,17-07-02,two_teams_slower1,2026-08-12T17:07:02.622718+08:00,2026-08-12T17:07:05.531749+08:00,2026-08-12T17:12:05.631194+08:00,303.008,157,44,3.301932,3.647323,3.190075,12.327530,4.441866,6.881870,6.439169,4.426334,4.004877,13.308839,10.269488,8.717181
2026-08-12,17-16-02,two_teams_slower1,2026-08-12T17:16:02.739376+08:00,2026-08-12T17:16:15.497456+08:00,2026-08-12T17:21:15.633197+08:00,312.894,126,5,6.486985,9.279242,5.692489,16.876436,7.804455,6.983834,0.298589,0.312817,0.308800,0.314093,0.382125,0.235572
2026-08-12,17-23-30,two_teams_slower1,2026-08-12T17:23:30.486471+08:00,2026-08-12T17:23:46.578593+08:00,2026-08-12T17:28:46.661362+08:00,316.175,66,57,5.414252,7.250411,8.041295,9.662154,16.467164,26.791147,6.712940,6.140298,4.175913,10.384877,5.285109,3.454995
2026-08-12,17-31-12,two_teams_slower1,2026-08-12T17:31:12.552285+08:00,2026-08-12T17:32:42.560337+08:00,2026-08-12T17:35:33.035210+08:00,260.483,0,0,1.427747,1.205595,0.925199,1.820709,3.493756,3.492156,1.251992,1.260304,0.983080,1.774517,4.220272,3.783605
2026-08-12,17-36-46,two_teams_slower1,2026-08-12T17:36:46.150226+08:00,2026-08-12T17:38:16.156639+08:00,2026-08-12T18:19:09.411870+08:00,2543.262,7,0,8.124911,6.691435,7.400603,19.809389,27.624923,11.238726,3.118492,2.957123,3.324090,2.923214,3.333241,2.246946
2026-08-12,18-20-16,two_teams_slower1,2026-08-12T18:20:16.125540+08:00,2026-08-12T18:21:46.138833+08:00,2026-08-12T18:26:46.282967+08:00,390.157,6,0,6.704616,2.685173,2.103147,2.021114,3.720911,8.583790,2.351231,5.528788,3.667775,18.520315,13.839003,5.884709
2026-08-12,18-27-50,two_teams_slower1,2026-08-12T18:27:50.652516+08:00,2026-08-12T18:29:20.679715+08:00,2026-08-12T18:34:20.771154+08:00,390.119,19,0,1.495454,1.583493,1.039030,1.917907,3.561457,7.841090,9.537394,8.602632,12.574130,12.550556,22.348575,8.930510
2026-08-12,18-35-22,two_teams_slower1,2026-08-12T18:35:22.853670+08:00,2026-08-12T18:36:52.878564+08:00,2026-08-12T18:41:59.211537+08:00,396.358,5,0,4.986387,5.280791,6.464459,7.710959,6.102994,9.294535,12.164568,8.980527,7.713179,12.012161,10.047419,5.420823
2026-08-12,18-42-59,two_teams_slower1,2026-08-12T18:42:59.719581+08:00,2026-08-12T18:43:18.260648+08:00,2026-08-12T18:48:18.352984+08:00,318.633,73,24,4.590911,9.331481,10.906430,14.044676,20.615155,17.001805,12.740849,8.440304,5.667419,23.733982,33.733452,19.191370
2026-08-13,11-17-32,two_teams_slower1,2026-08-13T11:17:32.279076+08:00,2026-08-13T11:17:33.574094+08:00,2026-08-13T11:17:38.741538+08:00,6.462,0,0,0.008136,0.007105,0.094438,0.011399,0.009592,0.004301,0.008141,0.027207,0.246372,0.020469,0.023321,0.005614
2026-08-13,11-18-49,two_teams_slower1,2026-08-13T11:18:49.392729+08:00,2026-08-13T11:20:19.411105+08:00,2026-08-13T11:25:19.675162+08:00,390.282,0,0,1.209866,0.383656,0.383459,0.409234,0.404010,0.288153,0.426127,0.433681,0.419736,0.414690,0.506893,0.359361
2026-08-13,11-26-03,two_teams_slower1,2026-08-13T11:26:03.503706+08:00,2026-08-13T11:26:13.050664+08:00,2026-08-13T11:31:13.178254+08:00,309.675,96,98,7.691703,15.356621,13.862298,28.239096,9.628562,8.327639,5.469359,7.724707,11.832453,27.939442,10.023309,5.353550
2026-08-13,11-32-25,two_teams_slower1,2026-08-13T11:32:25.290659+08:00,2026-08-13T11:33:55.320809+08:00,2026-08-13T11:39:10.815331+08:00,405.525,11,0,5.793011,6.338411,5.127321,12.198032,18.216629,19.914211,9.989264,4.920073,9.381189,8.736019,22.417646,15.099380
2026-08-13,11-40-26,two_teams_slower1,2026-08-13T11:40:26.471088+08:00,2026-08-13T11:41:56.480739+08:00,2026-08-13T11:46:56.591876+08:00,390.121,7,0,9.965890,5.274083,3.076619,2.627239,6.405503,3.580532,0.390557,0.419414,0.405394,0.417439,0.480027,0.312121
2026-08-13,11-48-24,two_teams_slower1,2026-08-13T11:48:24.515657+08:00,2026-08-13T11:49:54.532970+08:00,2026-08-13T11:54:54.671357+08:00,390.156,52,0,5.406353,5.565937,6.484998,5.675421,5.698543,11.544093,0.408470,0.418109,0.403983,0.418153,0.472185,0.312850
2026-08-13,11-55-53,two_teams_slower1,2026-08-13T11:55:53.151053+08:00,2026-08-13T11:57:23.162966+08:00,2026-08-13T12:05:51.887737+08:00,598.737,14,11,14.101117,24.398089,15.533814,21.650781,10.450499,35.057159,8.980246,5.857392,8.451245,9.531847,24.296753,29.557734
2026-08-13,12-11-14,two_teams_slower1,2026-08-13T12:11:14.975525+08:00,2026-08-13T12:12:44.999289+08:00,2026-08-13T12:17:45.114999+08:00,390.139,31,4,10.998789,7.367362,6.296027,11.428157,13.732106,11.924572,1.815250,0.446006,0.475495,0.419474,0.495884,0.317714
2026-08-13,12-18-45,two_teams_slower1,2026-08-13T12:18:45.121674+08:00,2026-08-13T12:20:15.130395+08:00,2026-08-13T12:25:15.226943+08:00,390.105,186,48,6.938965,9.225746,11.227979,20.962411,3.636034,3.508995,5.172602,4.380943,7.469506,13.524123,4.132068,3.691745
2026-08-13,12-26-19,two_teams_slower1,2026-08-13T12:26:19.019665+08:00,2026-08-13T12:27:49.044957+08:00,2026-08-13T12:33:01.657539+08:00,402.638,108,101,11.058351,6.398707,9.903800,11.804071,3.718573,3.646360,9.180422,6.901943,7.163262,20.103836,5.703747,9.710549
2026-08-13,12-33-57,two_teams_slower1,2026-08-13T12:33:57.786956+08:00,2026-08-13T12:35:27.798214+08:00,2026-08-13T12:40:27.930124+08:00,390.143,73,34,12.406305,6.943990,8.980020,13.728759,9.381525,9.307509,13.099722,11.709606,15.748721,24.876880,18.579048,30.498547
2026-08-13,12-41-50,two_teams_slower1,2026-08-13T12:41:50.046141+08:00,2026-08-13T12:43:20.057319+08:00,2026-08-13T12:48:28.029716+08:00,397.984,85,201,5.871736,7.476902,8.257038,19.667626,5.920322,9.270132,8.733985,5.511488,10.078477,22.005023,3.911076,3.732454
2026-08-13,13-11-47,two_teams_slower1,2026-08-13T13:11:47.592183+08:00,2026-08-13T13:13:17.604362+08:00,2026-08-13T13:18:17.715546+08:00,390.123,126,70,5.839163,6.339192,7.699408,13.439051,10.116853,3.518693,9.811355,7.003642,8.131101,33.394790,5.633267,17.649948
2026-08-13,13-19-15,two_teams_slower1,2026-08-13T13:19:15.684589+08:00,2026-08-13T13:20:45.698300+08:00,2026-08-13T13:25:45.803802+08:00,390.119,115,7,6.594147,4.210609,5.864793,11.307153,4.374769,6.063868,4.019892,4.613688,3.151751,7.058813,3.718434,3.609089
2026-08-13,13-27-03,two_teams_slower1,2026-08-13T13:27:03.156612+08:00,2026-08-13T13:28:33.168556+08:00,2026-08-13T13:33:33.356875+08:00,390.200,5,6,4.724103,1.673861,1.056600,2.805761,3.649318,3.579387,2.489446,3.402925,1.939021,2.150641,5.270311,4.605625
2026-08-13,13-34-26,two_teams_slower1,2026-08-13T13:34:26.596561+08:00,2026-08-13T13:35:56.606744+08:00,2026-08-13T13:41:08.957479+08:00,402.361,67,14,7.081101,8.919496,8.192386,17.573552,4.117457,3.461061,6.512724,3.883916,6.787264,6.997861,11.233160,13.752101
2026-08-13,13-42-09,two_teams_slower1,2026-08-13T13:42:09.896796+08:00,2026-08-13T13:42:12.421566+08:00,2026-08-13T13:47:12.528467+08:00,302.632,165,14,1.478401,1.287949,1.178317,6.638561,5.302147,4.319630,0.314573,0.323322,0.296655,0.323169,0.377656,0.240190
2026-08-13,13-52-13,two_teams_slower1,2026-08-13T13:52:13.124757+08:00,2026-08-13T13:53:43.140963+08:00,2026-08-13T13:58:43.173282+08:00,390.049,7,0,1.799774,0.419065,0.409415,0.418549,0.407227,0.301150,0.407969,0.432508,0.455085,0.426463,0.503017,0.334151
2026-08-13,14-05-26,two_teams_slower1,2026-08-13T14:05:26.323703+08:00,2026-08-13T14:06:56.345128+08:00,2026-08-13T14:13:16.464900+08:00,470.141,18,88,8.998912,12.568511,18.311560,28.816716,25.833982,32.573786,10.569767,5.630111,21.305856,9.100281,12.509827,14.652641
2026-08-13,14-16-18,two_teams_slower1,2026-08-13T14:16:18.133849+08:00,2026-08-13T14:17:48.138058+08:00,2026-08-13T14:22:48.282670+08:00,390.149,0,0,4.425495,6.497640,6.251561,4.589988,10.501220,19.370970,3.938552,4.902284,1.576762,7.089862,5.703548,3.604591
2026-08-13,14-23-52,two_teams_slower1,2026-08-13T14:23:52.044351+08:00,2026-08-13T14:25:22.056638+08:00,2026-08-13T14:30:22.183798+08:00,390.139,26,0,7.660569,6.839439,8.762528,10.326645,15.918846,3.450115,11.196852,8.074790,5.332297,7.240006,8.872681,8.756416
2026-08-13,14-31-33,two_teams_slower1,2026-08-13T14:31:33.879693+08:00,2026-08-13T14:33:03.908851+08:00,2026-08-13T14:39:09.987019+08:00,456.107,16,94,10.124336,7.723609,3.059560,5.969695,7.624492,8.058987,12.481269,13.913771,8.066704,14.220578,17.494484,17.561743
2026-08-13,14-40-14,two_teams_slower1,2026-08-13T14:40:14.542692+08:00,2026-08-13T14:41:18.666956+08:00,2026-08-13T14:46:18.802150+08:00,364.259,86,0,11.893333,8.818068,8.447594,9.025131,6.645554,7.000816,2.000452,0.426758,0.404586,0.397558,0.470276,0.303635
2026-08-13,14-50-59,two_teams_slower1,2026-08-13T14:50:59.582644+08:00,2026-08-13T14:52:29.597034+08:00,2026-08-13T14:57:29.725765+08:00,390.143,10,0,6.950540,10.193203,8.355348,10.390992,6.070465,7.437105,6.093677,5.266102,6.011957,6.722000,6.477984,8.963364
2026-08-13,14-58-30,two_teams_slower1,2026-08-13T14:58:30.405910+08:00,2026-08-13T15:00:00.415019+08:00,2026-08-13T15:05:00.524942+08:00,390.119,65,0,5.350426,5.736762,3.331355,9.489860,9.360899,8.783287,11.417028,8.104789,7.910298,9.139389,13.804453,23.883516
2026-08-13,15-08-11,two_teams_slower1,2026-08-13T15:08:11.556133+08:00,2026-08-13T15:09:41.581916+08:00,2026-08-13T15:14:41.683982+08:00,390.128,4,0,13.566193,7.428538,7.855327,5.496242,17.883450,15.263489,1.344943,0.501199,0.441582,0.423281,0.468681,0.319214
2026-08-13,15-18-32,two_teams_slower1,2026-08-13T15:18:32.637378+08:00,2026-08-13T15:20:02.643538+08:00,2026-08-13T15:25:02.770819+08:00,390.133,4,41,3.867300,3.461469,2.823774,10.118419,17.080591,17.360432,3.312111,2.959201,10.048768,14.293385,6.990711,6.390214
2026-08-13,15-26-00,two_teams_slower1,2026-08-13T15:26:00.486977+08:00,2026-08-13T15:27:30.498508+08:00,2026-08-13T15:32:30.683692+08:00,390.197,7,18,4.661744,5.900454,6.830155,6.919633,9.383248,13.081581,4.761276,5.625997,4.304128,4.983376,7.610976,11.180970
2026-08-13,15-33-34,two_teams_slower1,2026-08-13T15:33:34.663504+08:00,2026-08-13T15:35:04.694648+08:00,2026-08-13T16:32:52.951589+08:00,3558.288,147,79,11.637864,8.906192,12.443614,16.146467,11.766244,14.794589,12.500466,9.829879,7.773191,12.538286,13.966885,16.449921
2026-08-13,16-33-54,two_teams_slower1,2026-08-13T16:33:54.766583+08:00,2026-08-13T16:35:24.778594+08:00,2026-08-13T16:40:42.041927+08:00,407.275,71,126,14.563170,10.745755,4.953167,40.929037,35.841497,14.396182,19.854408,12.024050,13.315561,17.228464,10.548782,13.515073
2026-08-13,16-41-51,two_teams_slower1,2026-08-13T16:41:51.913692+08:00,2026-08-13T16:43:21.921877+08:00,2026-08-13T16:48:22.080534+08:00,390.167,0,0,0.481671,0.397184,0.379183,0.429386,0.411751,0.296657,0.400603,0.457427,0.432001,0.438252,0.533585,0.345010
2026-08-13,16-49-11,two_teams_slower1,2026-08-13T16:49:11.854529+08:00,2026-08-13T16:50:41.913725+08:00,2026-08-13T16:58:20.286144+08:00,548.432,92,0,4.770431,10.258769,19.339206,31.361380,5.023039,4.984949,4.472756,1.683221,1.446608,6.608242,4.124172,3.902519
2026-08-13,17-02-52,two_teams_slower1,2026-08-13T17:02:52.272809+08:00,2026-08-13T17:04:22.301861+08:00,2026-08-13T17:09:22.449465+08:00,390.177,589,351,6.040480,5.903097,3.985060,5.544014,13.009801,8.860594,13.321110,9.835527,12.023170,10.170597,22.860676,20.268633
2026-08-13,17-12-34,two_teams_slower1,2026-08-13T17:12:34.875610+08:00,2026-08-13T17:14:04.887876+08:00,2026-08-13T17:19:05.096508+08:00,390.221,252,4,0.492925,0.381409,0.387898,0.417286,0.412759,0.305517,0.882461,0.456608,0.463615,0.451962,0.526518,0.338725
2026-08-13,17-20-01,two_teams_slower1,2026-08-13T17:20:01.493142+08:00,2026-08-13T17:21:31.560874+08:00,2026-08-13T17:27:39.954060+08:00,458.461,9,34,5.589865,5.627449,7.061851,10.880638,17.951511,23.221110,5.123461,6.101555,7.943046,15.708320,11.251367,11.942421
2026-08-13,17-29-00,two_teams_slower1,2026-08-13T17:29:00.901452+08:00,2026-08-13T17:30:30.911795+08:00,2026-08-13T17:35:31.048960+08:00,390.148,4,60,0.437701,0.359539,0.350827,0.392058,0.381953,0.278324,5.970033,8.182331,12.186449,11.064690,10.330237,14.227709
2026-08-13,17-41-58,two_teams_slower1,2026-08-13T17:41:58.334452+08:00,2026-08-13T17:43:28.349876+08:00,2026-08-13T17:48:40.748689+08:00,402.414,94,9,2.693403,14.942161,24.277961,40.418516,3.704114,3.773399,4.222876,6.394499,6.493004,11.081915,18.292851,7.521211
2026-08-13,17-49-42,two_teams_slower1,2026-08-13T17:49:42.963309+08:00,2026-08-13T17:51:12.980406+08:00,2026-08-13T17:56:13.080888+08:00,390.118,75,0,11.731141,15.669075,7.004668,11.204796,20.858281,17.466019,4.401668,4.606561,6.124327,23.959206,8.761528,29.139580
2026-08-13,17-57-20,two_teams_slower1,2026-08-13T17:57:20.598220+08:00,2026-08-13T17:58:50.624935+08:00,2026-08-13T18:03:50.714933+08:00,390.117,42,31,7.779772,5.120781,4.409664,10.260970,10.305287,14.989362,7.911503,4.241364,3.370737,8.739929,5.764784,7.775198
2026-08-13,18-07-02,two_teams_slower1,2026-08-13T18:07:02.108190+08:00,2026-08-13T18:08:32.131635+08:00,2026-08-13T18:13:32.278850+08:00,390.171,13,0,2.525535,5.390732,8.199332,4.654644,11.954843,11.144068,3.870361,4.110828,8.825697,5.767742,4.999911,8.255926
2026-08-13,18-14-48,two_teams_slower1,2026-08-13T18:14:48.386836+08:00,2026-08-13T18:16:18.429236+08:00,2026-08-13T18:21:18.524489+08:00,390.138,108,6,3.154779,2.595694,4.236320,14.521239,14.088850,26.003405,6.586939,3.289063,3.507551,8.459214,6.097629,6.891120
2026-08-13,18-22-28,two_teams_slower1,2026-08-13T18:22:28.151027+08:00,2026-08-13T18:23:58.160296+08:00,2026-08-13T18:28:58.257652+08:00,390.107,6,0,3.272969,5.941413,13.613253,13.285097,8.425454,34.481594,4.966151,5.138004,5.482235,6.407958,9.070723,9.831591
2026-08-13,18-30-00,two_teams_slower1,2026-08-13T18:30:00.997097+08:00,2026-08-13T18:31:31.008317+08:00,2026-08-13T18:36:31.140162+08:00,390.143,0,0,9.259854,2.373054,2.249227,16.943768,13.696915,11.343792,0.359610,0.424703,0.407743,0.419229,0.493400,0.323627
2026-08-13,18-51-32,two_teams_slower1,2026-08-13T18:51:32.040972+08:00,2026-08-13T18:53:02.051275+08:00,2026-08-13T18:55:02.449430+08:00,210.408,0,0,0.260061,0.213340,0.279499,0.225254,0.224807,0.155432,0.217219,0.250605,0.394783,0.245531,0.280803,0.189063
2026-08-14,10-43-36,two_teams_slower1,2026-08-14T10:43:36.519398+08:00,2026-08-14T10:43:53.619472+08:00,2026-08-14T10:43:56.709943+08:00,20.191,0,0,0.025084,0.027875,0.025848,0.022676,0.022955,0.014619,0.021300,0.027196,0.048108,0.022885,0.040701,0.033593
2026-08-14,11-17-06,two_teams_slower1,2026-08-14T11:17:06.080185+08:00,2026-08-14T11:18:36.079779+08:00,2026-08-14T11:23:36.316805+08:00,390.237,5,0,1.425975,1.712788,1.222834,1.927838,4.211858,1.328429,1.669487,0.488446,0.710435,0.441628,0.510746,0.343414
2026-08-14,11-33-38,two_teams_slower1,2026-08-14T11:33:38.702351+08:00,2026-08-14T11:35:08.747562+08:00,2026-08-14T11:40:08.818479+08:00,390.116,12,24,3.964564,1.376856,1.261999,2.055534,4.227159,0.991443,9.885211,7.675256,5.612505,6.712379,12.056815,12.069445
2026-08-14,11-41-04,two_teams_slower1,2026-08-14T11:41:04.368262+08:00,2026-08-14T11:42:34.381032+08:00,2026-08-14T11:43:18.131309+08:00,133.763,0,0,2.516361,0.184554,0.179800,0.158660,0.146913,0.099626,3.146500,1.118548,0.243950,0.189690,0.193002,0.145712
2026-08-14,11-51-37,two_teams_slower1,2026-08-14T11:51:37.382471+08:00,2026-08-14T11:51:37.565563+08:00,2026-08-14T11:51:37.799354+08:00,0.417,0,0,0.000473,0.000528,0.000400,0.000348,0.000368,0.000548,0.000405,0.002097,0.001255,0.001039,0.002144,0.000938
2026-08-14,11-53-34,two_teams_slower1,2026-08-14T11:53:34.508175+08:00,2026-08-14T11:55:04.508437+08:00,2026-08-14T12:00:04.653064+08:00,390.145,0,0,9.417276,6.927837,7.627512,3.849819,7.025714,10.052843,8.444751,4.532869,4.901328,5.986229,13.568227,9.244570
2026-08-14,12-01-08,two_teams_slower1,2026-08-14T12:01:08.653870+08:00,2026-08-14T12:02:38.683543+08:00,2026-08-14T12:07:38.779298+08:00,390.125,0,0,3.341396,2.324525,4.297496,8.447059,6.960907,6.962558,8.956550,5.611306,5.191008,10.618183,13.492960,16.135314
2026-08-14,12-08-38,two_teams_slower1,2026-08-14T12:08:38.888105+08:00,2026-08-14T12:10:08.896992+08:00,2026-08-14T12:15:08.994941+08:00,390.107,0,0,6.045414,7.565041,7.070045,5.881163,6.566065,8.134874,9.119066,5.909139,5.714447,9.343732,9.710501,10.323774
2026-08-14,12-16-28,two_teams_slower1,2026-08-14T12:16:28.449897+08:00,2026-08-14T12:17:58.460681+08:00,2026-08-14T12:23:23.026425+08:00,414.577,17,85,7.644328,3.804141,10.493531,10.141121,6.324826,12.975814,2.742805,13.344481,12.599332,17.956376,16.294963,12.401057
2026-08-14,12-24-24,two_teams_slower1,2026-08-14T12:24:24.363331+08:00,2026-08-14T12:25:54.388025+08:00,2026-08-14T12:30:54.582314+08:00,390.219,0,0,3.171833,1.685303,1.461060,4.735093,3.785753,0.286849,7.388640,0.578287,0.516221,0.452638,0.527821,0.328334
2026-08-14,12-31-45,two_teams_slower1,2026-08-14T12:31:45.330491+08:00,2026-08-14T12:33:15.343890+08:00,2026-08-14T12:38:15.478636+08:00,390.148,77,60,4.808817,15.546077,13.018013,13.647796,10.269828,12.563524,9.370912,6.844567,4.320374,15.918297,8.644114,7.049626
2026-08-14,12-39-28,two_teams_slower1,2026-08-14T12:39:28.168955+08:00,2026-08-14T12:40:58.180281+08:00,2026-08-14T12:46:22.769150+08:00,414.600,22,142,3.409689,5.883871,9.988619,26.534769,6.826944,6.857623,8.175032,8.196201,7.359921,6.405965,14.766986,17.270040
2026-08-14,12-47-31,two_teams_slower1,2026-08-14T12:47:31.541887+08:00,2026-08-14T12:49:01.567867+08:00,2026-08-14T12:54:01.706350+08:00,390.164,45,0,9.662737,7.141746,9.773556,10.354312,23.788340,19.799382,7.409818,3.025252,9.319319,8.871609,11.873842,9.801269
2026-08-14,12-55-01,two_teams_slower1,2026-08-14T12:55:01.269750+08:00,2026-08-14T12:56:31.297851+08:00,2026-08-14T13:01:31.409928+08:00,390.140,12,0,4.902137,4.379535,22.611208,11.840544,11.409892,8.484742,9.108100,11.766505,11.477439,12.251702,18.791825,16.210415
2026-08-14,13-02-47,two_teams_slower1,2026-08-14T13:02:47.761003+08:00,2026-08-14T13:04:17.769338+08:00,2026-08-14T13:09:17.892832+08:00,390.132,0,0,4.859585,5.515032,3.251553,10.582895,13.350082,15.606320,5.811614,8.474489,11.188248,11.296250,8.612409,8.556107
2026-08-14,13-10-17,two_teams_slower1,2026-08-14T13:10:17.621552+08:00,2026-08-14T13:11:47.645423+08:00,2026-08-14T13:16:47.738944+08:00,390.117,44,0,2.967395,6.013108,5.081126,10.335549,10.124393,22.630608,1.716085,4.112765,2.116967,2.890856,7.757051,10.868156
2026-08-14,13-18-03,two_teams_slower1,2026-08-14T13:18:03.338381+08:00,2026-08-14T13:19:33.348268+08:00,2026-08-14T13:24:33.506853+08:00,390.168,5,0,6.141817,8.885312,6.647742,14.880077,3.944546,4.672470,3.378137,4.740311,5.776914,10.122251,5.160087,5.114732
2026-08-14,13-25-28,two_teams_slower1,2026-08-14T13:25:28.913378+08:00,2026-08-14T13:26:49.589951+08:00,2026-08-14T13:31:49.698259+08:00,380.785,69,145,7.896470,5.028605,3.928139,7.775894,4.269597,3.820397,9.782436,8.506175,6.293664,18.121966,5.746545,6.894675
2026-08-14,13-32-51,two_teams_slower1,2026-08-14T13:32:51.610049+08:00,2026-08-14T13:34:21.621813+08:00,2026-08-14T13:39:29.970539+08:00,398.360,6,0,6.038969,8.273354,5.389856,9.610418,8.279513,17.031635,7.428259,5.737434,8.508015,11.312667,8.117881,7.625315
2026-08-14,13-40-25,two_teams_slower1,2026-08-14T13:40:25.194821+08:00,2026-08-14T13:41:55.217330+08:00,2026-08-14T13:46:55.348345+08:00,390.154,120,0,11.893860,12.146430,15.908456,24.352635,14.366513,11.076468,3.688119,5.540239,16.172073,14.115342,20.897006,18.920777
2026-08-14,13-47-51,two_teams_slower1,2026-08-14T13:47:51.049775+08:00,2026-08-14T13:49:21.074130+08:00,2026-08-14T13:54:21.178212+08:00,390.128,248,8,15.631467,14.942211,10.748376,28.515797,27.578198,24.985776,6.612209,12.943198,11.806861,11.414589,13.198360,13.344221
2026-08-14,13-55-25,two_teams_slower1,2026-08-14T13:55:25.245481+08:00,2026-08-14T13:56:55.271891+08:00,2026-08-14T14:02:01.674002+08:00,396.429,28,241,17.726873,11.433853,19.977643,15.528175,25.294060,13.525219,14.003073,16.745842,19.457347,70.396317,9.232424,5.953672
2026-08-14,14-08-06,two_teams_slower1,2026-08-14T14:08:06.413578+08:00,2026-08-14T14:09:36.420732+08:00,2026-08-14T14:14:36.584556+08:00,390.171,83,12,15.722409,9.177354,4.384996,6.446984,13.549873,29.439271,6.539445,7.949053,5.697488,8.261199,23.203242,5.815212
2026-08-14,14-15-33,two_teams_slower1,2026-08-14T14:15:33.800217+08:00,2026-08-14T14:17:03.827727+08:00,2026-08-14T14:22:44.049684+08:00,430.249,171,59,13.540595,12.966997,8.635090,24.636555,4.927481,5.099438,3.370782,13.058127,9.107920,11.485831,14.008661,13.270232
2026-08-14,14-23-59,two_teams_slower1,2026-08-14T14:23:59.465705+08:00,2026-08-14T14:25:29.489494+08:00,2026-08-14T14:30:29.605983+08:00,390.140,0,0,0.504995,0.372526,0.365129,0.405020,0.400370,0.290928,3.531769,3.000430,3.853430,3.430233,15.555536,3.734108
2026-08-14,14-43-51,two_teams_slower1,2026-08-14T14:43:51.045974+08:00,2026-08-14T14:45:21.078231+08:00,2026-08-14T14:50:21.193162+08:00,390.147,65,4,5.832738,9.834251,34.329832,18.910165,17.684649,20.864988,0.419446,0.420222,0.565035,0.421506,0.499141,0.324029
2026-08-14,14-52-04,two_teams_slower1,2026-08-14T14:52:04.459915+08:00,2026-08-14T14:53:34.486783+08:00,2026-08-14T14:58:34.558522+08:00,390.099,0,0,11.238113,10.628723,13.388805,17.319685,29.582062,25.603559,8.302980,4.550173,3.755507,7.751071,11.292993,13.501642
2026-08-14,14-59-39,two_teams_slower1,2026-08-14T14:59:39.234533+08:00,2026-08-14T15:01:09.262395+08:00,2026-08-14T15:06:09.436372+08:00,390.202,0,0,3.191603,2.970889,2.979271,4.635906,8.703254,9.724458,3.827942,0.500830,0.440061,0.422828,0.514854,0.343028
2026-08-14,15-07-03,two_teams_slower1,2026-08-14T15:07:03.753285+08:00,2026-08-14T15:08:33.780845+08:00,2026-08-14T15:13:55.032842+08:00,411.280,34,4,4.985081,7.366307,9.031809,7.702444,6.742867,12.616330,1.764248,6.517808,10.216705,8.115823,7.508867,6.370501
2026-08-14,15-14-58,two_teams_slower1,2026-08-14T15:14:58.850213+08:00,2026-08-14T15:16:28.878519+08:00,2026-08-14T15:21:28.996758+08:00,390.147,104,57,4.763444,6.851317,8.510477,12.160079,13.484287,19.880258,4.564541,5.819021,3.672449,12.628086,13.130879,12.363230
2026-08-14,15-22-29,two_teams_slower1,2026-08-14T15:22:29.913117+08:00,2026-08-14T15:23:59.919762+08:00,2026-08-14T15:29:00.094250+08:00,390.181,63,48,10.669814,5.259622,9.146338,18.040477,8.126480,10.812607,6.584624,8.200017,9.696950,8.457246,10.282011,17.492351
2026-08-14,15-30-50,two_teams_slower1,2026-08-14T15:30:50.044319+08:00,2026-08-14T15:32:20.073807+08:00,2026-08-14T15:37:20.290880+08:00,390.247,12,40,12.529648,11.308778,8.704887,22.828194,13.479919,12.395688,18.660073,9.868441,13.987891,36.125204,52.453003,31.643425
2026-08-14,15-38-20,two_teams_slower1,2026-08-14T15:38:20.253293+08:00,2026-08-14T15:39:50.276541+08:00,2026-08-14T15:46:11.678531+08:00,471.425,93,75,8.877408,12.102820,24.088157,12.749808,18.343073,16.390359,13.569434,9.894442,7.488819,19.471728,16.327435,19.464509
2026-08-14,15-47-14,two_teams_slower1,2026-08-14T15:47:14.424896+08:00,2026-08-14T15:48:44.452195+08:00,2026-08-14T15:53:44.587729+08:00,390.163,0,0,1.407660,1.505892,1.462508,3.158042,6.986881,7.885882,7.224147,4.718996,3.503227,9.939241,9.635983,4.991009
2026-08-14,15-55-11,two_teams_slower1,2026-08-14T15:55:11.474439+08:00,2026-08-14T15:56:41.507117+08:00,2026-08-14T16:01:41.600521+08:00,390.126,17,114,2.336477,4.805010,6.746030,7.157678,11.440056,10.427319,8.388162,6.337696,3.572978,11.540676,6.796245,3.624479
2026-08-14,16-05-45,two_teams_slower1,2026-08-14T16:05:45.890384+08:00,2026-08-14T16:07:15.914881+08:00,2026-08-14T16:12:16.048898+08:00,390.159,8,0,9.677835,3.304642,1.882551,2.467996,4.184210,3.909461,3.598113,1.670314,1.108324,1.911163,4.519113,3.703696
2026-08-14,16-17-10,two_teams_slower1,2026-08-14T16:17:10.373959+08:00,2026-08-14T16:18:40.382306+08:00,2026-08-14T16:23:40.546010+08:00,390.172,98,10,5.019457,5.773516,4.572351,10.329829,8.922979,7.072040,6.381667,6.387994,6.215888,22.172944,10.290801,7.352960
2026-08-14,16-24-41,two_teams_slower1,2026-08-14T16:24:41.909850+08:00,2026-08-14T16:26:11.938262+08:00,2026-08-14T16:31:12.123287+08:00,390.213,0,0,10.675605,5.786868,6.508184,7.767446,9.908478,9.929512,8.119339,6.120349,11.856195,12.566994,13.137652,17.626042
2026-08-14,16-36-51,two_teams_slower1,2026-08-14T16:36:51.317094+08:00,2026-08-14T16:38:21.341638+08:00,2026-08-14T16:43:21.466396+08:00,390.149,4,0,3.869898,1.854700,1.381636,2.119678,4.089619,0.296802,1.382497,1.435538,1.996906,6.638403,18.432444,7.689146
2026-08-14,16-44-23,two_teams_slower1,2026-08-14T16:44:23.400255+08:00,2026-08-14T16:45:53.427860+08:00,2026-08-14T16:50:53.625993+08:00,390.226,81,58,8.264447,8.198374,8.382109,5.718014,13.505248,14.214898,5.782715,5.213162,9.656282,10.145604,5.865054,4.544696
2026-08-14,16-52-04,two_teams_slower1,2026-08-14T16:52:04.542619+08:00,2026-08-14T16:53:34.567066+08:00,2026-08-14T16:58:34.748844+08:00,390.206,30,50,10.218228,10.164033,10.970096,10.884003,12.204280,17.368470,5.688718,4.263434,5.004069,9.814817,10.476466,12.674081
2026-08-14,16-59-30,two_teams_slower1,2026-08-14T16:59:30.760958+08:00,2026-08-14T17:01:00.768796+08:00,2026-08-14T17:07:47.470852+08:00,496.710,70,0,7.984679,6.770070,4.662068,15.751582,5.272245,7.264640,9.659302,12.676255,11.174175,12.142345,8.043962,5.399634
2026-08-14,17-08-48,two_teams_slower1,2026-08-14T17:08:48.827310+08:00,2026-08-14T17:10:18.854673+08:00,2026-08-14T17:15:18.940780+08:00,390.113,19,82,15.212764,17.813320,32.220634,15.802156,10.426316,20.209662,4.650722,7.255233,12.141718,8.867895,25.469745,28.825993
2026-08-14,17-16-19,two_teams_slower1,2026-08-14T17:16:19.159796+08:00,2026-08-14T17:17:49.189918+08:00,2026-08-14T17:23:37.524961+08:00,438.365,19,0,4.866403,11.585713,22.375599,26.015074,7.886478,18.515447,7.469076,12.327759,4.028996,12.438533,8.262830,14.241426
2026-08-14,17-24-35,two_teams_slower1,2026-08-14T17:24:35.635939+08:00,2026-08-14T17:26:05.663837+08:00,2026-08-14T17:32:21.871389+08:00,466.235,26,22,4.151444,8.916266,2.762452,29.092072,15.328963,24.090790,6.470653,7.555878,10.320467,32.635874,15.437714,20.819103
2026-08-14,17-33-20,two_teams_slower1,2026-08-14T17:33:20.358244+08:00,2026-08-14T17:34:50.368961+08:00,2026-08-14T17:39:50.554911+08:00,390.197,27,114,8.581405,12.223575,15.570055,46.096776,9.363302,30.328887,16.585507,14.009637,16.352127,19.104388,36.709247,66.810102
2026-08-14,17-40-55,two_teams_slower1,2026-08-14T17:40:55.790541+08:00,2026-08-14T17:42:25.816793+08:00,2026-08-14T17:49:02.780477+08:00,486.990,93,81,7.303076,11.007780,11.401636,40.739734,31.273171,20.452328,24.246357,9.037937,8.301932,6.891017,9.082414,11.366924
2026-08-14,17-50-09,two_teams_slower1,2026-08-14T17:50:09.109119+08:00,2026-08-14T17:51:39.117951+08:00,2026-08-14T18:13:16.392179+08:00,1387.283,21,88,5.402737,6.622471,3.903366,20.305111,8.971355,8.453029,11.051634,9.334313,17.640297,16.360983,35.682269,23.213400
2026-08-14,18-14-42,two_teams_slower1,2026-08-14T18:14:42.442255+08:00,2026-08-14T18:16:12.465903+08:00,2026-08-14T18:21:29.042430+08:00,406.600,11,0,26.982900,15.492894,7.934546,18.732616,12.627950,5.988087,5.678476,5.641730,17.161668,10.557777,18.283322,12.881043
2026-08-14,18-22-27,two_teams_slower1,2026-08-14T18:22:27.423938+08:00,2026-08-14T18:23:57.449237+08:00,2026-08-14T18:28:57.523708+08:00,390.100,15,0,10.220179,7.754457,15.789098,14.188124,11.954241,5.835705,20.787205,7.391614,3.480991,8.524491,12.495588,6.796196
2026-08-14,18-29-56,two_teams_slower1,2026-08-14T18:29:56.544138+08:00,2026-08-14T18:31:26.570718+08:00,2026-08-14T18:36:26.655274+08:00,390.111,0,31,1.396805,1.751652,0.984452,1.007238,0.399966,0.288745,10.030637,7.263296,7.032916,13.023622,8.842618,6.984241
2026-08-14,18-37-21,two_teams_slower1,2026-08-14T18:37:21.712206+08:00,2026-08-14T18:38:51.721943+08:00,2026-08-14T18:43:51.850087+08:00,390.138,28,31,7.115826,4.529082,7.147252,8.480970,6.601175,8.555644,5.365763,5.727653,4.873740,11.675430,11.471762,11.477055
2026-08-14,18-44-55,two_teams_slower1,2026-08-14T18:44:55.471934+08:00,2026-08-14T18:46:25.498813+08:00,2026-08-14T18:51:25.700488+08:00,390.229,18,78,8.991689,8.170202,6.795434,7.441379,8.500046,5.296135,6.748594,7.896637,8.173898,8.851756,13.461017,8.996325
2026-08-15,11-11-48,two_teams_slower1,2026-08-15T11:11:48.239786+08:00,2026-08-15T11:13:18.240149+08:00,2026-08-15T11:18:18.329859+08:00,390.090,0,0,2.157648,1.312396,1.309278,1.885873,3.550690,6.836004,0.452890,0.433936,0.613815,0.417808,0.494787,0.329605
2026-08-15,11-22-42,two_teams_slower1,2026-08-15T11:22:42.277421+08:00,2026-08-15T11:22:47.191625+08:00,2026-08-15T11:27:47.361480+08:00,305.084,9,0,5.099085,3.907018,8.237242,7.346659,6.820567,7.940463,1.233889,0.346691,0.343364,0.317629,0.388976,0.251497
2026-08-15,11-28-57,two_teams_slower1,2026-08-15T11:28:57.793244+08:00,2026-08-15T11:29:05.137530+08:00,2026-08-15T11:34:05.253107+08:00,307.460,106,12,9.606874,9.759723,14.363857,20.013481,21.627083,8.714246,0.357578,0.322546,0.304104,0.323031,0.378970,0.241058
2026-08-15,11-35-26,two_teams_slower1,2026-08-15T11:35:26.198411+08:00,2026-08-15T11:35:30.941544+08:00,2026-08-15T11:40:31.034029+08:00,304.836,34,5,2.708476,6.483818,7.555643,8.594196,12.265357,7.782269,3.839750,0.398252,0.339423,0.333554,0.387707,0.237943
2026-08-15,11-43-40,two_teams_slower1,2026-08-15T11:43:40.636252+08:00,2026-08-15T11:45:10.666096+08:00,2026-08-15T11:50:10.896700+08:00,390.260,21,39,3.913219,3.110963,3.887710,6.161150,5.842631,4.835143,7.516956,4.610802,4.058809,7.873158,10.103378,9.144306
2026-08-15,11-51-50,two_teams_slower1,2026-08-15T11:51:50.698505+08:00,2026-08-15T11:53:20.723299+08:00,2026-08-15T11:58:20.822899+08:00,390.124,56,0,4.729358,4.551189,8.466890,6.962873,8.843854,18.261688,0.390852,0.417305,0.409262,0.408612,0.480794,0.337466
2026-08-15,12-02-46,two_teams_slower1,2026-08-15T12:02:46.960973+08:00,2026-08-15T12:04:16.972721+08:00,2026-08-15T12:09:40.432586+08:00,413.472,20,0,11.645929,14.291288,11.684060,19.253974,27.959497,8.495769,1.428012,1.649449,1.334117,2.003978,0.840374,0.336397
2026-08-15,12-10-36,two_teams_slower1,2026-08-15T12:10:36.334929+08:00,2026-08-15T12:10:39.026607+08:00,2026-08-15T12:15:39.107373+08:00,302.772,88,70,9.232630,11.891615,12.223954,26.019861,27.354605,12.176858,3.057624,6.939643,6.526820,14.807256,21.914393,12.995466
2026-08-15,12-17-46,two_teams_slower1,2026-08-15T12:17:46.769957+08:00,2026-08-15T12:19:16.797865+08:00,2026-08-15T12:24:16.946476+08:00,390.177,6,46,5.368272,5.721022,8.942728,19.788799,29.058918,6.626692,7.517656,7.142379,8.861610,18.056237,3.999713,7.921571
2026-08-15,12-28-18,two_teams_slower1,2026-08-15T12:28:18.586339+08:00,2026-08-15T12:29:48.593298+08:00,2026-08-15T12:34:48.745540+08:00,390.159,10,36,4.500756,4.981659,5.349816,18.252746,16.672834,8.756988,6.133563,5.215654,6.765607,12.270654,13.501276,23.377937
2026-08-15,12-35-48,two_teams_slower1,2026-08-15T12:35:48.509505+08:00,2026-08-15T12:37:18.538012+08:00,2026-08-15T12:43:00.403119+08:00,431.894,25,0,14.714490,8.460515,10.948794,11.523931,13.654512,38.258299,6.663991,5.783288,14.238177,11.245537,15.311635,11.039752
2026-08-15,12-44-06,two_teams_slower1,2026-08-15T12:44:06.948811+08:00,2026-08-15T12:45:36.977604+08:00,2026-08-15T12:50:37.056319+08:00,390.108,132,33,5.485362,17.233282,21.119153,38.028418,26.951939,17.500238,5.646916,5.393692,7.759693,13.197917,15.943811,28.831336
2026-08-15,12-51-42,two_teams_slower1,2026-08-15T12:51:42.360219+08:00,2026-08-15T12:53:12.367873+08:00,2026-08-15T12:58:12.478594+08:00,390.118,16,94,9.077707,7.203227,13.428211,13.888197,18.729240,12.686543,4.554371,3.998202,17.638206,24.426846,17.986117,16.935757
2026-08-15,12-59-08,two_teams_slower1,2026-08-15T12:59:08.778478+08:00,2026-08-15T13:00:38.802017+08:00,2026-08-15T13:06:46.708152+08:00,457.930,98,133,7.659972,10.655058,22.124488,23.089843,35.064496,16.277190,6.102433,6.889011,14.579721,30.761503,11.481510,7.668336
2026-08-15,13-08-25,two_teams_slower1,2026-08-15T13:08:25.812675+08:00,2026-08-15T13:09:28.356307+08:00,2026-08-15T13:14:28.489600+08:00,362.677,12,65,9.460556,11.827920,9.918405,16.375997,9.469487,8.269896,9.538269,11.495155,13.310975,19.452131,7.505168,11.715386
2026-08-15,13-15-27,two_teams_slower1,2026-08-15T13:15:27.771499+08:00,2026-08-15T13:15:27.864317+08:00,2026-08-15T13:20:27.988998+08:00,300.217,77,17,7.312773,21.376219,8.214111,12.630815,17.953027,14.309689,3.836741,5.994329,6.921284,9.602613,18.930976,13.504936
2026-08-15,13-21-30,two_teams_slower1,2026-08-15T13:21:30.301195+08:00,2026-08-15T13:21:32.127489+08:00,2026-08-15T13:26:39.080176+08:00,308.779,110,116,9.638034,6.132122,4.122660,17.038411,3.780897,5.159052,6.811128,7.021295,7.945748,18.307218,4.187723,3.803301
2026-08-15,13-27-36,two_teams_slower1,2026-08-15T13:27:36.233569+08:00,2026-08-15T13:27:38.189926+08:00,2026-08-15T13:32:38.356733+08:00,302.123,247,113,6.146827,9.904718,9.335518,31.137497,3.574838,3.490507,11.420238,9.122814,16.843663,22.536005,3.655633,3.456373
2026-08-15,13-36-47,two_teams_slower1,2026-08-15T13:36:47.767886+08:00,2026-08-15T13:38:06.909669+08:00,2026-08-15T13:43:06.992928+08:00,379.225,52,84,8.618756,3.198271,3.833236,8.256449,3.660801,4.024621,4.661286,3.486127,4.553578,5.017909,3.850475,3.471020
2026-08-15,13-44-48,two_teams_slower1,2026-08-15T13:44:48.348001+08:00,2026-08-15T13:45:33.539705+08:00,2026-08-15T13:50:33.657795+08:00,345.310,80,5,6.942883,4.694796,5.984796,10.148631,4.046181,4.017673,7.825358,2.760998,2.230996,3.811319,3.655842,3.495103
2026-08-15,13-51-33,two_teams_slower1,2026-08-15T13:51:33.821162+08:00,2026-08-15T13:51:38.462042+08:00,2026-08-15T13:56:38.587552+08:00,304.766,172,167,9.249378,8.726506,14.674355,20.739449,3.650642,3.416727,15.142443,11.164305,8.151598,20.887765,4.050567,4.138054
2026-08-15,14-03-51,two_teams_slower1,2026-08-15T14:03:51.738615+08:00,2026-08-15T14:05:21.762111+08:00,2026-08-15T14:10:21.897373+08:00,390.159,9,83,1.520066,1.326608,1.307381,1.894297,4.352104,3.765378,4.779718,3.525572,5.092610,6.894670,3.787287,3.507018
2026-08-15,14-11-25,two_teams_slower1,2026-08-15T14:11:25.300979+08:00,2026-08-15T14:11:27.011945+08:00,2026-08-15T14:16:36.834257+08:00,311.533,108,101,12.238909,9.512365,8.790776,8.790822,3.971826,3.431485,9.010623,8.258355,5.842037,12.686105,4.231106,7.719472
2026-08-15,14-17-38,two_teams_slower1,2026-08-15T14:17:38.698635+08:00,2026-08-15T14:17:42.560441+08:00,2026-08-15T14:22:51.991712+08:00,313.293,110,66,4.645702,9.899096,15.934846,7.719680,22.969660,13.959456,17.295501,9.630706,8.563298,13.083295,9.021476,30.902361
2026-08-15,14-23-51,two_teams_slower1,2026-08-15T14:23:51.449193+08:00,2026-08-15T14:23:56.106675+08:00,2026-08-15T14:29:06.529281+08:00,315.080,113,147,6.141316,4.962494,8.795147,9.613022,7.419519,13.463062,6.511288,5.245410,11.472291,19.633811,3.624172,4.951834
2026-08-15,14-30-07,two_teams_slower1,2026-08-15T14:30:07.003313+08:00,2026-08-15T14:30:10.427838+08:00,2026-08-15T14:35:10.560589+08:00,303.557,108,141,12.455425,9.019490,14.131439,10.786518,13.596188,20.122872,12.775540,11.407639,6.356172,24.492487,12.413769,7.931441
2026-08-15,14-36-14,two_teams_slower1,2026-08-15T14:36:14.586219+08:00,2026-08-15T14:37:44.595366+08:00,2026-08-15T14:49:08.628647+08:00,774.042,110,9,8.999807,8.849397,8.110635,11.808501,12.861704,14.136773,8.354441,11.839787,11.466281,16.325746,13.826662,18.755309
2026-08-15,14-50-24,two_teams_slower1,2026-08-15T14:50:24.089787+08:00,2026-08-15T14:51:54.115678+08:00,2026-08-15T14:56:54.289489+08:00,390.200,27,216,4.770155,5.110690,5.268045,8.578061,12.006140,12.132736,9.410753,10.555681,10.326966,23.508804,4.680408,4.274804
2026-08-15,14-57-54,two_teams_slower1,2026-08-15T14:57:54.840119+08:00,2026-08-15T14:59:24.865433+08:00,2026-08-15T15:12:41.903981+08:00,887.064,85,0,16.257797,18.415408,18.449431,14.945873,32.897181,16.387699,16.265188,8.135355,12.735163,20.558486,20.166131,27.101213
2026-08-15,15-13-42,two_teams_slower1,2026-08-15T15:13:42.725925+08:00,2026-08-15T15:15:12.736315+08:00,2026-08-15T15:33:47.003906+08:00,1204.278,30,0,8.252712,18.847780,14.885295,21.234649,19.652906,9.189212,12.479393,11.746781,6.009154,11.795585,13.078320,6.678599
2026-08-15,15-34-48,two_teams_slower1,2026-08-15T15:34:48.856672+08:00,2026-08-15T15:36:18.866528+08:00,2026-08-15T15:41:46.338022+08:00,417.481,169,89,9.905558,8.930442,6.765524,19.258686,5.948092,6.654523,6.227589,8.853897,5.027349,22.761217,9.792354,7.188429
2026-08-15,15-42-49,two_teams_slower1,2026-08-15T15:42:49.603668+08:00,2026-08-15T15:44:19.629854+08:00,2026-08-15T15:49:19.755089+08:00,390.151,39,0,2.963411,5.299897,7.170123,9.350158,12.796162,12.096161,5.123827,5.949923,10.525770,17.946088,17.455235,21.122902
2026-08-15,15-50-22,two_teams_slower1,2026-08-15T15:50:22.051431+08:00,2026-08-15T15:51:52.076998+08:00,2026-08-15T15:56:52.160539+08:00,390.109,33,145,12.486830,6.286761,6.842585,16.544160,23.311199,6.754978,8.825659,10.674473,8.685870,11.345468,25.873886,37.663572
2026-08-15,15-57-53,two_teams_slower1,2026-08-15T15:57:53.839473+08:00,2026-08-15T15:59:23.863468+08:00,2026-08-15T16:04:23.947725+08:00,390.108,76,0,2.914625,9.892914,11.899005,23.639520,9.259525,20.581636,7.525634,12.282441,12.160520,44.632082,25.359081,42.556230
2026-08-15,16-05-33,two_teams_slower1,2026-08-15T16:05:33.205132+08:00,2026-08-15T16:07:03.215085+08:00,2026-08-15T16:12:42.991215+08:00,429.786,71,8,10.003733,12.163254,16.384860,20.948474,10.752160,12.690654,4.693981,7.909916,13.520477,15.223555,23.374607,8.748234
2026-08-15,16-13-46,two_teams_slower1,2026-08-15T16:13:46.187853+08:00,2026-08-15T16:15:16.210792+08:00,2026-08-15T16:20:46.228654+08:00,420.041,94,60,3.396323,9.596267,14.716003,27.429969,15.757485,20.766328,6.496673,11.117732,10.989463,18.908601,24.974148,24.312504
2026-08-15,16-21-53,two_teams_slower1,2026-08-15T16:21:53.740657+08:00,2026-08-15T16:23:23.750440+08:00,2026-08-15T16:28:23.872264+08:00,390.132,22,60,5.346752,6.033023,15.694741,20.337276,15.886968,33.245544,8.548900,7.330003,7.809096,15.643797,15.217309,32.596502
2026-08-15,16-29-27,two_teams_slower1,2026-08-15T16:29:27.483334+08:00,2026-08-15T16:30:57.492468+08:00,2026-08-15T16:36:42.895409+08:00,435.412,35,14,6.562321,8.285248,13.731779,18.726846,21.312293,31.626903,5.739135,6.853316,8.136157,6.288573,25.377139,63.450108
2026-08-15,16-37-40,two_teams_slower1,2026-08-15T16:37:40.067335+08:00,2026-08-15T16:39:10.074066+08:00,2026-08-15T16:44:26.044324+08:00,405.977,72,0,15.264279,11.358877,8.375536,23.751356,12.255502,37.004317,4.453851,4.721251,7.898811,12.245758,6.211537,14.422696
2026-08-15,16-45-25,two_teams_slower1,2026-08-15T16:45:25.384858+08:00,2026-08-15T16:46:29.242173+08:00,2026-08-15T16:51:46.748416+08:00,381.364,73,5,8.367955,7.151538,12.862386,20.292659,23.724017,30.051461,9.535203,9.514858,5.073766,12.015083,19.706412,9.411729
2026-08-15,16-52-46,two_teams_slower1,2026-08-15T16:52:46.599616+08:00,2026-08-15T16:54:16.610454+08:00,2026-08-15T16:59:16.742284+08:00,390.143,39,53,7.396331,11.483187,6.458110,13.608646,27.575784,18.193168,13.458955,5.053154,16.511013,11.119055,14.503247,15.259438
2026-08-15,17-00-16,two_teams_slower1,2026-08-15T17:00:16.032970+08:00,2026-08-15T17:01:44.690159+08:00,2026-08-15T17:06:44.760951+08:00,388.728,36,52,5.169560,5.290083,5.243720,7.771815,8.609276,8.889813,6.464644,10.761248,12.783717,19.880308,5.115763,3.605119
2026-08-15,17-07-44,two_teams_slower1,2026-08-15T17:07:44.269540+08:00,2026-08-15T17:07:48.177602+08:00,2026-08-15T17:12:56.581614+08:00,312.312,118,37,14.725896,11.416921,12.824006,14.513862,11.101011,4.741850,8.212688,5.782184,12.166264,8.824938,7.336958,6.725081
2026-08-15,17-14-01,two_teams_slower1,2026-08-15T17:14:01.233829+08:00,2026-08-15T17:14:02.759511+08:00,2026-08-15T17:19:02.913405+08:00,301.680,106,111,19.836090,33.176769,19.903065,36.118073,24.948489,20.797441,13.623525,10.267855,24.310826,34.033892,3.947533,3.773520
2026-08-15,17-20-00,two_teams_slower1,2026-08-15T17:20:00.016062+08:00,2026-08-15T17:20:01.157197+08:00,2026-08-15T17:25:18.739886+08:00,318.724,135,54,14.423966,9.909466,5.676911,15.281185,6.579933,8.357384,10.391526,14.005959,4.710421,19.214117,17.263042,37.116780
2026-08-15,17-26-19,two_teams_slower1,2026-08-15T17:26:19.994671+08:00,2026-08-15T17:26:23.286080+08:00,2026-08-15T17:31:23.419863+08:00,303.425,119,17,6.507134,8.480433,6.850284,15.359693,8.226675,7.153496,14.066498,10.403290,13.109028,13.993205,14.545240,6.252813
2026-08-15,17-32-24,two_teams_slower1,2026-08-15T17:32:24.774457+08:00,2026-08-15T17:32:30.933422+08:00,2026-08-15T17:37:48.040064+08:00,323.266,104,94,7.667833,5.968546,4.606514,8.521806,16.435331,11.297468,13.814883,6.912052,9.043794,18.322884,7.323558,9.928129
2026-08-15,17-38-57,two_teams_slower1,2026-08-15T17:38:57.372704+08:00,2026-08-15T17:39:00.683690+08:00,2026-08-15T17:44:00.770377+08:00,303.398,96,109,9.467827,12.956381,17.307671,25.714837,10.751542,6.282792,12.175601,8.214899,7.743237,15.006422,4.234746,3.719460
2026-08-15,17-45-32,two_teams_slower1,2026-08-15T17:45:32.398668+08:00,2026-08-15T17:47:02.407706+08:00,2026-08-15T17:53:53.671205+08:00,501.273,18,53,3.991228,3.990825,4.148774,2.202408,8.663046,10.302619,6.090567,4.617637,4.893945,8.841946,9.425364,8.140590
2026-08-15,17-54-53,two_teams_slower1,2026-08-15T17:54:53.123287+08:00,2026-08-15T17:56:23.148810+08:00,2026-08-15T18:01:23.289042+08:00,390.166,20,39,15.693285,4.838088,6.217602,7.662711,9.891937,10.733464,13.913624,5.967578,12.980979,19.175419,7.392170,8.384764
2026-08-15,18-02-31,two_teams_slower1,2026-08-15T18:02:31.641573+08:00,2026-08-15T18:04:01.649941+08:00,2026-08-15T18:09:01.793342+08:00,390.152,14,103,3.838409,6.882884,2.212791,10.115589,5.014001,5.876942,7.981867,7.079967,10.067224,16.780609,3.853921,3.776171
2026-08-15,18-10-05,two_teams_slower1,2026-08-15T18:10:05.082460+08:00,2026-08-15T18:11:35.107179+08:00,2026-08-15T18:16:35.189691+08:00,390.107,88,30,6.571608,3.532344,4.970316,4.842167,7.527433,7.511253,7.619748,3.475508,2.899430,4.839711,7.357655,7.989316
2026-08-15,18-17-39,two_teams_slower1,2026-08-15T18:17:39.933788+08:00,2026-08-15T18:19:09.960238+08:00,2026-08-15T18:24:10.058339+08:00,390.125,21,54,2.822611,8.871406,6.409758,12.624487,13.689484,17.029012,20.992757,17.140488,12.444801,18.912363,15.708298,18.349181
2026-08-15,18-29-28,two_teams_slower1,2026-08-15T18:29:28.083031+08:00,2026-08-15T18:30:58.092043+08:00,2026-08-15T18:35:58.198653+08:00,390.116,13,0,12.256180,13.785673,7.489470,12.504525,14.320581,21.620209,0.405536,0.414347,0.448748,0.401278,0.482275,0.310061
2026-08-15,18-39-44,two_teams_slower1,2026-08-15T18:39:44.126287+08:00,2026-08-15T18:40:20.239041+08:00,2026-08-15T18:46:58.705032+08:00,434.579,121,53,6.367269,5.403873,9.624380,15.902855,7.039847,3.885064,5.409354,5.806810,5.983709,15.121274,22.153752,20.512119
2026-08-15,18-48-07,two_teams_slower1,2026-08-15T18:48:07.869760+08:00,2026-08-15T18:48:09.529023+08:00,2026-08-15T18:53:09.638526+08:00,301.769,87,105,3.579142,1.029099,0.356262,0.319982,0.304126,0.217646,6.819498,10.574838,10.719647,15.022826,3.818333,4.355984
2026-08-16,11-03-45,two_teams_slower1,2026-08-16T11:03:45.191179+08:00,2026-08-16T11:03:45.340950+08:00,2026-08-16T11:03:45.559676+08:00,0.368,0,0,0.000452,0.001945,0.001517,0.000360,0.001660,0.000277,0.000528,0.000510,0.000477,0.000593,0.000678,0.000603
2026-08-16,11-18-04,two_teams_slower1,2026-08-16T11:18:04.224997+08:00,2026-08-16T11:19:34.223593+08:00,2026-08-16T11:22:24.514062+08:00,260.289,7,0,0.329867,0.256166,0.327446,0.271183,0.269160,0.192754,1.361720,2.596652,0.570065,0.331464,0.341494,0.265852
2026-08-16,11-24-43,two_teams_slower1,2026-08-16T11:24:43.706641+08:00,2026-08-16T11:24:46.366472+08:00,2026-08-16T11:28:21.033744+08:00,217.327,4,0,1.258501,1.142958,0.874487,1.758332,3.471429,4.927820,2.384852,2.753000,1.891096,4.074758,7.084831,3.816960
2026-08-16,11-29-14,two_teams_slower1,2026-08-16T11:29:14.439087+08:00,2026-08-16T11:29:16.495958+08:00,2026-08-16T11:32:38.885797+08:00,204.447,96,116,4.086279,3.270650,2.662964,6.952232,7.234223,13.445474,3.012702,4.504521,5.478397,9.534104,3.435612,3.639806
2026-08-16,11-35-18,two_teams_slower1,2026-08-16T11:35:18.422821+08:00,2026-08-16T11:36:48.428407+08:00,2026-08-16T11:41:48.508029+08:00,390.085,88,0,6.297747,6.879252,9.434302,15.458455,4.235337,3.479463,8.657101,5.640241,7.858207,8.951213,10.838268,11.938346
2026-08-16,11-42-45,two_teams_slower1,2026-08-16T11:42:45.708413+08:00,2026-08-16T11:42:50.172210+08:00,2026-08-16T11:47:04.105551+08:00,258.397,65,46,7.573361,1.648129,0.975332,1.746291,7.284337,5.381906,7.835035,7.093107,8.515464,11.918151,5.009505,3.504865
2026-08-16,11-53-45,two_teams_slower1,2026-08-16T11:53:45.278528+08:00,2026-08-16T11:55:15.285030+08:00,2026-08-16T12:00:15.445120+08:00,390.167,8,103,2.577699,2.837874,11.451789,7.850866,6.876423,6.711907,6.999895,9.698670,4.875172,18.986934,6.865595,11.513586
2026-08-16,12-01-14,two_teams_slower1,2026-08-16T12:01:14.647811+08:00,2026-08-16T12:01:21.441705+08:00,2026-08-16T12:06:42.549123+08:00,327.901,159,122,9.127865,12.474968,9.409948,24.781478,4.844918,9.286649,14.870155,11.093256,16.464485,15.338137,11.574080,13.323983
2026-08-16,12-08-11,two_teams_slower1,2026-08-16T12:08:11.716833+08:00,2026-08-16T12:08:17.023827+08:00,2026-08-16T12:13:04.756493+08:00,293.040,161,5,7.440094,4.653117,6.088545,16.439404,3.543464,4.215662,1.642321,1.221852,0.895086,1.768390,3.529661,6.643506
2026-08-16,12-14-06,two_teams_slower1,2026-08-16T12:14:06.328044+08:00,2026-08-16T12:14:09.621463+08:00,2026-08-16T12:19:09.752274+08:00,303.424,132,15,7.359689,5.315883,8.599818,13.784648,4.665489,4.644040,6.918877,3.531554,3.859762,6.574686,13.545506,14.183833
2026-08-16,12-20-17,two_teams_slower1,2026-08-16T12:20:17.735201+08:00,2026-08-16T12:20:19.493962+08:00,2026-08-16T12:25:19.605552+08:00,301.870,151,63,11.663685,10.847162,8.170467,19.865630,14.711879,11.729113,11.213538,8.828969,11.799309,15.467284,13.994694,18.763462
2026-08-16,12-26-43,two_teams_slower1,2026-08-16T12:26:43.789727+08:00,2026-08-16T12:26:46.363666+08:00,2026-08-16T12:31:55.282167+08:00,311.492,107,117,11.212212,9.545548,11.442665,13.261121,7.806396,5.672447,9.191945,14.280734,13.148829,19.440560,20.666580,39.675362
2026-08-16,12-32-54,two_teams_slower1,2026-08-16T12:32:54.283055+08:00,2026-08-16T12:32:59.793694+08:00,2026-08-16T12:38:06.596931+08:00,312.314,97,91,11.673239,8.244097,15.020955,30.252185,18.234653,14.060311,4.151146,8.196946,9.819388,17.266155,3.730190,3.647456
2026-08-16,12-39-05,two_teams_slower1,2026-08-16T12:39:05.868517+08:00,2026-08-16T12:39:09.027382+08:00,2026-08-16T12:44:20.109130+08:00,314.241,216,77,12.177222,7.644270,11.352716,29.321804,4.628383,3.432648,8.695344,9.308424,15.262852,24.235517,19.255264,21.122747
2026-08-16,12-46-10,two_teams_slower1,2026-08-16T12:46:10.207190+08:00,2026-08-16T12:46:15.116838+08:00,2026-08-16T12:51:15.230250+08:00,305.023,22,0,10.498678,7.896115,11.168527,18.466315,3.968997,4.681559,2.509542,1.238650,0.888482,1.750138,4.240200,2.250459
2026-08-16,12-52-10,two_teams_slower1,2026-08-16T12:52:10.607588+08:00,2026-08-16T12:52:13.218324+08:00,2026-08-16T12:57:13.368515+08:00,302.761,219,19,9.912185,9.487860,6.532318,23.564333,6.771779,5.398768,8.434546,13.490367,4.583387,10.202821,23.144982,15.719518
2026-08-16,12-58-18,two_teams_slower1,2026-08-16T12:58:18.328731+08:00,2026-08-16T12:58:20.123102+08:00,2026-08-16T13:03:28.056219+08:00,309.727,106,71,7.010274,5.212635,7.868805,15.620904,3.559919,3.495236,8.863405,10.250204,6.987271,22.612884,9.603902,9.297938
2026-08-16,13-04-37,two_teams_slower1,2026-08-16T13:04:37.639269+08:00,2026-08-16T13:04:56.515197+08:00,2026-08-16T13:08:04.766093+08:00,207.127,71,5,8.044949,3.791961,4.237434,5.543476,5.838332,4.344336,0.207812,0.211729,0.200935,0.215674,0.253135,0.159580
2026-08-16,13-11-22,two_teams_slower1,2026-08-16T13:11:22.322717+08:00,2026-08-16T13:12:52.330065+08:00,2026-08-16T13:17:52.473240+08:00,390.151,25,0,4.348361,1.387046,2.843191,4.383312,3.800566,3.976610,12.546080,7.880984,6.276686,6.620020,15.579996,7.268842
2026-08-16,13-18-47,two_teams_slower1,2026-08-16T13:18:47.345746+08:00,2026-08-16T13:20:17.372221+08:00,2026-08-16T13:27:14.199002+08:00,506.853,34,131,7.421575,7.086452,13.976879,16.963393,15.141941,19.727648,8.799541,8.628280,13.626667,20.328969,17.107289,25.451880
2026-08-16,13-28-14,two_teams_slower1,2026-08-16T13:28:14.191576+08:00,2026-08-16T13:29:44.214643+08:00,2026-08-16T13:34:44.339558+08:00,390.148,63,68,6.223239,7.263805,8.741127,24.889292,7.939939,15.384828,6.796087,12.098088,15.535332,13.733752,16.696556,59.262867
2026-08-16,13-35-51,two_teams_slower1,2026-08-16T13:35:51.968051+08:00,2026-08-16T13:35:53.943599+08:00,2026-08-16T13:40:54.055163+08:00,302.087,136,14,12.701715,7.958468,9.693492,19.716011,10.565542,8.695015,7.266627,5.969141,20.122170,6.440706,4.328037,3.830701
2026-08-16,13-41-54,two_teams_slower1,2026-08-16T13:41:54.585015+08:00,2026-08-16T13:41:58.778946+08:00,2026-08-16T13:47:10.289080+08:00,315.704,141,97,8.364834,10.581386,9.053288,33.221067,3.838620,3.418984,7.679267,6.470845,9.964861,13.034230,3.996825,3.725477
2026-08-16,13-48-05,two_teams_slower1,2026-08-16T13:48:05.476626+08:00,2026-08-16T13:48:17.751207+08:00,2026-08-16T13:53:17.913028+08:00,312.436,99,53,7.457661,8.611484,14.227457,20.157965,8.452541,23.882239,7.705818,8.398274,9.847394,15.832540,7.739712,6.247801
2026-08-16,13-54-28,two_teams_slower1,2026-08-16T13:54:28.688137+08:00,2026-08-16T13:54:29.946982+08:00,2026-08-16T13:59:36.355536+08:00,307.667,159,154,9.691354,6.770622,11.105894,20.346728,4.677435,4.692182,9.673005,8.944430,8.111797,18.816616,5.085293,5.116721
2026-08-16,14-00-39,two_teams_slower1,2026-08-16T14:00:39.905920+08:00,2026-08-16T14:00:53.215477+08:00,2026-08-16T14:07:25.494578+08:00,405.589,84,152,10.049530,5.818194,5.563567,10.971848,9.482238,8.673400,14.347993,15.169954,11.561793,29.967510,5.413590,4.493663
2026-08-16,14-08-31,two_teams_slower1,2026-08-16T14:08:31.132336+08:00,2026-08-16T14:08:32.123788+08:00,2026-08-16T14:13:55.319783+08:00,324.187,88,40,6.661864,11.467637,15.930552,22.679223,13.449907,17.115058,3.821628,10.054715,11.351572,15.820952,22.264690,30.223146
2026-08-16,14-15-00,two_teams_slower1,2026-08-16T14:15:00.075801+08:00,2026-08-16T14:15:39.368027+08:00,2026-08-16T14:20:39.462784+08:00,339.387,21,26,6.364533,5.225361,9.282341,11.328404,9.145933,12.539771,4.336953,8.332813,10.863968,39.335692,12.883111,24.545474
2026-08-16,14-21-39,two_teams_slower1,2026-08-16T14:21:39.182341+08:00,2026-08-16T14:23:09.207844+08:00,2026-08-16T14:28:23.597440+08:00,404.415,142,59,9.811837,8.182258,8.750007,21.681967,7.406171,16.672214,15.570747,14.733498,12.004305,20.760421,3.849718,3.529842
2026-08-16,14-30-50,two_teams_slower1,2026-08-16T14:30:50.638193+08:00,2026-08-16T14:32:20.661487+08:00,2026-08-16T14:37:20.826496+08:00,390.188,106,8,12.143695,12.324664,9.195021,19.832869,22.093035,34.212233,5.899113,8.181198,9.431706,13.738155,14.552842,6.391266
2026-08-16,14-46-49,two_teams_slower1,2026-08-16T14:46:49.172558+08:00,2026-08-16T14:47:40.947365+08:00,2026-08-16T14:52:41.032669+08:00,351.860,14,0,10.837978,7.175863,4.562678,17.879589,7.508476,6.867139,1.391037,1.749888,0.549819,0.395420,0.446239,0.279224
2026-08-16,14-53-37,two_teams_slower1,2026-08-16T14:53:37.689186+08:00,2026-08-16T14:55:07.699950+08:00,2026-08-16T15:00:07.819582+08:00,390.130,21,0,6.266446,7.057927,12.949752,9.834540,11.128284,19.170303,7.493002,5.699749,23.048738,11.143503,28.816035,12.218923
2026-08-16,15-01-20,two_teams_slower1,2026-08-16T15:01:20.225290+08:00,2026-08-16T15:01:58.818573+08:00,2026-08-16T15:06:58.933716+08:00,338.708,73,0,5.336945,6.388148,6.018196,4.666514,19.625683,22.516183,1.533487,1.544725,0.978638,4.817436,8.145898,5.045921
2026-08-16,15-07-59,two_teams_slower1,2026-08-16T15:07:59.725380+08:00,2026-08-16T15:09:29.734041+08:00,2026-08-16T15:14:51.059779+08:00,411.334,27,206,8.218751,10.794262,10.238621,9.442498,16.821105,11.390247,9.468709,13.478000,12.253665,22.002948,6.935997,3.672289
2026-08-16,15-15-55,two_teams_slower1,2026-08-16T15:15:55.322621+08:00,2026-08-16T15:17:10.297519+08:00,2026-08-16T15:22:10.432531+08:00,375.110,76,40,10.056413,10.033599,10.015334,13.731952,22.370052,16.390799,7.624955,9.129684,14.573479,26.471095,19.971860,13.648954
2026-08-16,15-23-19,two_teams_slower1,2026-08-16T15:23:19.555201+08:00,2026-08-16T15:24:11.363022+08:00,2026-08-16T15:29:11.479495+08:00,351.924,34,81,7.086576,6.072151,4.899054,13.013627,7.738324,13.987304,6.763372,14.412827,21.634345,13.666166,19.932805,9.056434
2026-08-16,15-30-08,two_teams_slower1,2026-08-16T15:30:08.397147+08:00,2026-08-16T15:31:38.420948+08:00,2026-08-16T15:36:38.548842+08:00,390.152,29,68,21.560458,9.309440,8.790967,16.467188,9.707425,23.303845,7.427463,5.725697,12.391768,14.952945,18.116316,18.214711
2026-08-16,15-37-40,two_teams_slower1,2026-08-16T15:37:40.062621+08:00,2026-08-16T15:38:44.303306+08:00,2026-08-16T15:43:44.425888+08:00,364.363,27,0,8.035120,15.033973,14.451163,9.455543,21.246949,12.142491,8.373136,10.922639,11.161037,14.683025,12.424658,11.710110
2026-08-16,15-47-27,two_teams_slower1,2026-08-16T15:47:27.620426+08:00,2026-08-16T15:48:57.643843+08:00,2026-08-16T15:54:10.554640+08:00,402.934,15,0,6.773885,4.597420,6.210061,12.391374,7.264104,8.117754,11.305649,10.043215,16.791728,17.888898,24.972261,21.320619
2026-08-16,15-55-14,two_teams_slower1,2026-08-16T15:55:14.170179+08:00,2026-08-16T15:56:44.196014+08:00,2026-08-16T16:01:44.330372+08:00,390.160,17,44,9.850905,4.430588,10.083875,3.362096,14.238982,26.502816,6.441565,12.107055,7.623595,31.801320,19.037349,9.155366
2026-08-16,16-02-46,two_teams_slower1,2026-08-16T16:02:46.177015+08:00,2026-08-16T16:04:16.202327+08:00,2026-08-16T16:09:16.312104+08:00,390.135,60,91,7.851882,10.123530,10.477719,6.304776,5.816333,34.827101,9.636288,10.718333,8.861436,9.646833,11.727649,10.200757
2026-08-16,16-10-14,two_teams_slower1,2026-08-16T16:10:14.628912+08:00,2026-08-16T16:11:12.171065+08:00,2026-08-16T16:16:12.257592+08:00,357.629,23,58,4.981249,5.612403,5.244554,10.526206,12.828001,10.304907,9.613100,6.425155,7.874405,11.204028,17.649966,10.297985
2026-08-16,16-17-17,two_teams_slower1,2026-08-16T16:17:17.959976+08:00,2026-08-16T16:18:47.969614+08:00,2026-08-16T16:24:08.926832+08:00,410.967,31,0,15.733232,10.758813,7.019040,10.253204,9.171258,18.412533,8.453844,4.819276,3.601468,4.957021,15.228329,13.423485
2026-08-16,16-25-10,two_teams_slower1,2026-08-16T16:25:10.163387+08:00,2026-08-16T16:25:51.390583+08:00,2026-08-16T16:30:51.515489+08:00,341.352,64,0,19.706018,14.618125,13.146098,20.444413,14.134106,27.881527,4.996367,5.213165,2.991098,7.866831,9.662772,9.859558
2026-08-16,16-32-02,two_teams_slower1,2026-08-16T16:32:02.261578+08:00,2026-08-16T16:32:08.672466+08:00,2026-08-16T16:37:08.748968+08:00,306.487,70,34,9.939635,21.735802,5.102033,3.350646,13.494431,6.610413,6.468614,5.141477,3.660499,8.708782,16.066112,16.188566
2026-08-16,16-38-07,two_teams_slower1,2026-08-16T16:38:07.350031+08:00,2026-08-16T16:39:05.092347+08:00,2026-08-16T16:44:05.224322+08:00,357.874,43,68,14.074793,7.642610,12.277919,12.278688,12.801454,19.591867,8.410457,10.840970,6.975125,18.735727,14.566073,25.784543
2026-08-16,16-45-14,two_teams_slower1,2026-08-16T16:45:14.262235+08:00,2026-08-16T16:45:16.071303+08:00,2026-08-16T16:50:22.437266+08:00,308.175,175,79,10.401896,12.062299,25.587777,35.895792,12.483784,30.325489,8.347908,10.958568,10.071445,25.011182,12.317577,27.934655
2026-08-16,16-51-23,two_teams_slower1,2026-08-16T16:51:23.747521+08:00,2026-08-16T16:51:31.824769+08:00,2026-08-16T16:56:46.847958+08:00,323.100,152,16,18.441334,14.506123,15.774184,14.127240,5.196997,4.085387,2.536164,2.512085,1.379833,2.278950,4.276100,4.225077
2026-08-16,17-00-26,two_teams_slower1,2026-08-16T17:00:26.481861+08:00,2026-08-16T17:01:56.490449+08:00,2026-08-16T17:06:56.579514+08:00,390.098,37,5,8.469461,4.773596,6.280926,11.466102,5.651037,4.864223,4.563861,3.707380,5.917772,7.494984,11.150795,8.021439
2026-08-16,17-07-56,two_teams_slower1,2026-08-16T17:07:56.334831+08:00,2026-08-16T17:07:59.677451+08:00,2026-08-16T17:12:59.823087+08:00,303.488,176,28,10.996188,8.115047,5.315919,23.347555,10.774503,4.178773,9.350436,14.717637,7.229013,12.683951,16.107689,28.752563
2026-08-16,17-14-08,two_teams_slower1,2026-08-16T17:14:08.672621+08:00,2026-08-16T17:15:38.699098+08:00,2026-08-16T17:20:38.773634+08:00,390.101,16,0,8.666891,8.948757,9.909730,20.588333,4.170077,4.285031,4.522184,6.738327,6.877167,13.260282,15.919583,20.309579
2026-08-16,17-21-41,two_teams_slower1,2026-08-16T17:21:41.211876+08:00,2026-08-16T17:21:50.172346+08:00,2026-08-16T17:26:50.272703+08:00,309.061,182,41,15.922271,11.018977,7.498972,19.794600,3.791714,3.382071,6.434942,5.113200,5.170928,7.934242,12.404453,15.349148
2026-08-16,17-27-50,two_teams_slower1,2026-08-16T17:27:50.626587+08:00,2026-08-16T17:28:01.900297+08:00,2026-08-16T17:33:01.984432+08:00,311.358,91,60,15.132807,11.954483,6.511508,19.903337,14.831182,5.398317,4.895139,6.271073,8.665096,12.311364,21.022300,16.939844
2026-08-16,17-34-00,two_teams_slower1,2026-08-16T17:34:00.952571+08:00,2026-08-16T17:34:03.094755+08:00,2026-08-16T17:39:03.217117+08:00,302.265,98,13,7.158978,6.614862,7.319876,6.038233,11.296081,20.695665,18.425535,11.007396,6.236610,14.895141,20.331806,7.343924
2026-08-16,17-40-09,two_teams_slower1,2026-08-16T17:40:09.799143+08:00,2026-08-16T17:40:32.025886+08:00,2026-08-16T17:46:59.791548+08:00,409.992,149,27,20.036615,10.358588,11.925421,20.268143,15.486882,11.103125,4.979299,5.534718,6.809020,10.236776,11.800843,6.017332
2026-08-16,17-48-07,two_teams_slower1,2026-08-16T17:48:07.156186+08:00,2026-08-16T17:48:10.014965+08:00,2026-08-16T17:53:10.163363+08:00,303.007,113,68,13.468932,5.804969,11.386011,13.591116,8.740697,14.760759,7.817207,5.669956,9.212262,12.536791,5.721026,3.705501
2026-08-16,17-54-43,two_teams_slower1,2026-08-16T17:54:43.745600+08:00,2026-08-16T17:54:49.838753+08:00,2026-08-16T18:00:07.724485+08:00,323.979,119,185,9.743745,4.784654,6.286637,15.165063,6.673016,7.541044,10.118553,12.910335,13.372975,20.953335,4.765104,3.452901
2026-08-16,18-04-03,two_teams_slower1,2026-08-16T18:04:03.398939+08:00,2026-08-16T18:04:08.141038+08:00,2026-08-16T18:09:08.231193+08:00,304.832,14,34,3.110952,2.433733,1.130364,1.787037,3.477336,3.642067,5.780428,8.482559,8.381955,8.048644,10.763883,7.114081
2026-08-16,18-10-05,two_teams_slower1,2026-08-16T18:10:05.426971+08:00,2026-08-16T18:10:23.170438+08:00,2026-08-16T18:15:23.303308+08:00,317.876,63,7,11.403159,9.678122,12.232593,11.505778,17.964250,14.299580,7.534030,5.406840,6.967391,5.700262,8.570605,7.604601
2026-08-16,18-16-23,two_teams_slower1,2026-08-16T18:16:23.433449+08:00,2026-08-16T18:16:41.243445+08:00,2026-08-16T18:21:41.346302+08:00,317.913,105,11,11.817406,10.612612,11.902517,29.086306,12.346234,9.730895,7.591905,7.184569,4.789517,5.642078,8.219663,11.737599
2026-08-16,18-22-42,two_teams_slower1,2026-08-16T18:22:42.493230+08:00,2026-08-16T18:22:55.252039+08:00,2026-08-16T18:28:12.213009+08:00,329.720,92,51,10.627885,12.211998,11.804045,14.695538,14.086490,10.908439,4.646226,8.172751,13.367312,15.723338,8.424921,5.805378
2026-08-16,18-29-19,two_teams_slower1,2026-08-16T18:29:19.547745+08:00,2026-08-16T18:29:47.672416+08:00,2026-08-16T18:34:47.781337+08:00,328.234,81,0,10.082132,4.204024,4.759938,5.629300,7.387685,24.700708,4.241797,3.741251,2.924719,7.278389,6.260340,5.247544
2026-08-16,18-35-47,two_teams_slower1,2026-08-16T18:35:47.278069+08:00,2026-08-16T18:36:04.772151+08:00,2026-08-16T18:41:04.942993+08:00,317.665,44,29,9.070360,5.809537,5.090897,7.121686,8.408011,15.210800,5.071273,4.870035,4.718546,7.886848,12.360338,4.334644
2026-08-16,18-42-03,two_teams_slower1,2026-08-16T18:42:03.077764+08:00,2026-08-16T18:43:33.086604+08:00,2026-08-16T18:44:24.223437+08:00,141.146,0,0,0.170286,0.142479,0.140852,0.151727,0.155851,0.114046,0.149920,0.164345,0.164275,0.164547,0.194572,0.122962
2026-08-17,12-33-23,two_teams_slower1,2026-08-17T12:33:23.974226+08:00,2026-08-17T12:33:24.108411+08:00,2026-08-17T12:33:24.337316+08:00,0.363,0,0,0.000500,0.002951,0.001538,0.000554,0.002389,0.000290,0.000374,0.001060,0.000991,0.001732,0.001778,0.000925
2026-08-17,14-48-46,two_teams_slower1,2026-08-17T14:48:46.342829+08:00,2026-08-17T14:54:22.674956+08:00,2026-08-17T14:59:22.769888+08:00,636.427,32,8,6.505237,6.656412,5.630777,6.545921,9.029693,17.937453,27.528454,8.630202,13.957333,19.428830,26.534808,35.267968
2026-08-17,15-00-28,two_teams_slower1,2026-08-17T15:00:28.614813+08:00,2026-08-17T15:00:58.824781+08:00,2026-08-17T15:06:11.259032+08:00,342.644,92,39,6.059001,6.648236,4.031211,13.289790,15.700069,28.236588,22.890513,9.636031,12.600805,13.632782,14.956901,24.445582
2026-08-17,16-46-54,two_teams_longer_duration,2026-08-17T16:46:54.712594+08:00,2026-08-17T16:46:59.379308+08:00,2026-08-17T16:48:21.205125+08:00,86.493,0,0,0.000046,0.000077,0.000062,0.000094,0.000093,0.000062,0.000078,0.000092,0.000105,0.000161,0.000051,0.000073
2026-08-17,16-49-28,two_teams_slower1,2026-08-17T16:49:28.511772+08:00,2026-08-17T16:49:32.546935+08:00,2026-08-17T16:54:46.563898+08:00,318.052,93,146,3.359604,4.810770,3.981825,13.240741,9.221582,6.765070,5.588871,11.862513,17.340252,28.759322,6.856099,3.556436
